standardized_title,location,state_group,experience_level,remote_status,salary,predicted_salary,programming_languages
ML/AI Engineer,"Austin, TX",Other US,Entry,Hybrid,88000.0,82433.0,"Julia, C++, Python"
Other Tech Role,"Austin, TX",Other US,Entry,Hybrid,100000.0,81842.0,"SQL, Julia, Java, Python"
ML/AI Engineer,"Austin, TX",Other US,Entry,Hybrid,91000.0,82433.0,"Julia, R, Python"
ML/AI Engineer,"Austin, TX",Other US,Entry,Hybrid,106500.0,82433.0,"Go, Python"
ML/AI Engineer,"Austin, TX",Other US,Entry,Hybrid,90000.0,82433.0,"Python, SQL, Go"
Data Engineer,"Austin, TX",Other US,Entry,Hybrid,99500.0,80935.0,"SQL, C++, Python"
ML/AI Engineer,"Austin, TX",Other US,Entry,Hybrid,95000.0,82433.0,"SQL, Python"
Other Tech Role,"Austin, TX",Other US,Entry,Hybrid,94000.0,81842.0,Julia
Data Engineer,"Austin, TX",Other US,Entry,Hybrid,103000.0,80935.0,"C++, Python"
ML/AI Engineer,"Austin, TX",Other US,Entry,Hybrid,92500.0,82433.0,"C++, Python"
Other Tech Role,"Austin, TX",Other US,Entry,Hybrid,89000.0,81842.0,"Python, Julia"
ML/AI Engineer,"Austin, TX",Other US,Entry,Hybrid,94000.0,82433.0,"SQL, Scala, Python"
Data Engineer,"Austin, TX",Other US,Entry,Hybrid,105500.0,80935.0,"Go, C++, Python"
Other Tech Role,"Austin, TX",Other US,Entry,Hybrid,96500.0,81842.0,"SQL, Julia, Python"
Other Tech Role,"Austin, TX",Other US,Entry,On-site,104000.0,80502.0,"Bash, Go, Scala, Python"
ML/AI Engineer,"Austin, TX",Other US,Entry,On-site,96000.0,81118.0,"SQL, Scala, Python"
ML/AI Engineer,"Austin, TX",Other US,Entry,On-site,93500.0,81118.0,"C++, R, Python"
Other Tech Role,"Austin, TX",Other US,Entry,On-site,98000.0,80502.0,Julia
ML/AI Engineer,"Austin, TX",Other US,Entry,On-site,95000.0,81118.0,"Julia, Bash, Python"
ML/AI Engineer,"Austin, TX",Other US,Entry,Hybrid,101000.0,82433.0,"Bash, Go, SQL, Python"
Other Tech Role,"Austin, TX",Other US,Entry,On-site,90000.0,80502.0,"Julia, Java, SQL, Python"
Other Tech Role,"Austin, TX",Other US,Entry,Hybrid,98000.0,81842.0,"Scala, R, Bash, Python"
Data Engineer,"Austin, TX",Other US,Entry,Hybrid,90000.0,80935.0,"Julia, Python"
Other Tech Role,"Austin, TX",Other US,Entry,Hybrid,96000.0,81842.0,"Bash, Python"
Other Tech Role,"Austin, TX",Other US,Entry,Hybrid,92500.0,81842.0,"Bash, Python"
Other Tech Role,"Austin, TX",Other US,Entry,On-site,90000.0,80502.0,"Go, Python"
ML/AI Engineer,"Austin, TX",Other US,Entry,On-site,93000.0,81118.0,Python
Other Tech Role,"Austin, TX",Other US,Entry,Hybrid,96000.0,81842.0,"Go, Python"
ML/AI Engineer,"Austin, TX",Other US,Entry,Hybrid,101000.0,82433.0,"Julia, Bash, Scala, Python"
Other Tech Role,"Austin, TX",Other US,Entry,Hybrid,99500.0,81842.0,"Java, C++, Scala, Python"
ML/AI Engineer,"Austin, TX",Other US,Entry,On-site,98500.0,81118.0,"R, Python"
ML/AI Engineer,"Austin, TX",Other US,Entry,Hybrid,86500.0,82433.0,"R, Go, Scala, Python"
ML/AI Engineer,"Austin, TX",Other US,Entry,Hybrid,96500.0,82433.0,"R, Python"
Data Engineer,"Austin, TX",Other US,Entry,Hybrid,95000.0,80935.0,"SQL, Python"
ML/AI Engineer,"Austin, TX",Other US,Entry,Hybrid,93000.0,82433.0,"Java, Julia, Scala, Python"
Data Engineer,"Austin, TX",Other US,Entry,Hybrid,96000.0,80935.0,"C++, Bash, Go, Python"
ML/AI Engineer,"Austin, TX",Other US,Entry,On-site,97000.0,81118.0,"C++, Bash, R, Python"
ML/AI Engineer,"Austin, TX",Other US,Entry,Hybrid,89000.0,82433.0,"Scala, Java, SQL, Python"
Other Tech Role,"Austin, TX",Other US,Entry,On-site,86500.0,80502.0,"Python, SQL, Go"
ML/AI Engineer,"Austin, TX",Other US,Entry,Hybrid,86500.0,82433.0,"R, Scala, Julia, Python"
Other Tech Role,"Austin, TX",Other US,Entry,Hybrid,100000.0,81842.0,"Julia, Python"
Data Scientist,"Austin, TX",Other US,Entry,On-site,89500.0,77029.0,"Python, C++, SQL"
Other Tech Role,"Austin, TX",Other US,Entry,Hybrid,98500.0,81842.0,"Go, Bash, Python"
ML/AI Engineer,"Austin, TX",Other US,Entry,Hybrid,93500.0,82433.0,"Python, Java, Scala"
ML/AI Engineer,"Austin, TX",Other US,Entry,Hybrid,100500.0,82433.0,"Bash, Python, R"
Other Tech Role,"Austin, TX",Other US,Entry,On-site,92000.0,80502.0,"Bash, Python"
ML/AI Engineer,"Boston, MA",Other US,Entry,On-site,93000.0,81118.0,"SQL, Python"
ML/AI Engineer,"Boston, MA",Other US,Entry,Hybrid,99500.0,82433.0,"SQL, Java, R, Python"
Other Tech Role,"Boston, MA",Other US,Entry,Hybrid,99500.0,81842.0,"Julia, Bash, Go, Python"
ML/AI Engineer,"Boston, MA",Other US,Entry,Hybrid,91000.0,82433.0,"Julia, Python"
ML/AI Engineer,"Boston, MA",Other US,Entry,Hybrid,98000.0,82433.0,"C++, Java, Python"
ML/AI Engineer,"Boston, MA",Other US,Entry,Hybrid,101000.0,82433.0,"R, Python, Java"
Other Tech Role,"Boston, MA",Other US,Entry,Hybrid,102000.0,81842.0,"Scala, Python"
ML/AI Engineer,"Boston, MA",Other US,Entry,On-site,91500.0,81118.0,"C++, Go, Julia, Python"
ML/AI Engineer,"Boston, MA",Other US,Entry,On-site,93500.0,81118.0,"Go, Python"
ML/AI Engineer,"Boston, MA",Other US,Entry,On-site,90000.0,81118.0,"R, Python"
Data Engineer,"Boston, MA",Other US,Entry,On-site,97000.0,81342.0,"SQL, Python"
Other Tech Role,"Boston, MA",Other US,Entry,Hybrid,93500.0,81842.0,"Bash, Python"
Other Tech Role,"Boston, MA",Other US,Entry,Hybrid,95500.0,81842.0,"Julia, C++, Python"
ML/AI Engineer,"Boston, MA",Other US,Entry,On-site,102500.0,81118.0,"Scala, Python"
Other Tech Role,"Boston, MA",Other US,Entry,Hybrid,97500.0,81842.0,"Julia, C++, Python"
Other Tech Role,"Boston, MA",Other US,Entry,On-site,92000.0,80502.0,"C++, Bash, Julia, Python"
ML/AI Engineer,"Boston, MA",Other US,Entry,On-site,93000.0,81118.0,"C++, Python"
ML/AI Engineer,"Boston, MA",Other US,Entry,Hybrid,100000.0,82433.0,"C++, Python"
ML/AI Engineer,"Boston, MA",Other US,Entry,Hybrid,102000.0,82433.0,"SQL, Python, C++"
ML/AI Engineer,"Boston, MA",Other US,Entry,On-site,89500.0,81118.0,"R, Go"
Other Tech Role,"Boston, MA",Other US,Entry,Hybrid,100000.0,81842.0,"C++, Python"
Other Tech Role,"Boston, MA",Other US,Entry,On-site,103000.0,80502.0,"R, Python"
ML/AI Engineer,"Boston, MA",Other US,Entry,Hybrid,96000.0,82433.0,"C++, Java, Python"
ML/AI Engineer,"Boston, MA",Other US,Entry,Hybrid,93000.0,82433.0,"Go, Python"
Other Tech Role,"Boston, MA",Other US,Entry,Hybrid,102000.0,81842.0,Python
ML/AI Engineer,"Boston, MA",Other US,Entry,Hybrid,94000.0,82433.0,"R, Python"
ML/AI Engineer,"Boston, MA",Other US,Entry,Hybrid,101000.0,82433.0,"C++, Bash, Go, Python"
ML/AI Engineer,"Boston, MA",Other US,Entry,On-site,105000.0,81118.0,"Julia, Python"
Other Tech Role,"Boston, MA",Other US,Entry,Hybrid,103500.0,81842.0,"SQL, Julia, C++"
Other Tech Role,"Boston, MA",Other US,Entry,On-site,99500.0,80502.0,"Python, Java, C++"
Data Scientist,"Boston, MA",Other US,Entry,On-site,102000.0,77029.0,"Go, Scala, Python"
Other Tech Role,"Boston, MA",Other US,Entry,On-site,90000.0,80502.0,"Bash, SQL, Python"
ML/AI Engineer,"Boston, MA",Other US,Entry,Hybrid,103000.0,82433.0,"Bash, Java, Scala, Python"
Other Tech Role,"Boston, MA",Other US,Entry,On-site,88000.0,80502.0,"Julia, Java, Python"
ML/AI Engineer,"Boston, MA",Other US,Entry,On-site,101000.0,81118.0,"R, Python"
ML/AI Engineer,"Boston, MA",Other US,Entry,Hybrid,94500.0,82433.0,"Bash, SQL, Scala, Python"
Other Tech Role,"Boston, MA",Other US,Entry,On-site,92000.0,80502.0,"Scala, Julia, Python"
ML/AI Engineer,"Boston, MA",Other US,Entry,Hybrid,104000.0,82433.0,"SQL, Python"
Other Tech Role,"Boston, MA",Other US,Entry,Hybrid,108000.0,81842.0,"C++, Python"
ML/AI Engineer,"Boston, MA",Other US,Entry,On-site,97000.0,81118.0,"R, Go, Scala, Python"
Other Tech Role,"Boston, MA",Other US,Entry,Hybrid,88000.0,81842.0,"Bash, Java, Python"
Other Tech Role,"Boston, MA",Other US,Entry,Hybrid,100000.0,81842.0,"R, SQL, Python"
ML/AI Engineer,"Boston, MA",Other US,Entry,On-site,91500.0,81118.0,"Python, Java, C++"
ML/AI Engineer,"Boston, MA",Other US,Entry,Hybrid,88000.0,82433.0,"R, Java, Python"
Data Scientist,"Boston, MA",Other US,Entry,Hybrid,98000.0,75731.0,"R, C++, Python"
Other Tech Role,"Boston, MA",Other US,Entry,Hybrid,95000.0,81842.0,"C++, R, Python"
ML/AI Engineer,"Boston, MA",Other US,Entry,On-site,96500.0,81118.0,"R, Python, Bash"
ML/AI Engineer,"Boston, MA",Other US,Entry,Hybrid,87500.0,82433.0,"Scala, R, Python"
Other Tech Role,"Boston, MA",Other US,Entry,Hybrid,95500.0,81842.0,"Bash, SQL, Python"
Other Tech Role,"Boston, MA",Other US,Entry,On-site,99000.0,80502.0,"Python, R"
Other Tech Role,"Boston, MA",Other US,Entry,On-site,95000.0,80502.0,"Scala, Python"
Other Tech Role,"Boston, MA",Other US,Entry,On-site,93500.0,80502.0,"C++, Go, Python"
Other Tech Role,"Boston, MA",Other US,Entry,Hybrid,99500.0,81842.0,"Java, Python"
ML/AI Engineer,"Boston, MA",Other US,Entry,Hybrid,97500.0,82433.0,"C++, Python"
ML/AI Engineer,"Boston, MA",Other US,Entry,Hybrid,96500.0,82433.0,"C++, Go, Python"
Other Tech Role,"Boston, MA",Other US,Entry,Hybrid,91000.0,81842.0,"SQL, Python"
ML/AI Engineer,"Boston, MA",Other US,Entry,Hybrid,89000.0,82433.0,"Bash, Scala, Python"
ML/AI Engineer,"Boston, MA",Other US,Entry,On-site,98000.0,81118.0,"Java, Python"
ML/AI Engineer,"Boston, MA",Other US,Entry,Hybrid,95500.0,82433.0,Python
Other Tech Role,Brisbane,Other US,Entry,On-site,72500.0,80502.0,"SQL, Python"
Other Tech Role,Brisbane,Other US,Entry,Hybrid,80000.0,81842.0,"C++, R, Python"
Other Tech Role,Brisbane,Other US,Entry,On-site,73000.0,80502.0,"SQL, C++, Scala, Python"
ML/AI Engineer,Brisbane,Other US,Entry,Hybrid,66000.0,82433.0,"R, Python"
ML/AI Engineer,Brisbane,Other US,Entry,On-site,71000.0,81118.0,"Julia, Java, SQL, Python"
Other Tech Role,Brisbane,Other US,Entry,Hybrid,76500.0,81842.0,"Java, R, Bash, Python"
Data Engineer,Brisbane,Other US,Entry,Hybrid,70000.0,80935.0,"Java, Python"
Other Tech Role,Brisbane,Other US,Entry,Hybrid,65000.0,81842.0,"SQL, Python"
ML/AI Engineer,Brisbane,Other US,Entry,On-site,67000.0,81118.0,"Java, Python"
Other Tech Role,Brisbane,Other US,Entry,Hybrid,66500.0,81842.0,"Go, Scala, Python"
Other Tech Role,Brisbane,Other US,Entry,On-site,81000.0,80502.0,"SQL, Python, Go"
ML/AI Engineer,Brisbane,Other US,Entry,Hybrid,75000.0,82433.0,"Go, Scala, R, Python"
ML/AI Engineer,Brisbane,Other US,Entry,Hybrid,77000.0,82433.0,"Go, C++, Python"
ML/AI Engineer,Brisbane,Other US,Entry,Hybrid,78000.0,82433.0,"Bash, Java, C++, Python"
ML/AI Engineer,Brisbane,Other US,Entry,Hybrid,68500.0,82433.0,"Python, Julia, Java"
Other Tech Role,Brisbane,Other US,Entry,Hybrid,67500.0,81842.0,"Scala, Python"
ML/AI Engineer,Brisbane,Other US,Entry,On-site,73000.0,81118.0,"Python, SQL, Julia"
Other Tech Role,Brisbane,Other US,Entry,On-site,73500.0,80502.0,"C++, Bash, Python"
Other Tech Role,Brisbane,Other US,Entry,Hybrid,69000.0,81842.0,"Java, Python"
Other Tech Role,Brisbane,Other US,Entry,Hybrid,73000.0,81842.0,"Scala, Java, Python"
Other Tech Role,Brisbane,Other US,Entry,Hybrid,72000.0,81842.0,"Go, Java, Python"
Other Tech Role,Brisbane,Other US,Entry,Hybrid,71000.0,81842.0,"R, SQL, Python"
Other Tech Role,Brisbane,Other US,Entry,Hybrid,76500.0,81842.0,"R, Bash, Python"
ML/AI Engineer,Brisbane,Other US,Entry,On-site,72500.0,81118.0,"C++, Python"
Other Tech Role,Brisbane,Other US,Entry,Hybrid,75500.0,81842.0,"Julia, Python"
Data Engineer,Brisbane,Other US,Entry,On-site,69000.0,81342.0,"Scala, Python, Go"
Other Tech Role,Brisbane,Other US,Entry,Hybrid,75500.0,81842.0,"Java, Julia, Python"
ML/AI Engineer,Brisbane,Other US,Entry,On-site,74000.0,81118.0,"Python, C++"
ML/AI Engineer,Brisbane,Other US,Entry,On-site,75000.0,81118.0,"Go, SQL, Python"
ML/AI Engineer,Brisbane,Other US,Entry,Hybrid,73000.0,82433.0,"Java, Python"
ML/AI Engineer,Brisbane,Other US,Entry,Hybrid,73500.0,82433.0,"SQL, Python"
Other Tech Role,Brisbane,Other US,Entry,Hybrid,75500.0,81842.0,"Scala, C++, SQL, Python"
Data Engineer,Brisbane,Other US,Entry,On-site,79000.0,81342.0,"Scala, Julia, Python"
Other Tech Role,Brisbane,Other US,Entry,On-site,74500.0,80502.0,"Scala, Python"
ML/AI Engineer,Brisbane,Other US,Entry,Hybrid,71000.0,82433.0,"Python, Scala"
ML/AI Engineer,Brisbane,Other US,Entry,Hybrid,72000.0,82433.0,"R, C++, Python"
Other Tech Role,Brisbane,Other US,Entry,On-site,67500.0,80502.0,"SQL, Scala, Python"
ML/AI Engineer,Brisbane,Other US,Entry,On-site,66000.0,81118.0,"Bash, SQL, C++, Python"
Other Tech Role,Brisbane,Other US,Entry,Hybrid,74500.0,81842.0,"C++, Python"
ML/AI Engineer,Brisbane,Other US,Entry,Hybrid,64500.0,82433.0,"Bash, Julia, Python"
ML/AI Engineer,Brisbane,Other US,Entry,Hybrid,70000.0,82433.0,Python
Other Tech Role,Brisbane,Other US,Entry,Hybrid,76000.0,81842.0,"Julia, R, Java"
ML/AI Engineer,Brisbane,Other US,Entry,On-site,71500.0,81118.0,"R, C++, Python"
ML/AI Engineer,Brisbane,Other US,Entry,Hybrid,81000.0,82433.0,"Go, Java, Python"
ML/AI Engineer,Brisbane,Other US,Entry,Hybrid,73000.0,82433.0,"R, Scala, Bash, Python"
Other Tech Role,Brisbane,Other US,Entry,On-site,72000.0,80502.0,"Go, Python, C++"
ML/AI Engineer,Brisbane,Other US,Entry,Hybrid,71000.0,82433.0,"Bash, Python"
Other Tech Role,Brisbane,Other US,Entry,Hybrid,75000.0,81842.0,"Java, Julia, Python"
Other Tech Role,Brisbane,Other US,Entry,Hybrid,79000.0,81842.0,"Bash, C++, Julia, Python"
ML/AI Engineer,Brisbane,Other US,Entry,Hybrid,69500.0,82433.0,"R, Scala, C++, Python"
ML/AI Engineer,Brisbane,Other US,Entry,Hybrid,70000.0,82433.0,"Scala, Bash, Python"
ML/AI Engineer,Brisbane,Other US,Entry,Hybrid,80000.0,82433.0,"SQL, Python"
Other Tech Role,Brisbane,Other US,Entry,On-site,73000.0,80502.0,"Bash, Julia, Python"
ML/AI Engineer,Brisbane,Other US,Entry,Hybrid,69000.0,82433.0,"Bash, Python"
ML/AI Engineer,Brisbane,Other US,Entry,Hybrid,74000.0,82433.0,"Python, Scala, C++"
Other Tech Role,Brisbane,Other US,Entry,On-site,67500.0,80502.0,"C++, Python"
ML/AI Engineer,Brisbane,Other US,Entry,Hybrid,73500.0,82433.0,"Go, Bash, Python"
Data Scientist,Brisbane,Other US,Entry,Hybrid,74500.0,75731.0,"Bash, Python"
Other Tech Role,Brisbane,Other US,Entry,Hybrid,63500.0,81842.0,"Julia, SQL, Scala, Python"
ML/AI Engineer,Brisbane,Other US,Entry,On-site,75500.0,81118.0,"Go, Julia, Python"
ML/AI Engineer,Brisbane,Other US,Entry,Hybrid,76000.0,82433.0,"Python, Java"
ML/AI Engineer,Brisbane,Other US,Entry,Hybrid,73500.0,82433.0,"C++, Python"
Data Scientist,Brisbane,Other US,Entry,On-site,65000.0,77029.0,"Scala, Python"
Data Scientist,Brisbane,Other US,Entry,Hybrid,71500.0,75731.0,"Go, Python"
Other Tech Role,Brisbane,Other US,Entry,Hybrid,71500.0,81842.0,"Java, Python"
ML/AI Engineer,Brisbane,Other US,Entry,Hybrid,76000.0,82433.0,"Python, SQL, Scala"
Data Engineer,Brisbane,Other US,Entry,On-site,76500.0,81342.0,"SQL, Bash, Julia, Python"
ML/AI Engineer,Brisbane,Other US,Entry,Hybrid,65500.0,82433.0,"R, Python"
ML/AI Engineer,Brisbane,Other US,Entry,Hybrid,65000.0,82433.0,"C++, Python"
ML/AI Engineer,Brisbane,Other US,Entry,Hybrid,74000.0,82433.0,"SQL, Python"
ML/AI Engineer,Brisbane,Other US,Entry,On-site,69500.0,81118.0,"SQL, R, Python"
ML/AI Engineer,Brisbane,Other US,Entry,Hybrid,73500.0,82433.0,"SQL, Python"
Other Tech Role,Brisbane,Other US,Entry,Hybrid,77500.0,81842.0,"Go, Python"
ML/AI Engineer,Brisbane,Other US,Entry,Hybrid,77500.0,82433.0,"Go, Java, Python"
ML/AI Engineer,Brisbane,Other US,Entry,On-site,67000.0,81118.0,"Java, Go, Scala, Python"
ML/AI Engineer,Brisbane,Other US,Entry,Hybrid,68000.0,82433.0,Python
ML/AI Engineer,Brisbane,Other US,Entry,Hybrid,72000.0,82433.0,"Go, R, Scala, Python"
Other Tech Role,Brisbane,Other US,Entry,Hybrid,76000.0,81842.0,"Scala, Julia, Python"
Other Tech Role,Brisbane,Other US,Entry,Hybrid,80000.0,81842.0,"C++, Python"
Data Scientist,Brisbane,Other US,Entry,Hybrid,69000.0,75731.0,"Java, Go, Bash, Python"
Data Scientist,Brisbane,Other US,Entry,Hybrid,71500.0,75731.0,"SQL, Julia, Python"
Data Scientist,Brisbane,Other US,Entry,Hybrid,77500.0,75731.0,"Go, Python"
Other Tech Role,Brisbane,Other US,Entry,Hybrid,69500.0,81842.0,"Julia, Python, Go"
ML/AI Engineer,Brisbane,Other US,Entry,Hybrid,79000.0,82433.0,"R, Python"
Data Scientist,Brisbane,Other US,Entry,On-site,66000.0,77029.0,"Java, C++, Python"
Data Scientist,Brisbane,Other US,Entry,On-site,73500.0,77029.0,Python
Other Tech Role,Brisbane,Other US,Entry,Hybrid,65500.0,81842.0,"Python, C++"
Other Tech Role,Brisbane,Other US,Entry,Hybrid,72500.0,81842.0,"Java, Go, Julia, Python"
ML/AI Engineer,Brisbane,Other US,Entry,Hybrid,82500.0,82433.0,"Scala, Python"
Other Tech Role,Brisbane,Other US,Entry,On-site,71000.0,80502.0,"Python, SQL, Java"
ML/AI Engineer,Brisbane,Other US,Entry,On-site,72500.0,81118.0,"Scala, Python"
ML/AI Engineer,Brisbane,Other US,Entry,On-site,76500.0,81118.0,Python
Other Tech Role,Brisbane,Other US,Entry,Hybrid,68500.0,81842.0,"Python, R"
Other Tech Role,Brisbane,Other US,Entry,On-site,67000.0,80502.0,"Java, SQL, Python"
Other Tech Role,Brisbane,Other US,Entry,On-site,69000.0,80502.0,"Scala, R, Python"
ML/AI Engineer,Brisbane,Other US,Entry,Hybrid,69000.0,82433.0,"Go, C++, Python"
Other Tech Role,Brisbane,Other US,Entry,On-site,73500.0,80502.0,"SQL, Python"
ML/AI Engineer,Brisbane,Other US,Entry,Hybrid,74500.0,82433.0,"R, Python, C++"
Other Tech Role,Brisbane,Other US,Entry,On-site,75500.0,80502.0,"Java, Python"
Data Engineer,Brisbane,Other US,Entry,On-site,73000.0,81342.0,"Bash, C++, Scala, Python"
ML/AI Engineer,Brisbane,Other US,Entry,On-site,81000.0,81118.0,"Scala, Python"
ML/AI Engineer,Brisbane,Other US,Entry,On-site,73000.0,81118.0,"Bash, SQL, Go, Python"
Other Tech Role,Brisbane,Other US,Entry,Hybrid,68000.0,81842.0,"Scala, Go"
Other Tech Role,Brisbane,Other US,Entry,On-site,78000.0,80502.0,"SQL, Java, Python"
Other Tech Role,Brisbane,Other US,Entry,On-site,82000.0,80502.0,"Julia, Scala, Python"
ML/AI Engineer,Brisbane,Other US,Entry,Hybrid,77500.0,82433.0,"R, Scala, Python"
ML/AI Engineer,Brisbane,Other US,Entry,Hybrid,66500.0,82433.0,"SQL, Python"
ML/AI Engineer,Brisbane,Other US,Entry,Hybrid,81000.0,82433.0,"Scala, Go, R, Python"
ML/AI Engineer,Brisbane,Other US,Entry,On-site,81500.0,81118.0,"R, Python"
Other Tech Role,Brisbane,Other US,Entry,Hybrid,79000.0,81842.0,"Go, Scala, Python"
Other Tech Role,Brisbane,Other US,Entry,On-site,73500.0,80502.0,"Scala, Python"
Other Tech Role,Brisbane,Other US,Entry,On-site,74000.0,80502.0,"SQL, Scala, Julia, Python"
ML/AI Engineer,Brisbane,Other US,Entry,On-site,74500.0,81118.0,Python
ML/AI Engineer,Brisbane,Other US,Entry,Hybrid,75000.0,82433.0,"Python, Java, Bash"
Other Tech Role,Brisbane,Other US,Entry,Hybrid,69000.0,81842.0,"Python, C++"
Data Engineer,Brisbane,Other US,Entry,Hybrid,77000.0,80935.0,"R, Python"
ML/AI Engineer,Brisbane,Other US,Entry,Hybrid,65000.0,82433.0,"SQL, Java, Go, Python"
ML/AI Engineer,Brisbane,Other US,Entry,Hybrid,73000.0,82433.0,"C++, SQL, Python"
Other Tech Role,Brisbane,Other US,Entry,On-site,72500.0,80502.0,"Java, Go, Python"
ML/AI Engineer,Brisbane,Other US,Entry,On-site,75500.0,81118.0,"SQL, R, Python"
Data Engineer,Brisbane,Other US,Entry,Hybrid,71000.0,80935.0,"Bash, Python"
ML/AI Engineer,Brisbane,Other US,Entry,Hybrid,73500.0,82433.0,"C++, Python"
ML/AI Engineer,Brisbane,Other US,Entry,On-site,68000.0,81118.0,"Bash, Python"
ML/AI Engineer,Brisbane,Other US,Entry,On-site,77000.0,81118.0,"Scala, Bash, Python"
Other Tech Role,Brisbane,Other US,Entry,Hybrid,77000.0,81842.0,"C++, Python, Julia"
ML/AI Engineer,Brisbane,Other US,Entry,On-site,74500.0,81118.0,Python
ML/AI Engineer,Brisbane,Other US,Entry,Hybrid,78000.0,82433.0,"Java, Python"
ML/AI Engineer,Brisbane,Other US,Entry,On-site,77500.0,81118.0,Python
Other Tech Role,Brisbane,Other US,Entry,Hybrid,78000.0,81842.0,"Python, SQL, Julia"
Other Tech Role,Brisbane,Other US,Entry,Hybrid,74000.0,81842.0,"Java, R, Python"
Other Tech Role,Brisbane,Other US,Entry,Hybrid,73500.0,81842.0,"R, SQL, Bash, Python"
Data Scientist,Brisbane,Other US,Entry,Hybrid,75500.0,75731.0,"R, Python"
ML/AI Engineer,Brisbane,Other US,Entry,Hybrid,77000.0,82433.0,SQL
Data Engineer,Brisbane,Other US,Entry,On-site,81000.0,81342.0,"Scala, SQL, Go, Python"
ML/AI Engineer,Brisbane,Other US,Entry,On-site,74000.0,81118.0,"Java, Python"
ML/AI Engineer,Brisbane,Other US,Entry,Hybrid,74500.0,82433.0,"R, C++, Python"
ML/AI Engineer,Brisbane,Other US,Entry,Hybrid,68000.0,82433.0,"Java, Python, Julia"
ML/AI Engineer,Brisbane,Other US,Entry,Hybrid,72000.0,82433.0,"Java, Go, Python"
ML/AI Engineer,Brisbane,Other US,Entry,Hybrid,76500.0,82433.0,"Bash, Go, Scala, Python"
ML/AI Engineer,Brisbane,Other US,Entry,Hybrid,68000.0,82433.0,"SQL, Julia, Python"
ML/AI Engineer,Brisbane,Other US,Entry,Hybrid,77500.0,82433.0,Julia
Other Tech Role,Brisbane,Other US,Entry,Hybrid,71000.0,81842.0,"Python, R"
ML/AI Engineer,Brisbane,Other US,Entry,On-site,76000.0,81118.0,"R, Python"
ML/AI Engineer,Brisbane,Other US,Entry,Hybrid,69000.0,82433.0,"SQL, R, Scala, Python"
ML/AI Engineer,Brisbane,Other US,Entry,Hybrid,76000.0,82433.0,"C++, Python"
ML/AI Engineer,Brisbane,Other US,Entry,On-site,72500.0,81118.0,"Python, SQL, Scala"
ML/AI Engineer,Brisbane,Other US,Entry,Hybrid,73000.0,82433.0,"Bash, Python"
ML/AI Engineer,Brisbane,Other US,Entry,On-site,80000.0,81118.0,"Bash, Python"
ML/AI Engineer,Brisbane,Other US,Entry,Hybrid,68000.0,82433.0,"SQL, Python"
Other Tech Role,Brisbane,Other US,Entry,On-site,74500.0,80502.0,"SQL, Python"
Other Tech Role,Brisbane,Other US,Entry,On-site,75000.0,80502.0,"Go, Python"
ML/AI Engineer,Brisbane,Other US,Entry,Hybrid,70500.0,82433.0,"Bash, Java, Scala, Python"
Other Tech Role,Cambridge,California,Entry,On-site,55000.0,81429.0,"Java, Python"
Data Engineer,Cambridge,California,Entry,Hybrid,56500.0,71194.0,"C++, Java, Scala, Python"
ML/AI Engineer,Cambridge,California,Entry,On-site,55000.0,84730.0,"Java, Python"
ML/AI Engineer,Cambridge,California,Entry,Hybrid,53000.0,80584.0,"C++, Python"
Data Scientist,Cambridge,California,Entry,Hybrid,53500.0,70442.0,"Scala, R, Python"
ML/AI Engineer,Cambridge,California,Entry,On-site,54500.0,84730.0,"Bash, Python"
ML/AI Engineer,Cambridge,California,Entry,Hybrid,59000.0,80584.0,"C++, Python"
Other Tech Role,Cambridge,California,Entry,Hybrid,57500.0,78584.0,"Julia, R, Python"
ML/AI Engineer,Cambridge,California,Entry,On-site,53000.0,84730.0,"Scala, Julia, Python"
Other Tech Role,Cambridge,California,Entry,Hybrid,53500.0,78584.0,Python
Other Tech Role,Cambridge,California,Entry,On-site,54500.0,81429.0,"SQL, Go, Python"
Other Tech Role,Cambridge,California,Entry,Hybrid,52500.0,78584.0,"Go, Python"
Other Tech Role,Cambridge,California,Entry,Hybrid,56500.0,78584.0,"Python, Go, SQL"
Other Tech Role,Cambridge,California,Entry,On-site,57500.0,81429.0,"C++, Python"
Data Scientist,Cambridge,California,Entry,On-site,56500.0,75123.0,"R, Julia, Go, Python"
Data Scientist,Cambridge,California,Entry,Hybrid,57000.0,70442.0,"Go, Bash, Java, Python"
Other Tech Role,Cambridge,California,Entry,Hybrid,50000.0,78584.0,"Go, Python"
Other Tech Role,Cambridge,California,Entry,On-site,54000.0,81429.0,"C++, Bash, Python"
Data Engineer,Cambridge,California,Entry,Hybrid,53000.0,71194.0,"Go, R, Scala, Python"
ML/AI Engineer,Cambridge,California,Entry,Hybrid,52000.0,80584.0,Python
Other Tech Role,Cambridge,California,Entry,Hybrid,54000.0,78584.0,"SQL, Python"
Other Tech Role,Cambridge,California,Entry,On-site,52500.0,81429.0,"Bash, Python"
Other Tech Role,Cambridge,California,Entry,Hybrid,51500.0,78584.0,"Go, Scala, Python"
Other Tech Role,Cambridge,California,Entry,On-site,51500.0,81429.0,"Bash, Java, Python"
ML/AI Engineer,Cambridge,California,Entry,On-site,52500.0,84730.0,"Julia, Python"
Other Tech Role,Cambridge,California,Entry,Hybrid,56000.0,78584.0,"Java, Scala, Bash, Python"
ML/AI Engineer,Cambridge,California,Entry,Hybrid,50500.0,80584.0,"Julia, Python"
Other Tech Role,Cambridge,California,Entry,Hybrid,53000.0,78584.0,"C++, Python"
Other Tech Role,Cambridge,California,Entry,Hybrid,53500.0,78584.0,"C++, Go, Java, Python"
Other Tech Role,Cambridge,California,Entry,On-site,50000.0,81429.0,"Java, Python"
Other Tech Role,Cambridge,California,Entry,Hybrid,56500.0,78584.0,R
ML/AI Engineer,Cambridge,California,Entry,On-site,54000.0,84730.0,"SQL, Scala, Python"
Other Tech Role,Cambridge,California,Entry,On-site,57000.0,81429.0,Python
ML/AI Engineer,Cambridge,California,Entry,On-site,52000.0,84730.0,"Bash, Python"
ML/AI Engineer,Cambridge,California,Entry,On-site,58500.0,84730.0,"R, Go, Python"
Data Engineer,Cambridge,California,Entry,Hybrid,60500.0,71194.0,"R, Python"
Other Tech Role,Cambridge,California,Entry,On-site,51000.0,81429.0,"Go, C++, Python"
ML/AI Engineer,Cambridge,California,Entry,Hybrid,48000.0,80584.0,"Julia, SQL, R, Python"
Other Tech Role,Cambridge,California,Entry,Hybrid,54000.0,78584.0,"Scala, Python"
Data Scientist,Cambridge,California,Entry,On-site,49500.0,75123.0,"Go, Python"
ML/AI Engineer,Cambridge,California,Entry,Hybrid,53000.0,80584.0,"Go, Python"
Other Tech Role,Cambridge,California,Entry,On-site,47500.0,81429.0,"R, Julia, Scala, Python"
ML/AI Engineer,Cambridge,California,Entry,Hybrid,57500.0,80584.0,"SQL, Java, Bash, Python"
Other Tech Role,Cambridge,California,Entry,Hybrid,54000.0,78584.0,"Go, SQL, C++"
ML/AI Engineer,Cambridge,California,Entry,Hybrid,54500.0,80584.0,"C++, Julia, Python"
ML/AI Engineer,Cambridge,California,Entry,Hybrid,56500.0,80584.0,"C++, R, Python"
ML/AI Engineer,Cambridge,California,Entry,Hybrid,56000.0,80584.0,"SQL, Python"
ML/AI Engineer,Cambridge,California,Entry,Hybrid,55000.0,80584.0,"R, Python, C++"
Other Tech Role,Cambridge,California,Entry,Hybrid,56000.0,78584.0,"Go, R, Java, Python"
ML/AI Engineer,Cambridge,California,Entry,On-site,51000.0,84730.0,"Java, Julia, Python"
Data Scientist,Cambridge,California,Entry,Hybrid,49000.0,70442.0,"SQL, R, Python"
ML/AI Engineer,Cambridge,California,Entry,Hybrid,60000.0,80584.0,"Java, R, Bash, Python"
Other Tech Role,Cambridge,California,Entry,Hybrid,50000.0,78584.0,"Go, Python, C++"
Other Tech Role,Cambridge,California,Entry,On-site,51000.0,81429.0,"Bash, Python"
ML/AI Engineer,Cambridge,California,Entry,Hybrid,56000.0,80584.0,"Go, Bash, Python"
ML/AI Engineer,Cambridge,California,Entry,Hybrid,61000.0,80584.0,"Java, Bash, SQL, Python"
Other Tech Role,Cambridge,California,Entry,Hybrid,55000.0,78584.0,"Bash, Julia, C++, Python"
Other Tech Role,Cambridge,California,Entry,Hybrid,50500.0,78584.0,"Julia, Go, Python"
ML/AI Engineer,Cambridge,California,Entry,On-site,60500.0,84730.0,"R, Julia, C++, Python"
ML/AI Engineer,Cambridge,California,Entry,Hybrid,48500.0,80584.0,Python
Data Engineer,Cambridge,California,Entry,Hybrid,52500.0,71194.0,"C++, Python"
Other Tech Role,Cambridge,California,Entry,On-site,50000.0,81429.0,"Go, Python"
Other Tech Role,Cambridge,California,Entry,Hybrid,53000.0,78584.0,"Go, Julia, Python"
Other Tech Role,Cambridge,California,Entry,Hybrid,58500.0,78584.0,"Bash, Scala, Python"
ML/AI Engineer,Cambridge,California,Entry,Hybrid,59000.0,80584.0,"SQL, Python"
Data Engineer,Cambridge,California,Entry,Hybrid,55000.0,71194.0,"Scala, Go, R, Python"
Data Scientist,Cambridge,California,Entry,Hybrid,53000.0,70442.0,"Java, SQL, Bash, Python"
ML/AI Engineer,Cambridge,California,Entry,Hybrid,56500.0,80584.0,"SQL, Python"
Other Tech Role,Cambridge,California,Entry,Hybrid,54000.0,78584.0,"Scala, Python"
Other Tech Role,Cambridge,California,Entry,Hybrid,57000.0,78584.0,"C++, Python"
Other Tech Role,Cambridge,California,Entry,On-site,53500.0,81429.0,"SQL, Python"
Other Tech Role,Cambridge,California,Entry,Hybrid,58000.0,78584.0,"Scala, Bash, Python"
Data Engineer,Cambridge,California,Entry,Hybrid,55500.0,71194.0,R
Data Scientist,Cambridge,California,Entry,Hybrid,49500.0,70442.0,"Go, C++, Scala, Python"
ML/AI Engineer,Cambridge,California,Entry,On-site,55500.0,84730.0,"Java, Bash, Python"
ML/AI Engineer,Cambridge,California,Entry,Hybrid,58000.0,80584.0,"C++, Python"
ML/AI Engineer,Cambridge,California,Entry,Hybrid,57000.0,80584.0,"Python, R, Scala"
Other Tech Role,Cambridge,California,Entry,Hybrid,55000.0,78584.0,"Python, Java, Go"
Other Tech Role,Cambridge,California,Entry,Hybrid,57000.0,78584.0,"C++, Scala, SQL, Python"
ML/AI Engineer,Cambridge,California,Entry,On-site,56000.0,84730.0,"Python, Go"
Other Tech Role,Cambridge,California,Entry,Hybrid,58000.0,78584.0,"SQL, Python"
ML/AI Engineer,Cambridge,California,Entry,Hybrid,54500.0,80584.0,"SQL, C++, Python"
Other Tech Role,Cambridge,California,Entry,Hybrid,48500.0,78584.0,"Python, Go, Bash"
ML/AI Engineer,Cambridge,California,Entry,Hybrid,53000.0,80584.0,"Scala, Python"
ML/AI Engineer,Cambridge,California,Entry,On-site,58500.0,84730.0,"SQL, Julia, Python"
ML/AI Engineer,Cambridge,California,Entry,Hybrid,55000.0,80584.0,Python
ML/AI Engineer,Cambridge,California,Entry,Hybrid,53000.0,80584.0,"Julia, Scala, C++, Python"
Other Tech Role,Cambridge,California,Entry,On-site,57000.0,81429.0,"Go, Python"
Other Tech Role,Cambridge,California,Entry,On-site,58000.0,81429.0,"Bash, C++, Scala, Python"
Other Tech Role,Cambridge,California,Entry,Hybrid,48000.0,78584.0,"C++, Java, Bash, Python"
Other Tech Role,Cambridge,California,Entry,On-site,49500.0,81429.0,"Bash, Python"
Other Tech Role,Cambridge,California,Entry,Hybrid,53500.0,78584.0,"Java, Bash, Go, Python"
ML/AI Engineer,Cambridge,California,Entry,Hybrid,51500.0,80584.0,"SQL, Bash, Python"
Other Tech Role,Cambridge,California,Entry,Hybrid,53500.0,78584.0,"C++, Python, Go"
Data Engineer,Cambridge,California,Entry,Hybrid,57000.0,71194.0,"Scala, Python"
Other Tech Role,Cambridge,California,Entry,On-site,53500.0,81429.0,"C++, Python"
ML/AI Engineer,Cambridge,California,Entry,Hybrid,59000.0,80584.0,"C++, Python"
Other Tech Role,Cambridge,California,Entry,Hybrid,56000.0,78584.0,"SQL, Scala, Python"
Other Tech Role,Cambridge,California,Entry,On-site,49500.0,81429.0,Python
ML/AI Engineer,Cambridge,California,Entry,On-site,56500.0,84730.0,"Java, SQL, Go, Python"
ML/AI Engineer,Cambridge,California,Entry,Hybrid,53500.0,80584.0,"Go, Scala, Python"
ML/AI Engineer,Cambridge,California,Entry,On-site,55000.0,84730.0,"Python, Scala, Java"
ML/AI Engineer,Cambridge,California,Entry,Hybrid,54000.0,80584.0,"Bash, C++, Python"
Other Tech Role,Cambridge,California,Entry,Hybrid,55000.0,78584.0,"Go, SQL, Python"
Other Tech Role,Cambridge,California,Entry,Hybrid,58000.0,78584.0,"Go, R, Bash, Python"
ML/AI Engineer,Cambridge,California,Entry,On-site,54000.0,84730.0,"Go, Scala, Python"
ML/AI Engineer,Cambridge,California,Entry,On-site,53000.0,84730.0,"Go, C++, Python"
Other Tech Role,Cambridge,California,Entry,Hybrid,49000.0,78584.0,"R, Python"
Other Tech Role,Cambridge,California,Entry,On-site,60500.0,81429.0,"C++, Java, Scala, Python"
ML/AI Engineer,Cambridge,California,Entry,Hybrid,51500.0,80584.0,"Go, Python"
Other Tech Role,Cambridge,California,Entry,On-site,54500.0,81429.0,"R, Python"
Data Scientist,Cambridge,California,Entry,Hybrid,55500.0,70442.0,"C++, Python"
Other Tech Role,Cambridge,California,Entry,On-site,51500.0,81429.0,"R, Python"
ML/AI Engineer,Cambridge,California,Entry,Hybrid,55000.0,80584.0,"Go, Python"
Other Tech Role,Cambridge,California,Entry,Hybrid,53500.0,78584.0,"R, Python"
Other Tech Role,Cambridge,California,Entry,On-site,53000.0,81429.0,"Scala, R, Python"
Other Tech Role,Cambridge,California,Entry,Hybrid,58500.0,78584.0,"R, Java, C++, Python"
Other Tech Role,Cambridge,California,Entry,On-site,51500.0,81429.0,"Scala, Go, Python"
ML/AI Engineer,"Chicago, IL",California,Entry,On-site,93000.0,84730.0,"C++, Go, Python"
ML/AI Engineer,"Chicago, IL",California,Entry,Hybrid,92500.0,80584.0,"SQL, Bash, Scala, Python"
Other Tech Role,"Chicago, IL",California,Entry,On-site,100500.0,81429.0,"Python, R, Bash"
Other Tech Role,"Chicago, IL",California,Entry,On-site,94500.0,81429.0,"Bash, SQL, Python"
ML/AI Engineer,"Chicago, IL",California,Entry,Hybrid,90000.0,80584.0,"C++, Python, Scala"
Other Tech Role,"Chicago, IL",California,Entry,On-site,100000.0,81429.0,"SQL, Python"
ML/AI Engineer,"Chicago, IL",California,Entry,Hybrid,91500.0,80584.0,"C++, Julia, Python"
ML/AI Engineer,"Chicago, IL",California,Entry,Hybrid,95500.0,80584.0,"Julia, C++, Python"
Data Engineer,"Chicago, IL",California,Entry,Hybrid,97500.0,71194.0,"R, Python"
Other Tech Role,"Chicago, IL",California,Entry,Hybrid,93000.0,78584.0,"SQL, R, Python"
Other Tech Role,"Chicago, IL",California,Entry,Hybrid,95500.0,78584.0,"Go, R, Python"
ML/AI Engineer,"Chicago, IL",California,Entry,Hybrid,96500.0,80584.0,"C++, Python"
Other Tech Role,"Chicago, IL",California,Entry,On-site,99000.0,81429.0,"C++, Bash, Python"
Other Tech Role,"Chicago, IL",California,Entry,On-site,101000.0,81429.0,"Julia, Python"
ML/AI Engineer,"Chicago, IL",California,Entry,On-site,94000.0,84730.0,"SQL, Python"
ML/AI Engineer,"Chicago, IL",California,Entry,On-site,96500.0,84730.0,Java
Other Tech Role,"Chicago, IL",California,Entry,Hybrid,93500.0,78584.0,"Go, Python"
ML/AI Engineer,"Chicago, IL",California,Entry,On-site,91500.0,84730.0,"Scala, Python"
ML/AI Engineer,"Chicago, IL",California,Entry,Hybrid,103000.0,80584.0,"R, Java, C++, Python"
ML/AI Engineer,"Chicago, IL",California,Entry,Hybrid,101000.0,80584.0,"C++, Python"
ML/AI Engineer,"Chicago, IL",California,Entry,Hybrid,101000.0,80584.0,"Bash, Go, Python"
Other Tech Role,"Chicago, IL",California,Entry,Hybrid,85000.0,78584.0,"C++, Bash, SQL, Python"
Other Tech Role,"Chicago, IL",California,Entry,On-site,89000.0,81429.0,"C++, Julia, Python"
Other Tech Role,"Chicago, IL",California,Entry,On-site,98500.0,81429.0,"Python, Julia, R"
ML/AI Engineer,"Chicago, IL",California,Entry,Hybrid,99000.0,80584.0,"Bash, Scala, Python"
Other Tech Role,"Chicago, IL",California,Entry,On-site,96500.0,81429.0,"Python, Scala"
ML/AI Engineer,"Chicago, IL",California,Entry,On-site,91000.0,84730.0,"Java, Go, Python"
ML/AI Engineer,"Chicago, IL",California,Entry,Hybrid,93000.0,80584.0,"SQL, Python"
Other Tech Role,"Chicago, IL",California,Entry,On-site,104000.0,81429.0,"Go, Python"
Other Tech Role,"Chicago, IL",California,Entry,On-site,100500.0,81429.0,"Java, R, Python"
Other Tech Role,"Chicago, IL",California,Entry,Hybrid,103500.0,78584.0,"Go, Python"
ML/AI Engineer,"Chicago, IL",California,Entry,Hybrid,99000.0,80584.0,"Python, R, Bash"
ML/AI Engineer,"Chicago, IL",California,Entry,On-site,93500.0,84730.0,"Bash, Julia, Python"
ML/AI Engineer,"Chicago, IL",California,Entry,Hybrid,92000.0,80584.0,"Java, C++, Python"
Other Tech Role,"Chicago, IL",California,Entry,On-site,104000.0,81429.0,"Python, R"
Other Tech Role,"Chicago, IL",California,Entry,Hybrid,99500.0,78584.0,"Scala, C++, Bash, Python"
Other Tech Role,"Chicago, IL",California,Entry,On-site,93500.0,81429.0,"Scala, Julia, Python"
ML/AI Engineer,"Chicago, IL",California,Entry,On-site,91000.0,84730.0,"Julia, C++, R, Python"
Other Tech Role,"Chicago, IL",California,Entry,Hybrid,91000.0,78584.0,"Go, Bash, Julia, Python"
Other Tech Role,"Chicago, IL",California,Entry,On-site,94500.0,81429.0,"Go, Python"
Other Tech Role,"Chicago, IL",California,Entry,Hybrid,92000.0,78584.0,"Python, Julia, SQL"
ML/AI Engineer,"Chicago, IL",California,Entry,Hybrid,95000.0,80584.0,"Go, Bash, Python"
ML/AI Engineer,"Chicago, IL",California,Entry,Hybrid,99000.0,80584.0,"Go, Scala, Python"
ML/AI Engineer,"Chicago, IL",California,Entry,Hybrid,100500.0,80584.0,"Scala, Julia, C++, Python"
Other Tech Role,"Chicago, IL",California,Entry,Hybrid,99000.0,78584.0,"Java, Python"
ML/AI Engineer,"Chicago, IL",California,Entry,Hybrid,97500.0,80584.0,"SQL, Go, Python"
Other Tech Role,"Chicago, IL",California,Entry,On-site,89000.0,81429.0,"Go, Scala"
ML/AI Engineer,"Chicago, IL",California,Entry,Hybrid,96500.0,80584.0,"C++, R, Go, Python"
ML/AI Engineer,"Chicago, IL",California,Entry,Hybrid,87500.0,80584.0,"Java, Python"
Data Engineer,"Chicago, IL",California,Entry,Hybrid,104000.0,71194.0,"Julia, Bash, Python"
Other Tech Role,"Chicago, IL",California,Entry,On-site,99500.0,81429.0,"C++, R, Python"
Other Tech Role,"Chicago, IL",California,Entry,Hybrid,88000.0,78584.0,"SQL, R, Go, Python"
ML/AI Engineer,"Chicago, IL",California,Entry,Hybrid,98000.0,80584.0,"Julia, Python, Scala"
Other Tech Role,"Chicago, IL",California,Entry,On-site,92500.0,81429.0,Python
Data Scientist,"Chicago, IL",California,Entry,Hybrid,93000.0,70442.0,"SQL, Java, Python"
ML/AI Engineer,"Chicago, IL",California,Entry,On-site,100000.0,84730.0,"Bash, SQL, Go, Python"
ML/AI Engineer,"Chicago, IL",California,Entry,On-site,88500.0,84730.0,"Java, Julia, Python"
ML/AI Engineer,"Chicago, IL",California,Entry,Hybrid,96000.0,80584.0,"R, Go, Python"
Other Tech Role,"Denver, CO",Other US,Entry,Hybrid,94500.0,81842.0,"Go, Python"
Other Tech Role,"Denver, CO",Other US,Entry,Hybrid,93000.0,81842.0,"Java, Scala, SQL, Python"
ML/AI Engineer,"Denver, CO",Other US,Entry,On-site,94500.0,81118.0,"R, Bash, Python"
ML/AI Engineer,"Denver, CO",Other US,Entry,Hybrid,93000.0,82433.0,"Go, Bash, Python"
ML/AI Engineer,"Denver, CO",Other US,Entry,Hybrid,102500.0,82433.0,"Bash, Python"
ML/AI Engineer,"Denver, CO",Other US,Entry,Hybrid,102000.0,82433.0,"R, Bash, Scala, Python"
ML/AI Engineer,"Denver, CO",Other US,Entry,Hybrid,96500.0,82433.0,"Go, R, Python"
ML/AI Engineer,"Denver, CO",Other US,Entry,Hybrid,101000.0,82433.0,"Python, SQL, Java"
Other Tech Role,"Denver, CO",Other US,Entry,On-site,89000.0,80502.0,"Python, Scala, Java"
ML/AI Engineer,"Denver, CO",Other US,Entry,On-site,93000.0,81118.0,"Julia, Python"
ML/AI Engineer,"Denver, CO",Other US,Entry,On-site,98000.0,81118.0,"Java, Python"
Other Tech Role,"Denver, CO",Other US,Entry,Hybrid,97500.0,81842.0,"Go, Bash, Python"
Other Tech Role,"Denver, CO",Other US,Entry,Hybrid,100000.0,81842.0,"Bash, Python"
ML/AI Engineer,"Denver, CO",Other US,Entry,On-site,107000.0,81118.0,"Java, Python"
Data Engineer,"Denver, CO",Other US,Entry,On-site,103000.0,81342.0,"Julia, Java, Python"
Other Tech Role,"Denver, CO",Other US,Entry,On-site,100500.0,80502.0,"SQL, Python"
Data Scientist,"Denver, CO",Other US,Entry,On-site,89000.0,77029.0,"Scala, Python"
Other Tech Role,"Denver, CO",Other US,Entry,On-site,92000.0,80502.0,"SQL, Python"
Other Tech Role,"Denver, CO",Other US,Entry,Hybrid,100500.0,81842.0,"Julia, Scala, Java, Python"
ML/AI Engineer,"Denver, CO",Other US,Entry,Hybrid,98500.0,82433.0,"C++, Bash, R, Python"
Other Tech Role,"Denver, CO",Other US,Entry,On-site,95500.0,80502.0,"SQL, R"
Other Tech Role,"Denver, CO",Other US,Entry,Hybrid,92000.0,81842.0,"C++, Julia, Java, Python"
Other Tech Role,"Denver, CO",Other US,Entry,On-site,97000.0,80502.0,"R, Java, Scala, Python"
Other Tech Role,"Denver, CO",Other US,Entry,On-site,102500.0,80502.0,"Julia, Go, Python"
ML/AI Engineer,"Denver, CO",Other US,Entry,On-site,99000.0,81118.0,"C++, R, Go"
Other Tech Role,"Denver, CO",Other US,Entry,Hybrid,99500.0,81842.0,Go
ML/AI Engineer,"Denver, CO",Other US,Entry,On-site,104500.0,81118.0,"R, Julia, Python"
Other Tech Role,"Denver, CO",Other US,Entry,Hybrid,90000.0,81842.0,"Bash, Go, Python"
Other Tech Role,"Denver, CO",Other US,Entry,Hybrid,99500.0,81842.0,"Go, Python"
ML/AI Engineer,"Denver, CO",Other US,Entry,Hybrid,103500.0,82433.0,"Go, SQL, Scala, Python"
ML/AI Engineer,"Denver, CO",Other US,Entry,Hybrid,98000.0,82433.0,"Julia, Python"
ML/AI Engineer,"Denver, CO",Other US,Entry,On-site,95000.0,81118.0,"Bash, Python"
Other Tech Role,"Denver, CO",Other US,Entry,Hybrid,104000.0,81842.0,"Java, Julia, Python"
ML/AI Engineer,"Denver, CO",Other US,Entry,Hybrid,93000.0,82433.0,"Python, Scala"
ML/AI Engineer,"Denver, CO",Other US,Entry,On-site,92000.0,81118.0,"SQL, Scala, Python"
Other Tech Role,"Denver, CO",Other US,Entry,Hybrid,87000.0,81842.0,"Go, Python"
Other Tech Role,"Denver, CO",Other US,Entry,On-site,103500.0,80502.0,"Python, R, Julia"
ML/AI Engineer,"Denver, CO",Other US,Entry,Hybrid,103000.0,82433.0,"Python, Julia"
Other Tech Role,"Denver, CO",Other US,Entry,Hybrid,101500.0,81842.0,"Julia, Bash, R, Python"
Other Tech Role,"Denver, CO",Other US,Entry,On-site,99500.0,80502.0,"SQL, Scala, Bash, Python"
ML/AI Engineer,"Denver, CO",Other US,Entry,Hybrid,105500.0,82433.0,"C++, Bash, R, Python"
Other Tech Role,"Denver, CO",Other US,Entry,Hybrid,94500.0,81842.0,Python
Data Scientist,"Denver, CO",Other US,Entry,On-site,86000.0,77029.0,"C++, Python"
ML/AI Engineer,"Denver, CO",Other US,Entry,On-site,104000.0,81118.0,"Bash, Python"
Other Tech Role,"Denver, CO",Other US,Entry,On-site,88500.0,80502.0,"Java, Python"
ML/AI Engineer,"Denver, CO",Other US,Entry,On-site,92500.0,81118.0,"Julia, Python"
ML/AI Engineer,"Denver, CO",Other US,Entry,On-site,96500.0,81118.0,"Bash, Python"
Other Tech Role,"Denver, CO",Other US,Entry,On-site,87000.0,80502.0,"Java, Python"
ML/AI Engineer,"Denver, CO",Other US,Entry,On-site,94000.0,81118.0,"Go, Julia, Python"
Data Engineer,"Denver, CO",Other US,Entry,Hybrid,99000.0,80935.0,"C++, Python"
ML/AI Engineer,"Denver, CO",Other US,Entry,On-site,102500.0,81118.0,"Python, SQL"
Data Engineer,"Denver, CO",Other US,Entry,On-site,91000.0,81342.0,"Go, C++, Python"
Other Tech Role,"Denver, CO",Other US,Entry,Hybrid,92500.0,81842.0,"Bash, Python"
Other Tech Role,"Denver, CO",Other US,Entry,On-site,85500.0,80502.0,"Bash, Python, SQL"
Other Tech Role,"Los Angeles, CA",California,Entry,Hybrid,90500.0,78584.0,"Bash, Scala, Julia, Python"
Other Tech Role,"Los Angeles, CA",California,Entry,On-site,102500.0,81429.0,"Bash, Go, Python"
ML/AI Engineer,"Los Angeles, CA",California,Entry,Hybrid,100500.0,80584.0,"Java, C++, Bash, Python"
ML/AI Engineer,"Los Angeles, CA",California,Entry,Hybrid,94500.0,80584.0,"R, Bash, Python"
Other Tech Role,"Los Angeles, CA",California,Entry,On-site,92500.0,81429.0,"Java, R"
ML/AI Engineer,"Los Angeles, CA",California,Entry,Hybrid,106500.0,80584.0,"Python, Bash, Go"
Other Tech Role,"Los Angeles, CA",California,Entry,Hybrid,104500.0,78584.0,"R, Python"
ML/AI Engineer,"Los Angeles, CA",California,Entry,On-site,93500.0,84730.0,"Python, Julia"
ML/AI Engineer,"Los Angeles, CA",California,Entry,On-site,99000.0,84730.0,"Julia, SQL, Go, Python"
ML/AI Engineer,"Los Angeles, CA",California,Entry,Hybrid,105000.0,80584.0,"Go, R, Python"
Data Engineer,"Los Angeles, CA",California,Entry,Hybrid,93000.0,71194.0,"Bash, Java, Scala, Python"
ML/AI Engineer,"Los Angeles, CA",California,Entry,On-site,100000.0,84730.0,"Scala, Python"
ML/AI Engineer,"Los Angeles, CA",California,Entry,On-site,97000.0,84730.0,"Java, Scala, Go, Python"
Other Tech Role,"Los Angeles, CA",California,Entry,On-site,100500.0,81429.0,"R, Python"
ML/AI Engineer,"Los Angeles, CA",California,Entry,On-site,96000.0,84730.0,"R, Bash, Java, Python"
Other Tech Role,"Los Angeles, CA",California,Entry,Hybrid,97000.0,78584.0,"SQL, Python"
ML/AI Engineer,"Los Angeles, CA",California,Entry,Hybrid,106000.0,80584.0,"SQL, Python, Java"
Other Tech Role,"Los Angeles, CA",California,Entry,Hybrid,86000.0,78584.0,"Python, Go"
Other Tech Role,"Los Angeles, CA",California,Entry,Hybrid,100500.0,78584.0,"Scala, SQL, Python"
ML/AI Engineer,"Los Angeles, CA",California,Entry,Hybrid,96000.0,80584.0,"Julia, Python"
Other Tech Role,"Los Angeles, CA",California,Entry,Hybrid,108000.0,78584.0,"Java, R, Python"
ML/AI Engineer,"Los Angeles, CA",California,Entry,Hybrid,87500.0,80584.0,"Scala, SQL, Python"
ML/AI Engineer,"Los Angeles, CA",California,Entry,On-site,107500.0,84730.0,"R, Python"
Other Tech Role,"Los Angeles, CA",California,Entry,Hybrid,87000.0,78584.0,"Julia, Python"
ML/AI Engineer,"Los Angeles, CA",California,Entry,Hybrid,99500.0,80584.0,"Bash, Scala, Python"
ML/AI Engineer,"Los Angeles, CA",California,Entry,Hybrid,97500.0,80584.0,"Julia, Java, Python"
Data Engineer,"Los Angeles, CA",California,Entry,Hybrid,96500.0,71194.0,"Bash, R, Go, Python"
ML/AI Engineer,"Los Angeles, CA",California,Entry,Hybrid,93500.0,80584.0,"Bash, Python"
Other Tech Role,"Los Angeles, CA",California,Entry,Hybrid,99000.0,78584.0,"Go, Java, Python"
Other Tech Role,"Los Angeles, CA",California,Entry,Hybrid,96000.0,78584.0,"Java, SQL, Python"
Other Tech Role,"Los Angeles, CA",California,Entry,Hybrid,96000.0,78584.0,"Java, SQL, Python"
Other Tech Role,"Los Angeles, CA",California,Entry,Hybrid,87000.0,78584.0,"Bash, Python"
Other Tech Role,"Los Angeles, CA",California,Entry,Hybrid,96000.0,78584.0,"R, Java, Python"
ML/AI Engineer,"Los Angeles, CA",California,Entry,Hybrid,101000.0,80584.0,"C++, SQL, Python"
Other Tech Role,"Los Angeles, CA",California,Entry,Hybrid,86000.0,78584.0,"Go, Julia, Python"
ML/AI Engineer,"Los Angeles, CA",California,Entry,On-site,101500.0,84730.0,Python
Other Tech Role,"Los Angeles, CA",California,Entry,On-site,95000.0,81429.0,"Go, Python"
Other Tech Role,"Los Angeles, CA",California,Entry,On-site,97000.0,81429.0,"Scala, SQL, Java, Python"
ML/AI Engineer,"Los Angeles, CA",California,Entry,On-site,96000.0,84730.0,"Julia, Python"
Other Tech Role,"Los Angeles, CA",California,Entry,Hybrid,95000.0,78584.0,"Python, Go, C++"
Other Tech Role,"Los Angeles, CA",California,Entry,Hybrid,97000.0,78584.0,"Bash, R, C++, Python"
Other Tech Role,"Los Angeles, CA",California,Entry,Hybrid,107500.0,78584.0,"SQL, C++, Julia, Python"
Other Tech Role,"Los Angeles, CA",California,Entry,Hybrid,94000.0,78584.0,"Java, SQL, Python"
Other Tech Role,"Los Angeles, CA",California,Entry,Hybrid,100000.0,78584.0,"Python, Go"
ML/AI Engineer,"Los Angeles, CA",California,Entry,On-site,96500.0,84730.0,"C++, Python"
Other Tech Role,"Los Angeles, CA",California,Entry,On-site,98000.0,81429.0,"SQL, R, Java, Python"
ML/AI Engineer,"Los Angeles, CA",California,Entry,Hybrid,98500.0,80584.0,"R, Scala, Go, Python"
ML/AI Engineer,"Los Angeles, CA",California,Entry,On-site,101000.0,84730.0,"Bash, Python"
Other Tech Role,"Los Angeles, CA",California,Entry,On-site,89500.0,81429.0,"R, Python"
ML/AI Engineer,"Los Angeles, CA",California,Entry,Hybrid,88000.0,80584.0,"Bash, R, Python"
ML/AI Engineer,"Los Angeles, CA",California,Entry,On-site,99500.0,84730.0,"Java, Python"
ML/AI Engineer,"Los Angeles, CA",California,Entry,Hybrid,97500.0,80584.0,"SQL, Scala, Java, Python"
Other Tech Role,"Los Angeles, CA",California,Entry,Hybrid,97000.0,78584.0,"Bash, Java, Go, Python"
Other Tech Role,"Los Angeles, CA",California,Entry,On-site,101000.0,81429.0,"Julia, Python"
ML/AI Engineer,"Los Angeles, CA",California,Entry,Hybrid,96500.0,80584.0,"Julia, Java, Python"
ML/AI Engineer,"Los Angeles, CA",California,Entry,On-site,95500.0,84730.0,"Go, C++, Java, Python"
ML/AI Engineer,"Los Angeles, CA",California,Entry,Hybrid,95000.0,80584.0,"Python, Java"
Other Tech Role,"Los Angeles, CA",California,Entry,Hybrid,98000.0,78584.0,"Go, C++, Julia, Python"
Data Scientist,"Los Angeles, CA",California,Entry,Hybrid,99000.0,70442.0,"SQL, Go, Python"
Other Tech Role,"Los Angeles, CA",California,Entry,Hybrid,107000.0,78584.0,"Python, SQL"
ML/AI Engineer,"Los Angeles, CA",California,Entry,Hybrid,99500.0,80584.0,"Scala, Python"
Other Tech Role,"Los Angeles, CA",California,Entry,On-site,94500.0,81429.0,"Julia, Scala, SQL, Python"
Other Tech Role,"Los Angeles, CA",California,Entry,Hybrid,100500.0,78584.0,"Julia, C++, R, Python"
ML/AI Engineer,"Los Angeles, CA",California,Entry,On-site,99500.0,84730.0,"Go, SQL, Python"
Data Scientist,"Los Angeles, CA",California,Entry,Hybrid,102500.0,70442.0,"SQL, Python"
ML/AI Engineer,"Los Angeles, CA",California,Entry,On-site,101000.0,84730.0,"C++, Go, Python"
Other Tech Role,"Los Angeles, CA",California,Entry,On-site,91500.0,81429.0,"C++, R, Python"
Other Tech Role,"Los Angeles, CA",California,Entry,On-site,92500.0,81429.0,"SQL, C++, Java, Python"
ML/AI Engineer,"Los Angeles, CA",California,Entry,Hybrid,93500.0,80584.0,"C++, Java, Go, Python"
ML/AI Engineer,"Los Angeles, CA",California,Entry,Hybrid,92500.0,80584.0,"C++, Python"
Other Tech Role,"Los Angeles, CA",California,Entry,Hybrid,98500.0,78584.0,"Python, Julia, Bash"
ML/AI Engineer,Melbourne,Other US,Entry,Hybrid,70000.0,82433.0,"SQL, Python"
Data Engineer,Melbourne,Other US,Entry,On-site,79500.0,81342.0,"Go, SQL, Python"
ML/AI Engineer,Melbourne,Other US,Entry,On-site,82000.0,81118.0,"Scala, Python"
Other Tech Role,Melbourne,Other US,Entry,Hybrid,78500.0,81842.0,"Scala, C++, Bash, Python"
ML/AI Engineer,Melbourne,Other US,Entry,Hybrid,77500.0,82433.0,"Go, Julia, Scala, Python"
Other Tech Role,Melbourne,Other US,Entry,Hybrid,72500.0,81842.0,"C++, R, Java, Python"
Other Tech Role,Melbourne,Other US,Entry,Hybrid,74000.0,81842.0,"Julia, Python"
Data Engineer,Melbourne,Other US,Entry,On-site,78000.0,81342.0,"Julia, Python"
ML/AI Engineer,Melbourne,Other US,Entry,On-site,67500.0,81118.0,"Bash, Python"
Other Tech Role,Melbourne,Other US,Entry,On-site,71500.0,80502.0,"Go, Python"
ML/AI Engineer,Melbourne,Other US,Entry,Hybrid,70500.0,82433.0,"Go, R, Julia, Python"
Other Tech Role,Melbourne,Other US,Entry,Hybrid,73500.0,81842.0,"Go, Bash, Julia, Python"
ML/AI Engineer,Melbourne,Other US,Entry,Hybrid,66000.0,82433.0,"R, C++, Go, Python"
Other Tech Role,Melbourne,Other US,Entry,Hybrid,72500.0,81842.0,"Scala, Python"
ML/AI Engineer,Melbourne,Other US,Entry,Hybrid,69500.0,82433.0,"Go, SQL, Bash, Python"
Other Tech Role,Melbourne,Other US,Entry,Hybrid,63500.0,81842.0,"Python, Bash"
Other Tech Role,Melbourne,Other US,Entry,Hybrid,74500.0,81842.0,"C++, Python"
Other Tech Role,Melbourne,Other US,Entry,On-site,70500.0,80502.0,"Bash, Python"
ML/AI Engineer,Melbourne,Other US,Entry,Hybrid,72000.0,82433.0,"Scala, Python"
Other Tech Role,Melbourne,Other US,Entry,On-site,79000.0,80502.0,"Go, Julia, Bash, Python"
ML/AI Engineer,Melbourne,Other US,Entry,Hybrid,78500.0,82433.0,"Go, Python"
Data Engineer,Melbourne,Other US,Entry,Hybrid,68000.0,80935.0,Python
Other Tech Role,Melbourne,Other US,Entry,On-site,74500.0,80502.0,"Java, Python, Scala"
Other Tech Role,Melbourne,Other US,Entry,On-site,72500.0,80502.0,"Bash, SQL, Python"
Other Tech Role,Melbourne,Other US,Entry,On-site,78000.0,80502.0,"Scala, Python"
ML/AI Engineer,Melbourne,Other US,Entry,Hybrid,68000.0,82433.0,"C++, Scala, R, Python"
ML/AI Engineer,Melbourne,Other US,Entry,On-site,76500.0,81118.0,"SQL, Bash, Python"
ML/AI Engineer,Melbourne,Other US,Entry,On-site,70500.0,81118.0,"Go, Java, Bash, Python"
ML/AI Engineer,Melbourne,Other US,Entry,Hybrid,68000.0,82433.0,"Scala, Julia, Python"
ML/AI Engineer,Melbourne,Other US,Entry,On-site,78500.0,81118.0,"Go, Python"
Other Tech Role,Melbourne,Other US,Entry,On-site,72500.0,80502.0,"Python, Go"
Other Tech Role,Melbourne,Other US,Entry,Hybrid,70000.0,81842.0,"Bash, Go, Python"
ML/AI Engineer,Melbourne,Other US,Entry,On-site,71000.0,81118.0,"Go, Scala, Bash, Python"
ML/AI Engineer,Melbourne,Other US,Entry,On-site,71000.0,81118.0,"Scala, Java, Python"
ML/AI Engineer,Melbourne,Other US,Entry,Hybrid,70000.0,82433.0,"Java, Python"
Other Tech Role,Melbourne,Other US,Entry,On-site,73500.0,80502.0,"Go, C++"
ML/AI Engineer,Melbourne,Other US,Entry,On-site,80500.0,81118.0,"Java, Go, Python"
Other Tech Role,Melbourne,Other US,Entry,On-site,71500.0,80502.0,"Go, SQL, R, Python"
Data Scientist,Melbourne,Other US,Entry,On-site,76500.0,77029.0,"SQL, Bash, Python"
Other Tech Role,Melbourne,Other US,Entry,Hybrid,70000.0,81842.0,"C++, Java, Scala, Python"
Other Tech Role,Melbourne,Other US,Entry,On-site,81000.0,80502.0,"Go, Bash, Python"
Data Scientist,Melbourne,Other US,Entry,On-site,72500.0,77029.0,"Python, R, Julia"
ML/AI Engineer,Melbourne,Other US,Entry,Hybrid,73000.0,82433.0,"Julia, Python"
Other Tech Role,Melbourne,Other US,Entry,On-site,73500.0,80502.0,"Go, Python"
Other Tech Role,Melbourne,Other US,Entry,Hybrid,76000.0,81842.0,"Bash, C++, Python"
ML/AI Engineer,Melbourne,Other US,Entry,Hybrid,71000.0,82433.0,"Go, C++, SQL, Python"
ML/AI Engineer,Melbourne,Other US,Entry,Hybrid,71000.0,82433.0,"SQL, C++, Python"
Other Tech Role,Melbourne,Other US,Entry,Hybrid,80000.0,81842.0,"Bash, SQL, Python"
ML/AI Engineer,Melbourne,Other US,Entry,On-site,80500.0,81118.0,"SQL, C++, Go, Python"
Other Tech Role,Melbourne,Other US,Entry,Hybrid,76000.0,81842.0,"Python, C++, SQL"
Other Tech Role,Melbourne,Other US,Entry,Hybrid,68500.0,81842.0,"Java, Python"
Other Tech Role,Melbourne,Other US,Entry,Hybrid,71500.0,81842.0,"Scala, Python, SQL"
Other Tech Role,Melbourne,Other US,Entry,Hybrid,71000.0,81842.0,"Go, Python"
ML/AI Engineer,Melbourne,Other US,Entry,Hybrid,81500.0,82433.0,"Java, SQL, Python"
Other Tech Role,Melbourne,Other US,Entry,Hybrid,70500.0,81842.0,"R, Scala, Python"
Other Tech Role,Melbourne,Other US,Entry,On-site,73000.0,80502.0,"C++, Scala, Go, Python"
ML/AI Engineer,Melbourne,Other US,Entry,On-site,71000.0,81118.0,"C++, Python"
Other Tech Role,Melbourne,Other US,Entry,Hybrid,69500.0,81842.0,"Scala, Python"
Other Tech Role,Melbourne,Other US,Entry,Hybrid,67500.0,81842.0,"Julia, Python"
Other Tech Role,Melbourne,Other US,Entry,Hybrid,80500.0,81842.0,"Scala, Julia, Python"
ML/AI Engineer,Melbourne,Other US,Entry,Hybrid,69500.0,82433.0,"Python, Bash, Scala"
ML/AI Engineer,Melbourne,Other US,Entry,Hybrid,72000.0,82433.0,"R, Java, C++, Python"
ML/AI Engineer,Melbourne,Other US,Entry,On-site,73500.0,81118.0,"Bash, Go, Python"
Other Tech Role,Melbourne,Other US,Entry,Hybrid,68000.0,81842.0,"Go, Bash, Python"
ML/AI Engineer,Melbourne,Other US,Entry,On-site,68500.0,81118.0,"SQL, C++, Python"
Other Tech Role,Melbourne,Other US,Entry,Hybrid,75500.0,81842.0,"Go, Python"
Data Engineer,Melbourne,Other US,Entry,On-site,70500.0,81342.0,"Bash, Python"
Other Tech Role,Melbourne,Other US,Entry,Hybrid,66500.0,81842.0,"Julia, Python"
ML/AI Engineer,Melbourne,Other US,Entry,Hybrid,70500.0,82433.0,"Go, Scala"
ML/AI Engineer,Melbourne,Other US,Entry,Hybrid,76500.0,82433.0,"Python, R"
Data Engineer,Melbourne,Other US,Entry,On-site,68500.0,81342.0,"SQL, Python"
ML/AI Engineer,Melbourne,Other US,Entry,On-site,67000.0,81118.0,"C++, Python"
ML/AI Engineer,Melbourne,Other US,Entry,On-site,75000.0,81118.0,"Julia, SQL, Bash, Python"
Other Tech Role,Melbourne,Other US,Entry,On-site,81000.0,80502.0,"SQL, Python"
Data Scientist,Melbourne,Other US,Entry,On-site,65000.0,77029.0,"SQL, Python"
ML/AI Engineer,Melbourne,Other US,Entry,Hybrid,73000.0,82433.0,"Scala, C++, Go, Python"
Other Tech Role,Melbourne,Other US,Entry,On-site,78500.0,80502.0,"Java, Python"
Other Tech Role,Melbourne,Other US,Entry,On-site,71000.0,80502.0,"C++, Python"
Other Tech Role,Melbourne,Other US,Entry,Hybrid,67500.0,81842.0,"Bash, SQL, Python"
ML/AI Engineer,Melbourne,Other US,Entry,Hybrid,79500.0,82433.0,"Julia, Java, Python"
ML/AI Engineer,Melbourne,Other US,Entry,On-site,81500.0,81118.0,"SQL, Java, Python"
Other Tech Role,Melbourne,Other US,Entry,Hybrid,69000.0,81842.0,Python
Other Tech Role,Melbourne,Other US,Entry,Hybrid,80000.0,81842.0,"Java, Python"
ML/AI Engineer,Melbourne,Other US,Entry,Hybrid,74500.0,82433.0,"Go, Julia, SQL, Python"
ML/AI Engineer,Melbourne,Other US,Entry,On-site,79500.0,81118.0,"C++, Java, Python"
Other Tech Role,Melbourne,Other US,Entry,On-site,71500.0,80502.0,"Scala, Python, Go"
ML/AI Engineer,Melbourne,Other US,Entry,Hybrid,79500.0,82433.0,"Bash, Python"
Other Tech Role,Melbourne,Other US,Entry,Hybrid,71500.0,81842.0,"Python, R"
ML/AI Engineer,Melbourne,Other US,Entry,Hybrid,78500.0,82433.0,"R, Go, Julia, Python"
Other Tech Role,Melbourne,Other US,Entry,On-site,77500.0,80502.0,"Julia, R, Python"
ML/AI Engineer,Melbourne,Other US,Entry,Hybrid,75000.0,82433.0,"Go, Julia, Bash, Python"
ML/AI Engineer,Melbourne,Other US,Entry,Hybrid,71500.0,82433.0,"Go, C++, Python"
Data Engineer,Melbourne,Other US,Entry,Hybrid,76000.0,80935.0,"C++, Go, Python"
ML/AI Engineer,Melbourne,Other US,Entry,Hybrid,79500.0,82433.0,"Julia, Python"
ML/AI Engineer,Melbourne,Other US,Entry,Hybrid,70500.0,82433.0,Python
Other Tech Role,Melbourne,Other US,Entry,On-site,77500.0,80502.0,"Scala, Java, C++, Python"
Data Engineer,Melbourne,Other US,Entry,Hybrid,65000.0,80935.0,"SQL, Bash, Go, Python"
Data Engineer,Melbourne,Other US,Entry,On-site,68000.0,81342.0,"Java, Python"
Data Scientist,Melbourne,Other US,Entry,Hybrid,70000.0,75731.0,"Java, Scala, Go"
ML/AI Engineer,Melbourne,Other US,Entry,On-site,65000.0,81118.0,"Scala, Go, Python"
Data Engineer,Melbourne,Other US,Entry,Hybrid,72500.0,80935.0,"R, Python, C++"
ML/AI Engineer,Melbourne,Other US,Entry,On-site,70500.0,81118.0,"R, Python"
Other Tech Role,Melbourne,Other US,Entry,Hybrid,67500.0,81842.0,Bash
ML/AI Engineer,Melbourne,Other US,Entry,Hybrid,73000.0,82433.0,"Java, Python"
Other Tech Role,Melbourne,Other US,Entry,On-site,72000.0,80502.0,"Bash, Julia, Python"
ML/AI Engineer,Melbourne,Other US,Entry,On-site,73500.0,81118.0,"Bash, Python"
Other Tech Role,Melbourne,Other US,Entry,On-site,70000.0,80502.0,"Go, Python"
Other Tech Role,Melbourne,Other US,Entry,On-site,75500.0,80502.0,"Go, C++, Python"
Other Tech Role,Melbourne,Other US,Entry,On-site,70500.0,80502.0,"Bash, Python"
Other Tech Role,Melbourne,Other US,Entry,Hybrid,78500.0,81842.0,"C++, Python"
Other Tech Role,Melbourne,Other US,Entry,On-site,74500.0,80502.0,"SQL, Scala, Java, Python"
ML/AI Engineer,Melbourne,Other US,Entry,Hybrid,70000.0,82433.0,"Scala, Go, Bash, Python"
ML/AI Engineer,Melbourne,Other US,Entry,On-site,78500.0,81118.0,"Python, Scala, R"
Other Tech Role,Melbourne,Other US,Entry,Hybrid,70000.0,81842.0,"SQL, Python"
Other Tech Role,Melbourne,Other US,Entry,On-site,71000.0,80502.0,"C++, R, Python"
Other Tech Role,Melbourne,Other US,Entry,On-site,76500.0,80502.0,"SQL, Go, C++, Python"
ML/AI Engineer,Melbourne,Other US,Entry,Hybrid,69000.0,82433.0,"Scala, Julia, Bash"
Other Tech Role,Melbourne,Other US,Entry,Hybrid,65500.0,81842.0,R
Other Tech Role,Melbourne,Other US,Entry,Hybrid,78500.0,81842.0,"R, Java, C++, Python"
Other Tech Role,Melbourne,Other US,Entry,On-site,64000.0,80502.0,"R, SQL, Julia, Python"
Other Tech Role,Melbourne,Other US,Entry,On-site,76000.0,80502.0,"Bash, R, Julia, Python"
ML/AI Engineer,Melbourne,Other US,Entry,Hybrid,69000.0,82433.0,Python
Other Tech Role,Melbourne,Other US,Entry,On-site,69500.0,80502.0,"Julia, Python, Go"
Other Tech Role,Melbourne,Other US,Entry,Hybrid,80000.0,81842.0,"Python, Bash"
ML/AI Engineer,Melbourne,Other US,Entry,On-site,80500.0,81118.0,"Julia, Scala, Python"
Other Tech Role,Melbourne,Other US,Entry,On-site,70500.0,80502.0,"R, Scala, Python"
Other Tech Role,Melbourne,Other US,Entry,On-site,67000.0,80502.0,"R, Scala, Python"
Data Scientist,Melbourne,Other US,Entry,On-site,72500.0,77029.0,Python
ML/AI Engineer,Melbourne,Other US,Entry,On-site,70000.0,81118.0,"SQL, Java, Python"
Data Scientist,Melbourne,Other US,Entry,On-site,77000.0,77029.0,"Julia, R, Scala, Python"
ML/AI Engineer,Melbourne,Other US,Entry,Hybrid,76500.0,82433.0,"Java, Bash, Python"
ML/AI Engineer,Melbourne,Other US,Entry,On-site,67500.0,81118.0,"C++, Julia, Python"
Other Tech Role,Melbourne,Other US,Entry,Hybrid,75000.0,81842.0,"SQL, Python, Julia"
Data Engineer,Melbourne,Other US,Entry,On-site,69500.0,81342.0,"SQL, Java, Python"
Data Scientist,Melbourne,Other US,Entry,On-site,70000.0,77029.0,"Scala, Python"
ML/AI Engineer,Melbourne,Other US,Entry,On-site,69500.0,81118.0,"Python, Go, R"
Other Tech Role,Melbourne,Other US,Entry,Hybrid,73500.0,81842.0,"R, Go, SQL, Python"
Data Scientist,Melbourne,Other US,Entry,Hybrid,80000.0,75731.0,"Bash, Python"
Other Tech Role,Melbourne,Other US,Entry,Hybrid,70500.0,81842.0,R
Other Tech Role,Melbourne,Other US,Entry,Hybrid,74500.0,81842.0,"Julia, C++"
ML/AI Engineer,Melbourne,Other US,Entry,Hybrid,76000.0,82433.0,"R, Julia, Python"
ML/AI Engineer,Melbourne,Other US,Entry,On-site,68500.0,81118.0,"Python, Scala"
Other Tech Role,Melbourne,Other US,Entry,Hybrid,73500.0,81842.0,"SQL, Python"
ML/AI Engineer,Melbourne,Other US,Entry,On-site,69000.0,81118.0,"Scala, C++, SQL, Python"
Other Tech Role,Melbourne,Other US,Entry,Hybrid,77500.0,81842.0,"Go, C++, Python"
Data Engineer,Melbourne,Other US,Entry,Hybrid,70500.0,80935.0,"SQL, Python"
Data Engineer,Melbourne,Other US,Entry,On-site,74000.0,81342.0,"SQL, Bash, Java, Python"
Data Scientist,Melbourne,Other US,Entry,On-site,74500.0,77029.0,"Scala, Python"
Other Tech Role,Melbourne,Other US,Entry,On-site,75500.0,80502.0,"Python, Julia, Scala"
Other Tech Role,Melbourne,Other US,Entry,Hybrid,67000.0,81842.0,"C++, Python"
Other Tech Role,Melbourne,Other US,Entry,Hybrid,68500.0,81842.0,"Bash, C++, Julia"
ML/AI Engineer,Melbourne,Other US,Entry,Hybrid,73500.0,82433.0,"Scala, Python"
Other Tech Role,Melbourne,Other US,Entry,Hybrid,76000.0,81842.0,"Julia, R, C++, Python"
ML/AI Engineer,Melbourne,Other US,Entry,Hybrid,73000.0,82433.0,"Scala, Python"
Other Tech Role,Melbourne,Other US,Entry,Hybrid,66000.0,81842.0,"Java, Bash, Python"
ML/AI Engineer,"New York, NY",Other US,Entry,Hybrid,95500.0,82433.0,"R, Python"
Other Tech Role,"New York, NY",Other US,Entry,Hybrid,94500.0,81842.0,"Go, Python"
ML/AI Engineer,"New York, NY",Other US,Entry,On-site,88000.0,81118.0,"C++, R"
ML/AI Engineer,"New York, NY",Other US,Entry,On-site,105000.0,81118.0,"C++, Bash"
ML/AI Engineer,"New York, NY",Other US,Entry,On-site,101500.0,81118.0,Python
Other Tech Role,"New York, NY",Other US,Entry,On-site,96000.0,80502.0,"SQL, Scala, Bash, Python"
Other Tech Role,"New York, NY",Other US,Entry,Hybrid,94000.0,81842.0,"SQL, Python"
ML/AI Engineer,"New York, NY",Other US,Entry,On-site,94500.0,81118.0,Python
ML/AI Engineer,"New York, NY",Other US,Entry,On-site,98000.0,81118.0,"Scala, Julia"
Other Tech Role,"New York, NY",Other US,Entry,Hybrid,95000.0,81842.0,"Java, SQL"
ML/AI Engineer,"New York, NY",Other US,Entry,Hybrid,105000.0,82433.0,SQL
ML/AI Engineer,"New York, NY",Other US,Entry,On-site,93000.0,81118.0,"R, C++, Python"
Other Tech Role,"New York, NY",Other US,Entry,Hybrid,86500.0,81842.0,"Bash, R, Java, Python"
Other Tech Role,"New York, NY",Other US,Entry,On-site,94000.0,80502.0,"C++, Python"
ML/AI Engineer,"New York, NY",Other US,Entry,On-site,94500.0,81118.0,"Bash, SQL, Python"
Other Tech Role,"New York, NY",Other US,Entry,On-site,91000.0,80502.0,"Julia, Python"
Other Tech Role,"New York, NY",Other US,Entry,On-site,96500.0,80502.0,"C++, Scala, Python"
Other Tech Role,"New York, NY",Other US,Entry,Hybrid,98500.0,81842.0,"R, Python"
Data Engineer,"New York, NY",Other US,Entry,On-site,89500.0,81342.0,"SQL, R, Python"
ML/AI Engineer,"New York, NY",Other US,Entry,Hybrid,101500.0,82433.0,"C++, Python"
Other Tech Role,"New York, NY",Other US,Entry,On-site,104000.0,80502.0,"R, Python"
Other Tech Role,"New York, NY",Other US,Entry,Hybrid,91000.0,81842.0,"C++, Python"
ML/AI Engineer,"New York, NY",Other US,Entry,Hybrid,103000.0,82433.0,"R, Python"
Data Scientist,"New York, NY",Other US,Entry,Hybrid,104500.0,75731.0,"Julia, Python"
ML/AI Engineer,"New York, NY",Other US,Entry,Hybrid,98000.0,82433.0,"Bash, Python"
Other Tech Role,"New York, NY",Other US,Entry,On-site,89500.0,80502.0,"Java, SQL, Python"
ML/AI Engineer,"New York, NY",Other US,Entry,Hybrid,94000.0,82433.0,"Scala, Python"
ML/AI Engineer,"New York, NY",Other US,Entry,Hybrid,87500.0,82433.0,"Python, Java"
ML/AI Engineer,"New York, NY",Other US,Entry,Hybrid,88500.0,82433.0,"R, Python"
ML/AI Engineer,"New York, NY",Other US,Entry,On-site,98500.0,81118.0,"R, Python"
ML/AI Engineer,"New York, NY",Other US,Entry,Hybrid,97500.0,82433.0,"Julia, Python"
ML/AI Engineer,"New York, NY",Other US,Entry,Hybrid,108000.0,82433.0,"SQL, Julia, Go, Python"
Other Tech Role,"New York, NY",Other US,Entry,Hybrid,98500.0,81842.0,"Python, Scala, Go"
ML/AI Engineer,"New York, NY",Other US,Entry,On-site,95500.0,81118.0,"Julia, Bash, Python"
ML/AI Engineer,"New York, NY",Other US,Entry,On-site,101500.0,81118.0,"Go, Python"
ML/AI Engineer,"New York, NY",Other US,Entry,On-site,97000.0,81118.0,"Java, Python"
ML/AI Engineer,"New York, NY",Other US,Entry,On-site,93500.0,81118.0,"R, C++, Julia, Python"
ML/AI Engineer,"New York, NY",Other US,Entry,Hybrid,99500.0,82433.0,"Python, Java, Scala"
ML/AI Engineer,"New York, NY",Other US,Entry,Hybrid,135000.0,82433.0,"Python, JavaScript"
ML/AI Engineer,"New York, NY",Other US,Entry,Hybrid,103500.0,82433.0,"C++, Julia, Bash, Python"
Other Tech Role,"New York, NY",Other US,Entry,Hybrid,96000.0,81842.0,"SQL, Python"
ML/AI Engineer,"New York, NY",Other US,Entry,On-site,105500.0,81118.0,"Scala, Julia, Python"
Other Tech Role,"New York, NY",Other US,Entry,On-site,93000.0,80502.0,"Julia, Go, Java, Python"
ML/AI Engineer,"New York, NY",Other US,Entry,On-site,92500.0,81118.0,"Scala, SQL, R"
Other Tech Role,"New York, NY",Other US,Entry,Hybrid,94000.0,81842.0,"Bash, Python"
ML/AI Engineer,"New York, NY",Other US,Entry,Hybrid,98000.0,82433.0,"Python, Java"
ML/AI Engineer,"New York, NY",Other US,Entry,Hybrid,88000.0,82433.0,"Julia, C++, Python"
Other Tech Role,"New York, NY",Other US,Entry,Hybrid,94500.0,81842.0,Python
Other Tech Role,"New York, NY",Other US,Entry,Hybrid,104000.0,81842.0,"Bash, Julia, C++, Python"
Other Tech Role,"New York, NY",Other US,Entry,Hybrid,89500.0,81842.0,"Go, Python"
ML/AI Engineer,"New York, NY",Other US,Entry,On-site,89500.0,81118.0,"R, Python"
Other Tech Role,"New York, NY",Other US,Entry,On-site,106500.0,80502.0,"C++, Python"
Other Tech Role,"New York, NY",Other US,Entry,On-site,102000.0,80502.0,"Python, R, Java"
Other Tech Role,"New York, NY",Other US,Entry,On-site,97000.0,80502.0,"Bash, Python"
Other Tech Role,"New York, NY",Other US,Entry,Hybrid,94000.0,81842.0,"Scala, Python, R"
Other Tech Role,"New York, NY",Other US,Entry,On-site,96500.0,80502.0,"C++, Java, Python"
ML/AI Engineer,"New York, NY",Other US,Entry,On-site,97500.0,81118.0,"Java, Scala, Python"
Data Scientist,"New York, NY",Other US,Entry,On-site,97500.0,77029.0,"Julia, R, C++, Python"
ML/AI Engineer,"New York, NY",Other US,Entry,On-site,91000.0,81118.0,"Bash, Python"
Other Tech Role,"New York, NY",Other US,Entry,Hybrid,98000.0,81842.0,"SQL, Python"
ML/AI Engineer,"New York, NY",Other US,Entry,Hybrid,94000.0,82433.0,"Julia, SQL, Bash, Python"
ML/AI Engineer,"New York, NY",Other US,Entry,Hybrid,101000.0,82433.0,"SQL, Java, Bash, Python"
Other Tech Role,"New York, NY",Other US,Entry,On-site,99500.0,80502.0,"C++, Java, Python"
Other Tech Role,"New York, NY",Other US,Entry,On-site,105500.0,80502.0,"R, Julia, Python"
ML/AI Engineer,"New York, NY",Other US,Entry,On-site,97000.0,81118.0,"Java, Julia, SQL, Python"
Data Scientist,"New York, NY",Other US,Entry,On-site,92000.0,77029.0,"Scala, Go, Python"
ML/AI Engineer,"New York, NY",Other US,Entry,On-site,96500.0,81118.0,"Java, Python"
ML/AI Engineer,"New York, NY",Other US,Entry,Hybrid,96500.0,82433.0,"Bash, Python"
ML/AI Engineer,"New York, NY",Other US,Entry,Hybrid,96000.0,82433.0,"Scala, R, Go, Python"
ML/AI Engineer,Remote,Other US,Entry,Remote,96500.0,84941.0,"Scala, Python"
ML/AI Engineer,Remote,Other US,Entry,Remote,64500.0,84941.0,"Java, Scala, Julia, Python"
ML/AI Engineer,Remote,Other US,Entry,Remote,71000.0,84941.0,Python
Other Tech Role,Remote,Other US,Entry,Remote,97000.0,84060.0,"Java, R, Bash, Python"
Other Tech Role,Remote,Other US,Entry,Remote,71500.0,84060.0,"Scala, Python"
Data Engineer,Remote,Other US,Entry,Remote,87000.0,87824.0,"Java, Go, Python"
Data Engineer,Remote,Other US,Entry,Remote,76000.0,87824.0,C++
Data Scientist,Remote,Other US,Entry,Remote,67500.0,87271.0,"Go, R, Python"
Other Tech Role,Remote,Other US,Entry,Remote,75000.0,84060.0,"Go, Java, Python"
ML/AI Engineer,Remote,Other US,Entry,Remote,74000.0,84941.0,"Julia, Java, Python"
Other Tech Role,Remote,Other US,Entry,Remote,96000.0,84060.0,"C++, Go, Julia, Python"
ML/AI Engineer,Remote,Other US,Entry,Remote,86500.0,84941.0,"Java, Julia, C++, Python"
ML/AI Engineer,Remote,Other US,Entry,Remote,101500.0,84941.0,"Scala, Python"
ML/AI Engineer,Remote,Other US,Entry,Remote,71000.0,84941.0,"Go, Python, Scala"
Other Tech Role,Remote,Other US,Entry,Remote,86500.0,84060.0,"Go, Bash, Scala, Python"
Other Tech Role,Remote,Other US,Entry,Remote,95500.0,84060.0,"Go, C++, Python"
Other Tech Role,Remote,Other US,Entry,Remote,75000.0,84060.0,"Go, Python"
ML/AI Engineer,Remote,Other US,Entry,Remote,77500.0,84941.0,"C++, Go, Python"
ML/AI Engineer,Remote,Other US,Entry,Remote,72000.0,84941.0,"SQL, Julia, C++, Python"
ML/AI Engineer,Remote,Other US,Entry,Remote,106500.0,84941.0,"Bash, Julia, Python"
Other Tech Role,Remote,Other US,Entry,Remote,70500.0,84060.0,"SQL, Python"
Data Scientist,Remote,Other US,Entry,Remote,103000.0,87271.0,"Julia, C++, Python"
Other Tech Role,Remote,Other US,Entry,Remote,97000.0,84060.0,"Julia, R, Python"
ML/AI Engineer,Remote,Other US,Entry,Remote,76000.0,84941.0,"Go, Python"
ML/AI Engineer,Remote,Other US,Entry,Remote,89000.0,84941.0,"Bash, Python"
ML/AI Engineer,Remote,Other US,Entry,Remote,91000.0,84941.0,"Java, Go, Python"
ML/AI Engineer,Remote,Other US,Entry,Remote,95000.0,84941.0,"R, Python, SQL"
ML/AI Engineer,Remote,Other US,Entry,Remote,98500.0,84941.0,"Python, R"
ML/AI Engineer,Remote,Other US,Entry,Remote,77000.0,84941.0,"Bash, C++, Python"
ML/AI Engineer,Remote,Other US,Entry,Remote,94500.0,84941.0,"Go, Python"
ML/AI Engineer,Remote,Other US,Entry,Remote,66000.0,84941.0,"Scala, R, Go, Python"
Other Tech Role,Remote,Other US,Entry,Remote,72000.0,84060.0,"Python, Bash"
ML/AI Engineer,Remote,Other US,Entry,Remote,70500.0,84941.0,"Scala, Go, Python"
ML/AI Engineer,Remote,Other US,Entry,Remote,75000.0,84941.0,"Java, Python"
Other Tech Role,Remote,Other US,Entry,Remote,72000.0,84060.0,"Java, Python"
Data Engineer,Remote,Other US,Entry,Remote,100500.0,87824.0,Python
Data Engineer,Remote,Other US,Entry,Remote,76500.0,87824.0,"Bash, Java, Python"
Data Scientist,Remote,Other US,Entry,Remote,97000.0,87271.0,"C++, Python"
ML/AI Engineer,Remote,Other US,Entry,Remote,96000.0,84941.0,"Bash, R, Python"
ML/AI Engineer,Remote,Other US,Entry,Remote,90000.0,84941.0,"Scala, Python"
ML/AI Engineer,Remote,Other US,Entry,Remote,97000.0,84941.0,"Julia, Go, Java, Python"
Other Tech Role,Remote,Other US,Entry,Remote,65000.0,84060.0,Python
Other Tech Role,Remote,Other US,Entry,Remote,72500.0,84060.0,"R, Julia, Python"
Other Tech Role,Remote,Other US,Entry,Remote,72000.0,84060.0,"R, Python"
Other Tech Role,Remote,Other US,Entry,Remote,97500.0,84060.0,"C++, Bash, Julia, Python"
Other Tech Role,Remote,Other US,Entry,Remote,101000.0,84060.0,"Python, Julia"
Other Tech Role,Remote,Other US,Entry,Remote,71500.0,84060.0,"Python, Scala, SQL"
Other Tech Role,Remote,Other US,Entry,Remote,93000.0,84060.0,"Bash, Julia, Python"
Other Tech Role,Remote,Other US,Entry,Remote,95000.0,84060.0,"C++, Python"
Other Tech Role,Remote,Other US,Entry,Remote,101500.0,84060.0,"Bash, Python"
ML/AI Engineer,Remote,Other US,Entry,Remote,72000.0,84941.0,"C++, Go, Python"
ML/AI Engineer,Remote,Other US,Entry,Remote,97500.0,84941.0,"C++, Python"
ML/AI Engineer,Remote,Other US,Entry,Remote,65000.0,84941.0,"R, Java, Python"
ML/AI Engineer,Remote,Other US,Entry,Remote,72000.0,84941.0,"Julia, R, Python"
Other Tech Role,Remote,Other US,Entry,Remote,94000.0,84060.0,"Go, Scala, C++, Python"
Other Tech Role,Remote,Other US,Entry,Remote,75000.0,84060.0,"Go, Python"
Other Tech Role,Remote,Other US,Entry,Remote,94000.0,84060.0,"SQL, Bash, Python"
Other Tech Role,Remote,Other US,Entry,Remote,87000.0,84060.0,"SQL, Python"
ML/AI Engineer,Remote,Other US,Entry,Remote,99500.0,84941.0,"R, Scala, Julia, Python"
ML/AI Engineer,Remote,Other US,Entry,Remote,91500.0,84941.0,Python
ML/AI Engineer,Remote,Other US,Entry,Remote,70500.0,84941.0,"Java, Scala, R, Python"
ML/AI Engineer,Remote,Other US,Entry,Remote,86000.0,84941.0,"R, Bash, SQL, Python"
Data Engineer,Remote,Other US,Entry,Remote,94000.0,87824.0,"Java, Scala, Python"
Data Engineer,Remote,Other US,Entry,Remote,69500.0,87824.0,"C++, Python"
ML/AI Engineer,Remote,Other US,Entry,Remote,85500.0,84941.0,"SQL, Scala, Python"
ML/AI Engineer,Remote,Other US,Entry,Remote,67000.0,84941.0,"Python, Bash"
Other Tech Role,Remote,Other US,Entry,Remote,89500.0,84060.0,"C++, Python"
Other Tech Role,Remote,Other US,Entry,Remote,95000.0,84060.0,"SQL, Python"
Other Tech Role,Remote,Other US,Entry,Remote,71000.0,84060.0,"Go, Bash, Python"
ML/AI Engineer,Remote,Other US,Entry,Remote,103500.0,84941.0,"C++, Julia, Java, Python"
ML/AI Engineer,Remote,Other US,Entry,Remote,91500.0,84941.0,"Go, C++, Python"
ML/AI Engineer,Remote,Other US,Entry,Remote,101000.0,84941.0,"Java, Python"
ML/AI Engineer,Remote,Other US,Entry,Remote,67500.0,84941.0,"C++, Bash, Python"
Other Tech Role,Remote,Other US,Entry,Remote,100500.0,84060.0,"Bash, Scala, Python"
Other Tech Role,Remote,Other US,Entry,Remote,94500.0,84060.0,"Bash, SQL, Python"
Other Tech Role,Remote,Other US,Entry,Remote,100500.0,84060.0,"C++, Python, Julia"
Other Tech Role,Remote,Other US,Entry,Remote,69000.0,84060.0,"Julia, Python, R"
Other Tech Role,Remote,Other US,Entry,Remote,68500.0,84060.0,"Java, Bash, R, Python"
Other Tech Role,Remote,Other US,Entry,Remote,79000.0,84060.0,"Bash, R, Python"
Other Tech Role,Remote,Other US,Entry,Remote,93000.0,84060.0,"Java, Bash, Julia"
Other Tech Role,Remote,Other US,Entry,Remote,94000.0,84060.0,"Julia, Java, Python"
Other Tech Role,Remote,Other US,Entry,Remote,91500.0,84060.0,"Python, C++, Scala"
Other Tech Role,Remote,Other US,Entry,Remote,100500.0,84060.0,"Julia, Python"
Other Tech Role,Remote,Other US,Entry,Remote,75500.0,84060.0,"SQL, Python"
ML/AI Engineer,Remote,Other US,Entry,Remote,95500.0,84941.0,"Java, Bash, Scala, Python"
ML/AI Engineer,Remote,Other US,Entry,Remote,92000.0,84941.0,"SQL, Python"
ML/AI Engineer,Remote,Other US,Entry,Remote,63500.0,84941.0,"Bash, Python"
ML/AI Engineer,Remote,Other US,Entry,Remote,100500.0,84941.0,"Julia, Java, SQL, Python"
ML/AI Engineer,Remote,Other US,Entry,Remote,79000.0,84941.0,"C++, Python"
Other Tech Role,Remote,Other US,Entry,Remote,75500.0,84060.0,"Go, Java, Python"
Other Tech Role,Remote,Other US,Entry,Remote,93000.0,84060.0,"Java, C++, Python"
Data Scientist,Remote,Other US,Entry,Remote,77000.0,87271.0,"Scala, Julia, Python"
Other Tech Role,Remote,Other US,Entry,Remote,77000.0,84060.0,"SQL, Python"
ML/AI Engineer,Remote,Other US,Entry,Remote,66500.0,84941.0,"Bash, Julia, C++, Python"
ML/AI Engineer,Remote,Other US,Entry,Remote,95500.0,84941.0,"R, Python"
ML/AI Engineer,Remote,Other US,Entry,Remote,73000.0,84941.0,"Go, Java, Python"
ML/AI Engineer,Remote,Other US,Entry,Remote,69500.0,84941.0,"C++, Python, R"
Other Tech Role,Remote,Other US,Entry,Remote,99000.0,84060.0,"C++, Bash, Java"
Other Tech Role,Remote,Other US,Entry,Remote,102500.0,84060.0,"SQL, Bash, Python"
Other Tech Role,Remote,Other US,Entry,Remote,70000.0,84060.0,"Bash, Python"
Other Tech Role,Remote,Other US,Entry,Remote,100500.0,84060.0,"Go, Scala, Python"
ML/AI Engineer,Remote,Other US,Entry,Remote,96500.0,84941.0,"Go, C++, Python"
ML/AI Engineer,Remote,Other US,Entry,Remote,92000.0,84941.0,"Scala, Python, Java"
ML/AI Engineer,Remote,Other US,Entry,Remote,91000.0,84941.0,"R, SQL, Python"
ML/AI Engineer,Remote,Other US,Entry,Remote,99000.0,84941.0,"Julia, Scala, Python"
Other Tech Role,Remote,Other US,Entry,Remote,81000.0,84060.0,"Julia, Java, Python"
Data Engineer,Remote,Other US,Entry,Remote,88000.0,87824.0,"C++, Julia, Python"
Data Engineer,Remote,Other US,Entry,Remote,94500.0,87824.0,"Bash, Python"
Data Scientist,Remote,Other US,Entry,Remote,103500.0,87271.0,"Bash, Python"
Other Tech Role,Remote,Other US,Entry,Remote,70000.0,84060.0,"Go, Scala, Julia, Python"
Other Tech Role,Remote,Other US,Entry,Remote,94000.0,84060.0,"Python, Bash"
ML/AI Engineer,Remote,Other US,Entry,Remote,100000.0,84941.0,"Julia, Python"
ML/AI Engineer,Remote,Other US,Entry,Remote,72000.0,84941.0,"Go, Python"
ML/AI Engineer,Remote,Other US,Entry,Remote,104500.0,84941.0,"Python, Go, C++"
Other Tech Role,Remote,Other US,Entry,Remote,96000.0,84060.0,"Bash, Python, Julia"
Other Tech Role,Remote,Other US,Entry,Remote,76000.0,84060.0,"Python, Bash"
Other Tech Role,Remote,Other US,Entry,Remote,103000.0,84060.0,"R, Python"
Other Tech Role,Remote,Other US,Entry,Remote,70500.0,84060.0,"C++, Python, Java"
Other Tech Role,Remote,Other US,Entry,Remote,79000.0,84060.0,"SQL, Java, Python"
Other Tech Role,Remote,Other US,Entry,Remote,70000.0,84060.0,"Go, Python"
Other Tech Role,Remote,Other US,Entry,Remote,69000.0,84060.0,"Go, Python"
ML/AI Engineer,Remote,Other US,Entry,Remote,86000.0,84941.0,"Scala, Python"
ML/AI Engineer,Remote,Other US,Entry,Remote,70500.0,84941.0,"Java, Python"
Other Tech Role,Remote,Other US,Entry,Remote,74500.0,84060.0,"Java, Bash, Scala, Python"
Other Tech Role,Remote,Other US,Entry,Remote,82500.0,84060.0,"Scala, R, Go, Python"
Data Engineer,Remote,Other US,Entry,Remote,93000.0,87824.0,"Julia, Java, SQL, Python"
Data Engineer,Remote,Other US,Entry,Remote,68000.0,87824.0,Python
Data Engineer,Remote,Other US,Entry,Remote,77000.0,87824.0,"Bash, Python"
Data Engineer,Remote,Other US,Entry,Remote,74500.0,87824.0,"Bash, Python"
ML/AI Engineer,Remote,Other US,Entry,Remote,89000.0,84941.0,"Java, C++, Scala, Python"
ML/AI Engineer,Remote,Other US,Entry,Remote,96000.0,84941.0,Julia
ML/AI Engineer,Remote,Other US,Entry,Remote,96000.0,84941.0,"Python, Go"
ML/AI Engineer,Remote,Other US,Entry,Remote,70000.0,84941.0,"R, Python"
ML/AI Engineer,Remote,Other US,Entry,Remote,74500.0,84941.0,"R, Java, Scala, Python"
Other Tech Role,Remote,Other US,Entry,Remote,97000.0,84060.0,"Python, Java"
Other Tech Role,Remote,Other US,Entry,Remote,76500.0,84060.0,"Bash, Python"
Other Tech Role,Remote,Other US,Entry,Remote,98000.0,84060.0,"C++, Python"
Other Tech Role,Remote,Other US,Entry,Remote,103000.0,84060.0,"Julia, Go, Python"
Other Tech Role,Remote,Other US,Entry,Remote,73500.0,84060.0,"Python, Julia, Java"
ML/AI Engineer,Remote,Other US,Entry,Remote,94500.0,84941.0,"SQL, Go, Python"
ML/AI Engineer,Remote,Other US,Entry,Remote,92000.0,84941.0,"Go, Scala, SQL, Python"
Other Tech Role,Remote,Other US,Entry,Remote,99000.0,84060.0,"Go, Python"
Other Tech Role,Remote,Other US,Entry,Remote,74000.0,84060.0,"Bash, Java, R, Python"
Data Scientist,Remote,Other US,Entry,Remote,73000.0,87271.0,"Python, Bash, Go"
Other Tech Role,Remote,Other US,Entry,Remote,99000.0,84060.0,"R, Bash, Go, Python"
Other Tech Role,Remote,Other US,Entry,Remote,102000.0,84060.0,"Go, SQL, Python"
ML/AI Engineer,Remote,Other US,Entry,Remote,70500.0,84941.0,"C++, Bash, Python"
ML/AI Engineer,Remote,Other US,Entry,Remote,94500.0,84941.0,"Java, Python"
ML/AI Engineer,Remote,Other US,Entry,Remote,96000.0,84941.0,"Go, C++, R, Python"
ML/AI Engineer,Remote,Other US,Entry,Remote,99000.0,84941.0,"Bash, Python"
ML/AI Engineer,Remote,Other US,Entry,Remote,102000.0,84941.0,"Bash, C++, Java, Python"
Other Tech Role,Remote,Other US,Entry,Remote,68500.0,84060.0,"Java, Bash, Julia, Python"
Other Tech Role,Remote,Other US,Entry,Remote,77500.0,84060.0,"Go, Python"
ML/AI Engineer,Remote,Other US,Entry,Remote,77500.0,84941.0,"C++, Go, Python"
ML/AI Engineer,Remote,Other US,Entry,Remote,108000.0,84941.0,Java
ML/AI Engineer,Remote,Other US,Entry,Remote,70500.0,84941.0,"Scala, SQL, R, Python"
ML/AI Engineer,Remote,Other US,Entry,Remote,76000.0,84941.0,"SQL, Scala, Python"
Other Tech Role,Remote,Other US,Entry,Remote,72000.0,84060.0,"R, Go, Python"
Other Tech Role,Remote,Other US,Entry,Remote,73500.0,84060.0,"Scala, Python"
Data Engineer,Remote,Other US,Entry,Remote,99000.0,87824.0,"Julia, Go, Java, Python"
Data Engineer,Remote,Other US,Entry,Remote,108000.0,87824.0,"Go, Python"
Data Scientist,Remote,Other US,Entry,Remote,75000.0,87271.0,"Go, SQL, Python"
Other Tech Role,Remote,Other US,Entry,Remote,69500.0,84060.0,"Bash, Java, Julia"
ML/AI Engineer,Remote,Other US,Entry,Remote,93000.0,84941.0,"Python, Bash"
ML/AI Engineer,Remote,Other US,Entry,Remote,70500.0,84941.0,"Go, C++, R, Python"
ML/AI Engineer,Remote,Other US,Entry,Remote,79000.0,84941.0,"Java, R, C++, Python"
ML/AI Engineer,Remote,Other US,Entry,Remote,104000.0,84941.0,"Bash, Python"
ML/AI Engineer,Remote,Other US,Entry,Remote,70500.0,84941.0,"Go, Python"
ML/AI Engineer,Remote,Other US,Entry,Remote,98500.0,84941.0,"Bash, Python"
Other Tech Role,Remote,Other US,Entry,Remote,66000.0,84060.0,"Java, Python"
Other Tech Role,Remote,Other US,Entry,Remote,66000.0,84060.0,"Bash, SQL, Python"
Other Tech Role,Remote,Other US,Entry,Remote,70500.0,84060.0,"R, SQL, Python"
Other Tech Role,Remote,Other US,Entry,Remote,81500.0,84060.0,"SQL, C++, Python"
ML/AI Engineer,Remote,Other US,Entry,Remote,93000.0,84941.0,"Julia, Python"
ML/AI Engineer,Remote,Other US,Entry,Remote,71000.0,84941.0,"C++, Python"
ML/AI Engineer,Remote,Other US,Entry,Remote,98500.0,84941.0,"R, Bash, Go, Python"
Other Tech Role,Remote,Other US,Entry,Remote,71000.0,84060.0,"Scala, Java, Julia, Python"
Other Tech Role,Remote,Other US,Entry,Remote,97000.0,84060.0,"R, Julia, Python"
Other Tech Role,Remote,Other US,Entry,Remote,92500.0,84060.0,"R, Scala, C++, Python"
Other Tech Role,Remote,Other US,Entry,Remote,71500.0,84060.0,"Bash, Python"
Other Tech Role,Remote,Other US,Entry,Remote,76500.0,84060.0,"SQL, Bash, C++, Python"
Other Tech Role,Remote,Other US,Entry,Remote,69500.0,84060.0,"Go, SQL, Python"
ML/AI Engineer,Remote,Other US,Entry,Remote,95000.0,84941.0,"C++, Python"
Other Tech Role,Remote,Other US,Entry,Remote,105500.0,84060.0,"Julia, C++, Python"
Other Tech Role,Remote,Other US,Entry,Remote,74500.0,84060.0,"Julia, Scala, Python"
ML/AI Engineer,Remote,Other US,Entry,Remote,73000.0,84941.0,"C++, Bash, Scala, Python"
Other Tech Role,Remote,Other US,Entry,Remote,97000.0,84060.0,"Java, Python"
Other Tech Role,Remote,Other US,Entry,Remote,99500.0,84060.0,"Bash, R, Python"
Other Tech Role,Remote,Other US,Entry,Remote,86000.0,84060.0,"Julia, Go, Bash, Python"
ML/AI Engineer,Remote,Other US,Entry,Remote,70000.0,84941.0,"SQL, Python"
ML/AI Engineer,Remote,Other US,Entry,Remote,91000.0,84941.0,"Python, Bash"
ML/AI Engineer,Remote,Other US,Entry,Remote,95000.0,84941.0,"Bash, Python"
ML/AI Engineer,Remote,Other US,Entry,Remote,76000.0,84941.0,"Java, Python"
ML/AI Engineer,Remote,Other US,Entry,Remote,92000.0,84941.0,"R, Python"
ML/AI Engineer,Remote,Other US,Entry,Remote,71500.0,84941.0,"Scala, Bash, Python"
Other Tech Role,Remote,Other US,Entry,Remote,102500.0,84060.0,"R, Python"
Other Tech Role,Remote,Other US,Entry,Remote,69500.0,84060.0,"Go, R, Python"
Other Tech Role,Remote,Other US,Entry,Remote,91000.0,84060.0,"R, Python"
Other Tech Role,Remote,Other US,Entry,Remote,99500.0,84060.0,"R, Bash, Python"
Other Tech Role,Remote,Other US,Entry,Remote,106000.0,84060.0,"Java, C++, Scala, Python"
Other Tech Role,Remote,Other US,Entry,Remote,71500.0,84060.0,"Python, Scala"
ML/AI Engineer,Remote,Other US,Entry,Remote,74500.0,84941.0,"Scala, Bash, C++"
ML/AI Engineer,Remote,Other US,Entry,Remote,94000.0,84941.0,"C++, R, Bash, Python"
ML/AI Engineer,Remote,Other US,Entry,Remote,98500.0,84941.0,"Bash, Python"
Other Tech Role,Remote,Other US,Entry,Remote,77000.0,84060.0,"SQL, Scala, Python"
Other Tech Role,Remote,Other US,Entry,Remote,77000.0,84060.0,"C++, Python"
ML/AI Engineer,Remote,Other US,Entry,Remote,79500.0,84941.0,Scala
Other Tech Role,Remote,Other US,Entry,Remote,80500.0,84060.0,"Bash, Go, Python"
ML/AI Engineer,Remote,Other US,Entry,Remote,100500.0,84941.0,"Java, Julia, Python"
ML/AI Engineer,Remote,Other US,Entry,Remote,72000.0,84941.0,"Julia, Python"
Other Tech Role,Remote,Other US,Entry,Remote,96500.0,84060.0,"Julia, Python, R"
Other Tech Role,Remote,Other US,Entry,Remote,75500.0,84060.0,"Scala, Python, SQL"
Other Tech Role,Remote,Other US,Entry,Remote,74500.0,84060.0,Julia
Other Tech Role,Remote,Other US,Entry,Remote,72000.0,84060.0,"Scala, Python"
Other Tech Role,Remote,Other US,Entry,Remote,80000.0,84060.0,"Java, Python, Julia"
ML/AI Engineer,Remote,Other US,Entry,Remote,69500.0,84941.0,"SQL, Scala, Python"
ML/AI Engineer,Remote,Other US,Entry,Remote,93000.0,84941.0,"R, Python, C++"
ML/AI Engineer,Remote,Other US,Entry,Remote,70000.0,84941.0,"Java, SQL, R, Python"
ML/AI Engineer,Remote,Other US,Entry,Remote,81500.0,84941.0,"R, Python"
ML/AI Engineer,Remote,Other US,Entry,Remote,75500.0,84941.0,"Bash, Go, Python"
Other Tech Role,Remote,Other US,Entry,Remote,89500.0,84060.0,"Bash, Python"
Data Engineer,Remote,Other US,Entry,Remote,94000.0,87824.0,"R, Go, Python"
Other Tech Role,Remote,Other US,Entry,Remote,100000.0,84060.0,"Scala, Python"
Other Tech Role,Remote,Other US,Entry,Remote,68500.0,84060.0,"Python, R, Java"
ML/AI Engineer,Remote,Other US,Entry,Remote,79500.0,84941.0,"R, Scala, Python"
ML/AI Engineer,Remote,Other US,Entry,Remote,73500.0,84941.0,"Julia, Python"
ML/AI Engineer,Remote,Other US,Entry,Remote,105500.0,84941.0,"Bash, C++, Scala, Python"
ML/AI Engineer,Remote,Other US,Entry,Remote,70000.0,84941.0,"C++, SQL, Bash, Python"
ML/AI Engineer,Remote,Other US,Entry,Remote,68500.0,84941.0,"SQL, Python"
ML/AI Engineer,Remote,Other US,Entry,Remote,94000.0,84941.0,"Bash, Julia, Java, Python"
ML/AI Engineer,Remote,Other US,Entry,Remote,98000.0,84941.0,"C++, Julia, Python"
Other Tech Role,Remote,Other US,Entry,Remote,99000.0,84060.0,"Go, Bash, Python"
Other Tech Role,Remote,Other US,Entry,Remote,97500.0,84060.0,"Bash, Julia, Python"
Other Tech Role,Remote,Other US,Entry,Remote,76000.0,84060.0,"R, Python"
Other Tech Role,Remote,Other US,Entry,Remote,67500.0,84060.0,"R, Java, Python"
ML/AI Engineer,Remote,Other US,Entry,Remote,70000.0,84941.0,"C++, Julia, Bash, Python"
ML/AI Engineer,Remote,Other US,Entry,Remote,76500.0,84941.0,"Go, Python, Julia"
ML/AI Engineer,Remote,Other US,Entry,Remote,87000.0,84941.0,"Bash, C++, Go, Python"
ML/AI Engineer,Remote,Other US,Entry,Remote,86000.0,84941.0,"SQL, C++, Go, Python"
ML/AI Engineer,Remote,Other US,Entry,Remote,96500.0,84941.0,"SQL, Scala, Python"
ML/AI Engineer,Remote,Other US,Entry,Remote,97000.0,84941.0,"R, Python"
ML/AI Engineer,Remote,Other US,Entry,Remote,101500.0,84941.0,"Julia, Scala, Python"
Data Engineer,Remote,Other US,Entry,Remote,95000.0,87824.0,"Julia, Scala, Go, Python"
ML/AI Engineer,Remote,Other US,Entry,Remote,81500.0,84941.0,"Python, Julia"
ML/AI Engineer,Remote,Other US,Entry,Remote,79500.0,84941.0,"Java, Julia, Python"
ML/AI Engineer,Remote,Other US,Entry,Remote,67000.0,84941.0,"Java, Python"
ML/AI Engineer,Remote,Other US,Entry,Remote,69000.0,84941.0,"R, Python"
ML/AI Engineer,Remote,Other US,Entry,Remote,69000.0,84941.0,"SQL, Bash, Python"
Other Tech Role,Remote,Other US,Entry,Remote,95500.0,84060.0,"Python, Go, C++"
Other Tech Role,Remote,Other US,Entry,Remote,68500.0,84060.0,"SQL, C++, Python"
Other Tech Role,Remote,Other US,Entry,Remote,76000.0,84060.0,"SQL, C++, Python"
ML/AI Engineer,Remote,Other US,Entry,Remote,98000.0,84941.0,"SQL, Scala, Java, Python"
ML/AI Engineer,Remote,Other US,Entry,Remote,92500.0,84941.0,"Scala, C++, Python"
ML/AI Engineer,Remote,Other US,Entry,Remote,98500.0,84941.0,"Scala, Bash, Python"
ML/AI Engineer,Remote,Other US,Entry,Remote,93000.0,84941.0,"Bash, Python, Scala"
ML/AI Engineer,Remote,Other US,Entry,Remote,91500.0,84941.0,"SQL, Python"
ML/AI Engineer,Remote,Other US,Entry,Remote,103500.0,84941.0,"R, Scala, Python"
ML/AI Engineer,Remote,Other US,Entry,Remote,72500.0,84941.0,"Julia, Python"
Other Tech Role,Remote,Other US,Entry,Remote,71000.0,84060.0,"R, Python"
Data Engineer,Remote,Other US,Entry,Remote,107000.0,87824.0,"C++, Python"
Data Scientist,Remote,Other US,Entry,Remote,86500.0,87271.0,"Go, R, Python"
Data Scientist,Remote,Other US,Entry,Remote,77500.0,87271.0,"R, Scala, Python"
Data Scientist,Remote,Other US,Entry,Remote,80500.0,87271.0,"Julia, Bash, Python"
ML/AI Engineer,Remote,Other US,Entry,Remote,99500.0,84941.0,"Go, Bash, Python"
ML/AI Engineer,Remote,Other US,Entry,Remote,72000.0,84941.0,"Bash, C++, Python"
Other Tech Role,Remote,Other US,Entry,Remote,97000.0,84060.0,"Java, Python"
ML/AI Engineer,Remote,Other US,Entry,Remote,100500.0,84941.0,"Bash, Python"
Other Tech Role,Remote,Other US,Entry,Remote,76000.0,84060.0,"Julia, Python"
Other Tech Role,Remote,Other US,Entry,Remote,86000.0,84060.0,"Scala, C++, Julia, Python"
Other Tech Role,Remote,Other US,Entry,Remote,70500.0,84060.0,"R, Scala, Julia, Python"
ML/AI Engineer,Remote,Other US,Entry,Remote,104000.0,84941.0,"Go, Julia, C++, Python"
ML/AI Engineer,Remote,Other US,Entry,Remote,73000.0,84941.0,"Bash, SQL, Python"
Other Tech Role,Remote,Other US,Entry,Remote,74000.0,84060.0,"SQL, Bash, C++, Python"
Other Tech Role,Remote,Other US,Entry,Remote,78500.0,84060.0,"Scala, Python"
Other Tech Role,Remote,Other US,Entry,Remote,97500.0,84060.0,"R, Python"
ML/AI Engineer,Remote,Other US,Entry,Remote,93000.0,84941.0,"Scala, Python"
Other Tech Role,Remote,Other US,Entry,Remote,77500.0,84060.0,"R, Python"
ML/AI Engineer,Remote,Other US,Entry,Remote,106000.0,84941.0,"Python, C++"
ML/AI Engineer,Remote,Other US,Entry,Remote,92500.0,84941.0,"Python, Scala, Java"
Other Tech Role,Remote,Other US,Entry,Remote,76500.0,84060.0,"C++, Python, Julia"
Other Tech Role,Remote,Other US,Entry,Remote,94500.0,84060.0,"Julia, C++, Python"
Other Tech Role,Remote,Other US,Entry,Remote,74000.0,84060.0,"Go, Julia, Java, Python"
ML/AI Engineer,Remote,Other US,Entry,Remote,66500.0,84941.0,"SQL, Java, R, Python"
Other Tech Role,Remote,Other US,Entry,Remote,69500.0,84060.0,"Java, Python"
ML/AI Engineer,Remote,Other US,Entry,Remote,67500.0,84941.0,"Java, Bash, Julia, Python"
ML/AI Engineer,Remote,Other US,Entry,Remote,74500.0,84941.0,"Bash, Scala, Python"
ML/AI Engineer,Remote,Other US,Entry,Remote,72500.0,84941.0,"Julia, C++, Python"
ML/AI Engineer,Remote,Other US,Entry,Remote,73500.0,84941.0,"Go, Java, SQL, Python"
Other Tech Role,Remote,Other US,Entry,Remote,89000.0,84060.0,"Python, Go"
Other Tech Role,Remote,Other US,Entry,Remote,73500.0,84060.0,"Julia, Java, Bash, Python"
Other Tech Role,Remote,Other US,Entry,Remote,86000.0,84060.0,"Bash, C++, Scala"
Other Tech Role,Remote,Other US,Entry,Remote,106500.0,84060.0,"Bash, Julia, SQL, Python"
Other Tech Role,Remote,Other US,Entry,Remote,93500.0,84060.0,"Bash, Python"
Other Tech Role,Remote,Other US,Entry,Remote,71500.0,84060.0,"Bash, Go, C++, Python"
ML/AI Engineer,Remote,Other US,Entry,Remote,102500.0,84941.0,"C++, Bash, R, Python"
ML/AI Engineer,Remote,Other US,Entry,Remote,106500.0,84941.0,"Java, Go"
ML/AI Engineer,Remote,Other US,Entry,Remote,95500.0,84941.0,"Go, Python"
Data Engineer,Remote,Other US,Entry,Remote,69000.0,87824.0,"Go, Bash, SQL, Python"
Data Scientist,Remote,Other US,Entry,Remote,74000.0,87271.0,"R, Python"
ML/AI Engineer,Remote,Other US,Entry,Remote,92000.0,84941.0,"C++, Python"
Other Tech Role,Remote,Other US,Entry,Remote,93000.0,84060.0,"Scala, C++, Python"
Other Tech Role,Remote,Other US,Entry,Remote,74000.0,84060.0,"C++, Python"
ML/AI Engineer,Remote,Other US,Entry,Remote,97000.0,84941.0,"R, Go, Python"
ML/AI Engineer,Remote,Other US,Entry,Remote,73000.0,84941.0,Julia
ML/AI Engineer,Remote,Other US,Entry,Remote,74000.0,84941.0,"Go, Python"
ML/AI Engineer,Remote,Other US,Entry,Remote,74500.0,84941.0,Julia
Other Tech Role,Remote,Other US,Entry,Remote,93500.0,84060.0,"Java, C++, Python"
Other Tech Role,Remote,Other US,Entry,Remote,77500.0,84060.0,"SQL, Python"
Other Tech Role,Remote,Other US,Entry,Remote,75000.0,84060.0,Java
Other Tech Role,Remote,Other US,Entry,Remote,93000.0,84060.0,"Java, Bash, Julia, Python"
Other Tech Role,Remote,Other US,Entry,Remote,72500.0,84060.0,"Bash, SQL, Python"
Other Tech Role,Remote,Other US,Entry,Remote,70000.0,84060.0,"Julia, Scala, Go, Python"
ML/AI Engineer,Remote,Other US,Entry,Remote,74000.0,84941.0,"Go, Python"
ML/AI Engineer,Remote,Other US,Entry,Remote,81500.0,84941.0,"SQL, Python"
ML/AI Engineer,Remote,Other US,Entry,Remote,94500.0,84941.0,"Java, Python"
Other Tech Role,Remote,Other US,Entry,Remote,94500.0,84060.0,"C++, Python"
Data Engineer,Remote,Other US,Entry,Remote,74500.0,87824.0,"Scala, Go, C++, Python"
Other Tech Role,Remote,Other US,Entry,Remote,70000.0,84060.0,"C++, Bash, SQL, Python"
Other Tech Role,Remote,Other US,Entry,Remote,75500.0,84060.0,"Scala, Bash, R, Python"
Other Tech Role,Remote,Other US,Entry,Remote,95000.0,84060.0,"Go, Bash, Python"
ML/AI Engineer,Remote,Other US,Entry,Remote,81500.0,84941.0,"Bash, Julia, Go, Python"
Other Tech Role,Remote,Other US,Entry,Remote,68500.0,84060.0,"R, Python"
Other Tech Role,Remote,Other US,Entry,Remote,71000.0,84060.0,"SQL, Python, C++"
Other Tech Role,Remote,Other US,Entry,Remote,93500.0,84060.0,"SQL, Python"
Other Tech Role,Remote,Other US,Entry,Remote,74500.0,84060.0,"Julia, C++, Python"
ML/AI Engineer,Remote,Other US,Entry,Remote,92000.0,84941.0,"Julia, Python"
ML/AI Engineer,Remote,Other US,Entry,Remote,95000.0,84941.0,"Julia, Python, C++"
ML/AI Engineer,Remote,Other US,Entry,Remote,105000.0,84941.0,"R, Bash, Go, Python"
ML/AI Engineer,Remote,Other US,Entry,Remote,98000.0,84941.0,"Java, Go, Python"
ML/AI Engineer,Remote,Other US,Entry,Remote,66000.0,84941.0,"Go, Julia, Bash, Python"
ML/AI Engineer,Remote,Other US,Entry,Remote,80000.0,84941.0,"SQL, Python"
Other Tech Role,Remote,Other US,Entry,Remote,71000.0,84060.0,"Go, Scala, Python"
Other Tech Role,Remote,Other US,Entry,Remote,76500.0,84060.0,"Java, Python"
Other Tech Role,Remote,Other US,Entry,Remote,79000.0,84060.0,"Go, R, Python"
Data Scientist,Remote,Other US,Entry,Remote,74500.0,87271.0,"Julia, C++, Python"
Other Tech Role,Remote,Other US,Entry,Remote,77500.0,84060.0,"Scala, Julia, Go, Python"
Other Tech Role,Remote,Other US,Entry,Remote,94500.0,84060.0,"SQL, Bash, Python"
ML/AI Engineer,Remote,Other US,Entry,Remote,96000.0,84941.0,"Go, SQL, Python"
ML/AI Engineer,Remote,Other US,Entry,Remote,104000.0,84941.0,"Go, Java, Bash, Python"
ML/AI Engineer,Remote,Other US,Entry,Remote,95000.0,84941.0,"C++, Python"
Other Tech Role,Remote,Other US,Entry,Remote,98000.0,84060.0,"Julia, Python"
Other Tech Role,Remote,Other US,Entry,Remote,75500.0,84060.0,"Go, Julia, Java, Python"
Other Tech Role,Remote,Other US,Entry,Remote,73000.0,84060.0,"Scala, Julia, Python"
Other Tech Role,Remote,Other US,Entry,Remote,72500.0,84060.0,"SQL, C++, Bash, Python"
Other Tech Role,Remote,Other US,Entry,Remote,99000.0,84060.0,"Python, Java, C++"
ML/AI Engineer,Remote,Other US,Entry,Remote,98000.0,84941.0,"Julia, R, SQL, Python"
Other Tech Role,Remote,Other US,Entry,Remote,94500.0,84060.0,"Julia, Java, Python"
Other Tech Role,Remote,Other US,Entry,Remote,73500.0,84060.0,"Bash, Python"
Data Scientist,Remote,Other US,Entry,Remote,66500.0,87271.0,"R, C++, Python"
Other Tech Role,Remote,Other US,Entry,Remote,93000.0,84060.0,"Go, SQL, Python"
ML/AI Engineer,Remote,Other US,Entry,Remote,75500.0,84941.0,"Go, Python, C++"
Other Tech Role,Remote,Other US,Entry,Remote,72500.0,84060.0,"Java, Bash, Go, Python"
Other Tech Role,Remote,Other US,Entry,Remote,67500.0,84060.0,"C++, Java, SQL, Python"
Other Tech Role,Remote,Other US,Entry,Remote,94500.0,84060.0,"SQL, Java, Scala, Python"
Other Tech Role,Remote,Other US,Entry,Remote,97500.0,84060.0,"SQL, C++, Python"
Other Tech Role,Remote,Other US,Entry,Remote,96500.0,84060.0,"Julia, C++, Python"
ML/AI Engineer,Remote,Other US,Entry,Remote,85000.0,84941.0,"C++, Python"
ML/AI Engineer,Remote,Other US,Entry,Remote,69500.0,84941.0,"Bash, Java, Julia, Python"
ML/AI Engineer,Remote,Other US,Entry,Remote,97500.0,84941.0,"Scala, Julia, Bash, Python"
ML/AI Engineer,Remote,Other US,Entry,Remote,71500.0,84941.0,"Julia, C++, Python"
ML/AI Engineer,Remote,Other US,Entry,Remote,100500.0,84941.0,"Go, C++, Python"
ML/AI Engineer,Remote,Other US,Entry,Remote,71500.0,84941.0,"C++, Python"
Other Tech Role,Remote,Other US,Entry,Remote,99000.0,84060.0,"Bash, Python"
Other Tech Role,Remote,Other US,Entry,Remote,76500.0,84060.0,"Go, Python"
Other Tech Role,Remote,Other US,Entry,Remote,96500.0,84060.0,"Bash, Python"
Other Tech Role,Remote,Other US,Entry,Remote,96500.0,84060.0,Python
ML/AI Engineer,Remote,Other US,Entry,Remote,94000.0,84941.0,Python
ML/AI Engineer,Remote,Other US,Entry,Remote,93500.0,84941.0,"Go, Python"
ML/AI Engineer,Remote,Other US,Entry,Remote,91500.0,84941.0,"Scala, Python"
ML/AI Engineer,Remote,Other US,Entry,Remote,103000.0,84941.0,"Julia, C++, Java, Python"
ML/AI Engineer,Remote,Other US,Entry,Remote,68500.0,84941.0,"C++, Bash, Python"
ML/AI Engineer,Remote,Other US,Entry,Remote,96500.0,84941.0,"Go, Python"
Other Tech Role,Remote,Other US,Entry,Remote,94500.0,84060.0,"Go, Bash, Python"
Other Tech Role,Remote,Other US,Entry,Remote,80000.0,84060.0,"Julia, Go, Python"
Other Tech Role,Remote,Other US,Entry,Remote,103000.0,84060.0,"C++, Scala, Julia, Python"
Other Tech Role,Remote,Other US,Entry,Remote,104500.0,84060.0,"Java, Julia, C++"
Other Tech Role,Remote,Other US,Entry,Remote,67500.0,84060.0,"Java, Julia, R, Python"
ML/AI Engineer,Remote,Other US,Entry,Remote,99000.0,84941.0,"R, Python"
ML/AI Engineer,Remote,Other US,Entry,Remote,98000.0,84941.0,"Scala, C++, Python"
ML/AI Engineer,Remote,Other US,Entry,Remote,75500.0,84941.0,"Python, R, Go"
ML/AI Engineer,Remote,Other US,Entry,Remote,74500.0,84941.0,"Bash, Python"
Other Tech Role,Remote,Other US,Entry,Remote,72500.0,84060.0,"Bash, R, Python"
Other Tech Role,Remote,Other US,Entry,Remote,81500.0,84060.0,"Go, Python, SQL"
Data Engineer,Remote,Other US,Entry,Remote,95500.0,87824.0,"Julia, Python"
Data Engineer,Remote,Other US,Entry,Remote,65000.0,87824.0,R
Data Scientist,Remote,Other US,Entry,Remote,99000.0,87271.0,"R, Julia, C++, Python"
Data Scientist,Remote,Other US,Entry,Remote,98000.0,87271.0,"Java, Python"
ML/AI Engineer,Remote,Other US,Entry,Remote,97000.0,84941.0,"Bash, Java, Python"
ML/AI Engineer,Remote,Other US,Entry,Remote,80500.0,84941.0,"Julia, R, Python"
Other Tech Role,Remote,Other US,Entry,Remote,82000.0,84060.0,"Java, Bash, Python"
ML/AI Engineer,Remote,Other US,Entry,Remote,98000.0,84941.0,"Bash, Go"
ML/AI Engineer,Remote,Other US,Entry,Remote,77500.0,84941.0,"Go, R, Java, Python"
ML/AI Engineer,Remote,Other US,Entry,Remote,99500.0,84941.0,"C++, R, Bash, Python"
ML/AI Engineer,Remote,Other US,Entry,Remote,72000.0,84941.0,"Julia, Java, Python"
ML/AI Engineer,Remote,Other US,Entry,Remote,76000.0,84941.0,"SQL, R, Scala, Python"
Other Tech Role,Remote,Other US,Entry,Remote,99500.0,84060.0,"Go, Scala, Python"
Other Tech Role,Remote,Other US,Entry,Remote,75000.0,84060.0,"Scala, Java, Python"
ML/AI Engineer,Remote,Other US,Entry,Remote,64000.0,84941.0,"Java, Python"
ML/AI Engineer,Remote,Other US,Entry,Remote,97000.0,84941.0,"C++, R, SQL, Python"
ML/AI Engineer,Remote,Other US,Entry,Remote,91500.0,84941.0,"Bash, Python"
ML/AI Engineer,Remote,Other US,Entry,Remote,69000.0,84941.0,"Scala, SQL, Bash, Python"
ML/AI Engineer,Remote,Other US,Entry,Remote,76500.0,84941.0,"R, SQL, Bash, Python"
Other Tech Role,Remote,Other US,Entry,Remote,99500.0,84060.0,"R, Python"
Data Engineer,Remote,Other US,Entry,Remote,74500.0,87824.0,"Go, Bash, Python"
Other Tech Role,Remote,Other US,Entry,Remote,72500.0,84060.0,"SQL, Python"
ML/AI Engineer,Remote,Other US,Entry,Remote,75000.0,84941.0,"Go, Julia, Python"
ML/AI Engineer,Remote,Other US,Entry,Remote,88500.0,84941.0,"Bash, Python"
Other Tech Role,Remote,Other US,Entry,Remote,77500.0,84060.0,"C++, Julia, Python"
Other Tech Role,Remote,Other US,Entry,Remote,73000.0,84060.0,"C++, Julia, Scala, Python"
ML/AI Engineer,Remote,Other US,Entry,Remote,74000.0,84941.0,"Python, Julia"
ML/AI Engineer,Remote,Other US,Entry,Remote,72500.0,84941.0,"Go, Python"
ML/AI Engineer,Remote,Other US,Entry,Remote,88500.0,84941.0,"Bash, SQL, Python"
ML/AI Engineer,Remote,Other US,Entry,Remote,73500.0,84941.0,"R, Scala, Bash, Python"
Other Tech Role,Remote,Other US,Entry,Remote,72500.0,84060.0,"Bash, C++, SQL, Python"
Data Engineer,Remote,Other US,Entry,Remote,73500.0,87824.0,"Scala, Julia, Java, Python"
Data Scientist,Remote,Other US,Entry,Remote,102000.0,87271.0,"SQL, Java, C++, Python"
Other Tech Role,Remote,Other US,Entry,Remote,67000.0,84060.0,"Bash, Python"
ML/AI Engineer,Remote,Other US,Entry,Remote,71500.0,84941.0,"Julia, Java, SQL, Python"
Other Tech Role,Remote,Other US,Entry,Remote,95000.0,84060.0,"Julia, R, Python"
Other Tech Role,Remote,Other US,Entry,Remote,69500.0,84060.0,"Python, R"
ML/AI Engineer,Remote,Other US,Entry,Remote,104000.0,84941.0,"R, Python"
ML/AI Engineer,Remote,Other US,Entry,Remote,74500.0,84941.0,Python
Other Tech Role,Remote,Other US,Entry,Remote,98000.0,84060.0,"Bash, C++, Python"
ML/AI Engineer,Remote,Other US,Entry,Remote,93000.0,84941.0,"Java, SQL, C++, Python"
ML/AI Engineer,Remote,Other US,Entry,Remote,96000.0,84941.0,"Bash, Go, Python"
ML/AI Engineer,Remote,Other US,Entry,Remote,96500.0,84941.0,"Go, Python"
Other Tech Role,Remote,Other US,Entry,Remote,71000.0,84060.0,"C++, Python"
ML/AI Engineer,Remote,Other US,Entry,Remote,100000.0,84941.0,"R, Python"
ML/AI Engineer,Remote,Other US,Entry,Remote,69500.0,84941.0,"R, Python"
Other Tech Role,Remote,Other US,Entry,Remote,65500.0,84060.0,"C++, Bash, Java, Python"
ML/AI Engineer,Remote,Other US,Entry,Remote,94500.0,84941.0,Python
ML/AI Engineer,Remote,Other US,Entry,Remote,68000.0,84941.0,"Go, Python, SQL"
ML/AI Engineer,Remote,Other US,Entry,Remote,74000.0,84941.0,"Go, R, Python"
ML/AI Engineer,Remote,Other US,Entry,Remote,71500.0,84941.0,"Python, Scala, C++"
ML/AI Engineer,Remote,Other US,Entry,Remote,71000.0,84941.0,"Bash, Python"
ML/AI Engineer,Remote,Other US,Entry,Remote,71500.0,84941.0,"Go, Python"
ML/AI Engineer,Remote,Other US,Entry,Remote,96000.0,84941.0,"Java, C++, Python"
ML/AI Engineer,Remote,Other US,Entry,Remote,73500.0,84941.0,"Go, Java, C++, Python"
Other Tech Role,Remote,Other US,Entry,Remote,65500.0,84060.0,"Bash, SQL, Java"
ML/AI Engineer,Remote,Other US,Entry,Remote,75500.0,84941.0,Python
Other Tech Role,Remote,Other US,Entry,Remote,90000.0,84060.0,"Scala, Julia, Go, Python"
Other Tech Role,Remote,Other US,Entry,Remote,76500.0,84060.0,"Scala, Python, Julia"
Data Scientist,Remote,Other US,Entry,Remote,66500.0,87271.0,"SQL, Go, Python"
Other Tech Role,Remote,Other US,Entry,Remote,70500.0,84060.0,"Julia, Python"
ML/AI Engineer,Remote,Other US,Entry,Remote,73500.0,84941.0,"C++, R, Julia, Python"
ML/AI Engineer,Remote,Other US,Entry,Remote,74000.0,84941.0,"Scala, Python"
ML/AI Engineer,Remote,Other US,Entry,Remote,101000.0,84941.0,"C++, Bash, R, Python"
Other Tech Role,Remote,Other US,Entry,Remote,69500.0,84060.0,"C++, Java, Python"
Other Tech Role,Remote,Other US,Entry,Remote,77500.0,84060.0,"SQL, Scala, Java, Python"
Other Tech Role,Remote,Other US,Entry,Remote,96000.0,84060.0,"Julia, R, Java, Python"
ML/AI Engineer,Remote,Other US,Entry,Remote,71500.0,84941.0,"Java, R, Python"
ML/AI Engineer,Remote,Other US,Entry,Remote,94000.0,84941.0,"Python, Scala"
Other Tech Role,Remote,Other US,Entry,Remote,98500.0,84060.0,"R, C++, Python"
Other Tech Role,Remote,Other US,Entry,Remote,94000.0,84060.0,"Go, Java, R, Python"
Other Tech Role,Remote,Other US,Entry,Remote,106000.0,84060.0,"Julia, Python"
Data Engineer,Remote,Other US,Entry,Remote,69000.0,87824.0,"Python, C++"
Other Tech Role,Remote,Other US,Entry,Remote,100000.0,84060.0,"Java, Bash, SQL, Python"
Other Tech Role,Remote,Other US,Entry,Remote,74500.0,84060.0,"Bash, SQL, Python"
Other Tech Role,Remote,Other US,Entry,Remote,80000.0,84060.0,"R, Bash, Java, Python"
ML/AI Engineer,Remote,Other US,Entry,Remote,77000.0,84941.0,"Scala, Bash, Python"
ML/AI Engineer,Remote,Other US,Entry,Remote,92000.0,84941.0,"C++, Scala, Python"
ML/AI Engineer,Remote,Other US,Entry,Remote,104500.0,84941.0,"Java, Python"
ML/AI Engineer,Remote,Other US,Entry,Remote,73000.0,84941.0,"C++, Python"
ML/AI Engineer,Remote,Other US,Entry,Remote,85500.0,84941.0,Python
ML/AI Engineer,Remote,Other US,Entry,Remote,92500.0,84941.0,"Go, Java, Scala, Python"
ML/AI Engineer,Remote,Other US,Entry,Remote,94500.0,84941.0,"Scala, Julia, Java, Python"
ML/AI Engineer,Remote,Other US,Entry,Remote,96500.0,84941.0,"Go, Julia, Bash, Python"
Other Tech Role,Remote,Other US,Entry,Remote,69500.0,84060.0,"SQL, Python"
Other Tech Role,Remote,Other US,Entry,Remote,94500.0,84060.0,"SQL, Python"
Other Tech Role,Remote,Other US,Entry,Remote,77500.0,84060.0,"Go, Python"
Other Tech Role,Remote,Other US,Entry,Remote,75500.0,84060.0,"Python, Bash, R"
ML/AI Engineer,Remote,Other US,Entry,Remote,96500.0,84941.0,"Bash, C++, Scala, Python"
ML/AI Engineer,Remote,Other US,Entry,Remote,72000.0,84941.0,"R, Scala, Go, Python"
ML/AI Engineer,Remote,Other US,Entry,Remote,72000.0,84941.0,"Java, Python"
Data Engineer,Remote,Other US,Entry,Remote,97500.0,87824.0,"Bash, SQL, Python"
Data Engineer,Remote,Other US,Entry,Remote,92000.0,87824.0,"SQL, Scala, Go, Python"
Data Scientist,Remote,Other US,Entry,Remote,91000.0,87271.0,"Julia, Java, Python"
Other Tech Role,Remote,Other US,Entry,Remote,101500.0,84060.0,"Bash, Python"
ML/AI Engineer,Remote,Other US,Entry,Remote,105000.0,84941.0,"R, Python"
ML/AI Engineer,Remote,Other US,Entry,Remote,90500.0,84941.0,"Julia, Go, Python"
Other Tech Role,Remote,Other US,Entry,Remote,93500.0,84060.0,"Bash, Python, Julia"
Other Tech Role,Remote,Other US,Entry,Remote,94000.0,84060.0,"Java, Python"
Other Tech Role,Remote,Other US,Entry,Remote,67500.0,84060.0,"Bash, SQL, Python"
Other Tech Role,Remote,Other US,Entry,Remote,102500.0,84060.0,"Python, Bash, R"
Other Tech Role,Remote,Other US,Entry,Remote,94000.0,84060.0,"SQL, Julia, Java, Python"
Other Tech Role,Remote,Other US,Entry,Remote,96500.0,84060.0,"Scala, C++, Python"
ML/AI Engineer,Remote,Other US,Entry,Remote,99000.0,84941.0,"Go, Julia"
ML/AI Engineer,Remote,Other US,Entry,Remote,64500.0,84941.0,"SQL, Julia, Python"
ML/AI Engineer,Remote,Other US,Entry,Remote,72000.0,84941.0,"Bash, R, Python"
ML/AI Engineer,Remote,Other US,Entry,Remote,91000.0,84941.0,"SQL, Python, Java"
Other Tech Role,Remote,Other US,Entry,Remote,97500.0,84060.0,Python
Other Tech Role,Remote,Other US,Entry,Remote,100000.0,84060.0,"C++, Scala, Python"
Data Engineer,Remote,Other US,Entry,Remote,97000.0,87824.0,"Go, Bash, Python"
Other Tech Role,Remote,Other US,Entry,Remote,92500.0,84060.0,"Julia, R, SQL, Python"
Other Tech Role,Remote,Other US,Entry,Remote,72500.0,84060.0,"Python, Julia, R"
ML/AI Engineer,Remote,Other US,Entry,Remote,71500.0,84941.0,"Scala, Python"
Other Tech Role,Remote,Other US,Entry,Remote,70000.0,84060.0,"R, Python"
Other Tech Role,Remote,Other US,Entry,Remote,95000.0,84060.0,"Go, Scala, Python"
Other Tech Role,Remote,Other US,Entry,Remote,74000.0,84060.0,"R, Python"
ML/AI Engineer,Remote,Other US,Entry,Remote,88000.0,84941.0,"Bash, Python"
ML/AI Engineer,Remote,Other US,Entry,Remote,70500.0,84941.0,"C++, Python"
ML/AI Engineer,Remote,Other US,Entry,Remote,70000.0,84941.0,"C++, R, Python"
ML/AI Engineer,Remote,Other US,Entry,Remote,72500.0,84941.0,"Java, Python"
Data Scientist,Remote,Other US,Entry,Remote,97000.0,87271.0,"SQL, Python"
Other Tech Role,Remote,Other US,Entry,Remote,95500.0,84060.0,"Scala, Python, SQL"
Other Tech Role,Remote,Other US,Entry,Remote,71000.0,84060.0,"Go, Python"
Other Tech Role,Remote,Other US,Entry,Remote,91500.0,84060.0,"Scala, Julia, Go, Python"
ML/AI Engineer,Remote,Other US,Entry,Remote,70000.0,84941.0,"Bash, Python"
ML/AI Engineer,Remote,Other US,Entry,Remote,71000.0,84941.0,"SQL, C++, Python"
ML/AI Engineer,Remote,Other US,Entry,Remote,104500.0,84941.0,"Go, Python"
ML/AI Engineer,Remote,Other US,Entry,Remote,99500.0,84941.0,"Java, Scala, Python"
ML/AI Engineer,Remote,Other US,Entry,Remote,99500.0,84941.0,"Go, Python"
Other Tech Role,Remote,Other US,Entry,Remote,96000.0,84060.0,"C++, Go, Python"
Other Tech Role,Remote,Other US,Entry,Remote,89000.0,84060.0,"SQL, Python"
ML/AI Engineer,Remote,Other US,Entry,Remote,99000.0,84941.0,"Julia, Go, Python"
ML/AI Engineer,Remote,Other US,Entry,Remote,103500.0,84941.0,"R, Python"
ML/AI Engineer,Remote,Other US,Entry,Remote,77000.0,84941.0,"R, Python"
ML/AI Engineer,Remote,Other US,Entry,Remote,70500.0,84941.0,"R, Python"
Other Tech Role,Remote,Other US,Entry,Remote,64500.0,84060.0,"Scala, Python"
Other Tech Role,Remote,Other US,Entry,Remote,95500.0,84060.0,"Java, Python"
Other Tech Role,Remote,Other US,Entry,Remote,65000.0,84060.0,"Julia, SQL, Go, Python"
Data Engineer,Remote,Other US,Entry,Remote,103000.0,87824.0,"SQL, Julia, Python"
Data Engineer,Remote,Other US,Entry,Remote,75000.0,87824.0,Python
Data Scientist,Remote,Other US,Entry,Remote,95500.0,87271.0,Python
ML/AI Engineer,Remote,Other US,Entry,Remote,96500.0,84941.0,"SQL, Python"
Other Tech Role,Remote,Other US,Entry,Remote,64000.0,84060.0,"Bash, Julia, Python"
ML/AI Engineer,Remote,Other US,Entry,Remote,104000.0,84941.0,"Scala, Python"
ML/AI Engineer,Remote,Other US,Entry,Remote,72000.0,84941.0,"Scala, Python"
Other Tech Role,Remote,Other US,Entry,Remote,94000.0,84060.0,"Julia, Python"
Other Tech Role,Remote,Other US,Entry,Remote,95500.0,84060.0,"C++, Bash, Julia, Python"
Other Tech Role,Remote,Other US,Entry,Remote,88500.0,84060.0,"Python, C++"
Other Tech Role,Remote,Other US,Entry,Remote,67500.0,84060.0,"Java, Python"
Other Tech Role,Remote,Other US,Entry,Remote,94000.0,84060.0,"Julia, C++, Bash, Python"
Other Tech Role,Remote,Other US,Entry,Remote,75000.0,84060.0,"C++, R, Python"
Other Tech Role,Remote,Other US,Entry,Remote,91500.0,84060.0,"Julia, Python"
Other Tech Role,Remote,Other US,Entry,Remote,72000.0,84060.0,"Java, SQL, R, Python"
Other Tech Role,Remote,Other US,Entry,Remote,74000.0,84060.0,"Julia, R, Python"
ML/AI Engineer,Remote,Other US,Entry,Remote,96500.0,84941.0,"Go, Bash, Python"
Other Tech Role,Remote,Other US,Entry,Remote,90500.0,84060.0,"SQL, Java, Bash, Python"
Other Tech Role,Remote,Other US,Entry,Remote,77500.0,84060.0,"Go, Python"
Data Engineer,Remote,Other US,Entry,Remote,79500.0,87824.0,"Scala, Python"
ML/AI Engineer,Remote,Other US,Entry,Remote,69500.0,84941.0,"C++, Python"
ML/AI Engineer,Remote,Other US,Entry,Remote,74000.0,84941.0,"Julia, R, Java, Python"
Other Tech Role,Remote,Other US,Entry,Remote,73000.0,84060.0,"Python, Bash"
Other Tech Role,Remote,Other US,Entry,Remote,97500.0,84060.0,"Java, Python"
Other Tech Role,Remote,Other US,Entry,Remote,76000.0,84060.0,Python
ML/AI Engineer,Remote,Other US,Entry,Remote,101000.0,84941.0,"Julia, Python"
ML/AI Engineer,Remote,Other US,Entry,Remote,77500.0,84941.0,"Go, SQL, Python"
ML/AI Engineer,Remote,Other US,Entry,Remote,89000.0,84941.0,"R, Bash, Python"
Other Tech Role,Remote,Other US,Entry,Remote,93000.0,84060.0,"Julia, Python"
Other Tech Role,Remote,Other US,Entry,Remote,77500.0,84060.0,"Julia, R, Go, Python"
Data Scientist,Remote,Other US,Entry,Remote,74000.0,87271.0,"Scala, Python"
ML/AI Engineer,Remote,Other US,Entry,Remote,93500.0,84941.0,"Scala, R, Julia, Python"
ML/AI Engineer,Remote,Other US,Entry,Remote,74500.0,84941.0,"Python, Scala, Java"
ML/AI Engineer,Remote,Other US,Entry,Remote,76500.0,84941.0,"Python, Go"
ML/AI Engineer,Remote,Other US,Entry,Remote,105500.0,84941.0,"Java, Python"
ML/AI Engineer,Remote,Other US,Entry,Remote,69000.0,84941.0,"Scala, Python"
ML/AI Engineer,Remote,Other US,Entry,Remote,74000.0,84941.0,C++
ML/AI Engineer,Remote,Other US,Entry,Remote,82000.0,84941.0,"C++, SQL, Bash, Python"
Other Tech Role,Remote,Other US,Entry,Remote,88000.0,84060.0,"Python, Scala, SQL"
ML/AI Engineer,Remote,Other US,Entry,Remote,70500.0,84941.0,"SQL, Python"
ML/AI Engineer,Remote,Other US,Entry,Remote,100500.0,84941.0,"Julia, SQL, Python"
ML/AI Engineer,Remote,Other US,Entry,Remote,106500.0,84941.0,"Go, Python"
Other Tech Role,Remote,Other US,Entry,Remote,92500.0,84060.0,"Julia, Python"
Other Tech Role,Remote,Other US,Entry,Remote,88000.0,84060.0,"Java, Python"
Other Tech Role,Remote,Other US,Entry,Remote,70000.0,84060.0,"Java, Python"
Data Scientist,Remote,Other US,Entry,Remote,101000.0,87271.0,"Bash, R, Python"
Other Tech Role,Remote,Other US,Entry,Remote,98500.0,84060.0,"Go, Python"
Other Tech Role,Remote,Other US,Entry,Remote,70000.0,84060.0,"Java, Python"
ML/AI Engineer,Remote,Other US,Entry,Remote,96500.0,84941.0,"C++, Python"
ML/AI Engineer,Remote,Other US,Entry,Remote,73500.0,84941.0,Python
Other Tech Role,Remote,Other US,Entry,Remote,97500.0,84060.0,"Bash, Scala, Python"
Other Tech Role,Remote,Other US,Entry,Remote,76000.0,84060.0,"Bash, Java, R, Python"
ML/AI Engineer,Remote,Other US,Entry,Remote,93500.0,84941.0,"SQL, Python"
ML/AI Engineer,Remote,Other US,Entry,Remote,104000.0,84941.0,"R, Scala, Python"
Other Tech Role,Remote,Other US,Entry,Remote,92000.0,84060.0,"Julia, C++, Python"
Other Tech Role,Remote,Other US,Entry,Remote,74000.0,84060.0,"Scala, Python"
Data Engineer,Remote,Other US,Entry,Remote,72000.0,87824.0,"Java, Python"
Data Scientist,Remote,Other US,Entry,Remote,99500.0,87271.0,"Java, Python"
ML/AI Engineer,Remote,Other US,Entry,Remote,79500.0,84941.0,"Go, Python"
ML/AI Engineer,Remote,Other US,Entry,Remote,76000.0,84941.0,"C++, Julia, Python"
ML/AI Engineer,Remote,Other US,Entry,Remote,93500.0,84941.0,"Bash, Java, Julia, Python"
Other Tech Role,Remote,Other US,Entry,Remote,100500.0,84060.0,"Julia, Bash, C++, Python"
Other Tech Role,Remote,Other US,Entry,Remote,68000.0,84060.0,"Java, Python"
ML/AI Engineer,Remote,Other US,Entry,Remote,80500.0,84941.0,"R, Bash, Python"
ML/AI Engineer,Remote,Other US,Entry,Remote,76500.0,84941.0,"R, Scala, C++, Python"
ML/AI Engineer,Remote,Other US,Entry,Remote,68000.0,84941.0,"R, Python"
Other Tech Role,Remote,Other US,Entry,Remote,73500.0,84060.0,"Bash, Julia, Java, Python"
Data Scientist,Remote,Other US,Entry,Remote,95500.0,87271.0,"Bash, Python"
Other Tech Role,Remote,Other US,Entry,Remote,74500.0,84060.0,"C++, Java, Bash, Python"
ML/AI Engineer,Remote,Other US,Entry,Remote,79000.0,84941.0,"R, Python"
Other Tech Role,Remote,Other US,Entry,Remote,105500.0,84060.0,"SQL, Bash, Python"
ML/AI Engineer,Remote,Other US,Entry,Remote,86000.0,84941.0,"Julia, R, Python"
ML/AI Engineer,Remote,Other US,Entry,Remote,75500.0,84941.0,"Scala, Python"
Other Tech Role,Remote,Other US,Entry,Remote,100000.0,84060.0,"Bash, Python"
Other Tech Role,Remote,Other US,Entry,Remote,74000.0,84060.0,"SQL, Go, C++, Python"
ML/AI Engineer,Remote,Other US,Entry,Remote,98000.0,84941.0,"Java, Python"
Other Tech Role,Remote,Other US,Entry,Remote,98500.0,84060.0,"Scala, Go, Python"
Other Tech Role,Remote,Other US,Entry,Remote,66000.0,84060.0,"Bash, SQL, Python"
Other Tech Role,Remote,Other US,Entry,Remote,72000.0,84060.0,"Go, Bash, Python"
Data Scientist,Remote,Other US,Entry,Remote,98500.0,87271.0,"Python, C++"
Data Scientist,Remote,Other US,Entry,Remote,73500.0,87271.0,"Go, Scala, Python"
Data Scientist,Remote,Other US,Entry,Remote,78500.0,87271.0,"Bash, Scala, Python"
Other Tech Role,Remote,Other US,Entry,Remote,97000.0,84060.0,"Python, C++, Julia"
Other Tech Role,Remote,Other US,Entry,Remote,77500.0,84060.0,"R, Python"
ML/AI Engineer,Remote,Other US,Entry,Remote,92500.0,84941.0,"Go, Python, C++"
Other Tech Role,Remote,Other US,Entry,Remote,96500.0,84060.0,"SQL, Python"
Other Tech Role,Remote,Other US,Entry,Remote,77000.0,84060.0,"C++, Java"
ML/AI Engineer,Remote,Other US,Entry,Remote,69000.0,84941.0,"Bash, Python"
ML/AI Engineer,Remote,Other US,Entry,Remote,106500.0,84941.0,"Go, Python"
ML/AI Engineer,Remote,Other US,Entry,Remote,75000.0,84941.0,"R, C++, Go, Python"
Other Tech Role,Remote,Other US,Entry,Remote,102500.0,84060.0,"Bash, Python"
Other Tech Role,Remote,Other US,Entry,Remote,78500.0,84060.0,"Go, Julia, C++, Python"
ML/AI Engineer,Remote,Other US,Entry,Remote,87500.0,84941.0,"Python, R, C++"
ML/AI Engineer,Remote,Other US,Entry,Remote,95000.0,84941.0,Python
ML/AI Engineer,Remote,Other US,Entry,Remote,70000.0,84941.0,"Bash, Python"
Data Engineer,Remote,Other US,Entry,Remote,99000.0,87824.0,"Bash, Java, Python"
Other Tech Role,Remote,Other US,Entry,Remote,101500.0,84060.0,"R, Python"
Other Tech Role,Remote,Other US,Entry,Remote,68500.0,84060.0,"Java, Python"
ML/AI Engineer,Remote,Other US,Entry,Remote,71000.0,84941.0,"Scala, R, Go, Python"
ML/AI Engineer,Remote,Other US,Entry,Remote,78000.0,84941.0,"Bash, Python"
Other Tech Role,Remote,Other US,Entry,Remote,100000.0,84060.0,"Julia, Python"
Other Tech Role,Remote,Other US,Entry,Remote,77500.0,84060.0,"Go, Julia, Python"
Other Tech Role,Remote,Other US,Entry,Remote,95500.0,84060.0,"Python, Julia, C++"
Other Tech Role,Remote,Other US,Entry,Remote,100000.0,84060.0,"Bash, Python"
Other Tech Role,Remote,Other US,Entry,Remote,106500.0,84060.0,"R, Java, SQL, Python"
ML/AI Engineer,Remote,Other US,Entry,Remote,97000.0,84941.0,"Bash, SQL, Python"
ML/AI Engineer,Remote,Other US,Entry,Remote,96000.0,84941.0,"Bash, SQL, Python"
ML/AI Engineer,Remote,Other US,Entry,Remote,94500.0,84941.0,"SQL, Go, Python"
ML/AI Engineer,Remote,Other US,Entry,Remote,72000.0,84941.0,"Julia, Python"
ML/AI Engineer,Remote,Other US,Entry,Remote,70500.0,84941.0,"Bash, Scala, SQL, Python"
Other Tech Role,Remote,Other US,Entry,Remote,96500.0,84060.0,"Bash, R, C++, Python"
Data Engineer,Remote,Other US,Entry,Remote,102000.0,87824.0,"Bash, SQL, Python"
Data Engineer,Remote,Other US,Entry,Remote,105500.0,87824.0,"Java, Python"
Data Engineer,Remote,Other US,Entry,Remote,75000.0,87824.0,"Julia, R, Python"
Other Tech Role,Remote,Other US,Entry,Remote,80000.0,84060.0,"Scala, Go, Python"
ML/AI Engineer,Remote,Other US,Entry,Remote,96000.0,84941.0,"Scala, Python"
Other Tech Role,Remote,Other US,Entry,Remote,92500.0,84060.0,"Bash, C++, Python"
Other Tech Role,Remote,Other US,Entry,Remote,89500.0,84060.0,"Java, SQL, Python"
Other Tech Role,Remote,Other US,Entry,Remote,70500.0,84060.0,"Scala, Julia, C++, Python"
ML/AI Engineer,Remote,Other US,Entry,Remote,99000.0,84941.0,"Python, SQL"
ML/AI Engineer,Remote,Other US,Entry,Remote,70500.0,84941.0,"Python, Java, Scala"
ML/AI Engineer,Remote,Other US,Entry,Remote,85500.0,84941.0,"R, Python"
ML/AI Engineer,Remote,Other US,Entry,Remote,93500.0,84941.0,"Scala, Java"
ML/AI Engineer,Remote,Other US,Entry,Remote,69000.0,84941.0,"Bash, C++, Python"
ML/AI Engineer,Remote,Other US,Entry,Remote,66000.0,84941.0,"R, Python"
Other Tech Role,Remote,Other US,Entry,Remote,72500.0,84060.0,"Julia, Python"
Other Tech Role,Remote,Other US,Entry,Remote,72500.0,84060.0,"Bash, SQL, Go, Python"
Data Engineer,Remote,Other US,Entry,Remote,100500.0,87824.0,"SQL, Python, Java"
Data Engineer,Remote,Other US,Entry,Remote,101500.0,87824.0,"SQL, Go, Scala, Python"
Data Engineer,Remote,Other US,Entry,Remote,75500.0,87824.0,"Go, Java, Python"
ML/AI Engineer,Remote,Other US,Entry,Remote,69500.0,84941.0,"Java, Python"
Other Tech Role,Remote,Other US,Entry,Remote,73000.0,84060.0,"Julia, Python"
ML/AI Engineer,Remote,Other US,Entry,Remote,80000.0,84941.0,"C++, SQL, Python"
ML/AI Engineer,Remote,Other US,Entry,Remote,72500.0,84941.0,"Java, C++, Python"
ML/AI Engineer,Remote,Other US,Entry,Remote,99000.0,84941.0,Python
ML/AI Engineer,Remote,Other US,Entry,Remote,95500.0,84941.0,"C++, Python"
ML/AI Engineer,Remote,Other US,Entry,Remote,76500.0,84941.0,"Bash, Scala, Python"
ML/AI Engineer,Remote,Other US,Entry,Remote,71000.0,84941.0,"Scala, SQL, Julia, Python"
ML/AI Engineer,Remote,Other US,Entry,Remote,73000.0,84941.0,"C++, Python"
ML/AI Engineer,Remote,Other US,Entry,Remote,96000.0,84941.0,"Java, Python"
ML/AI Engineer,Remote,Other US,Entry,Remote,96000.0,84941.0,"R, Julia, Scala, Python"
ML/AI Engineer,Remote,Other US,Entry,Remote,81500.0,84941.0,"C++, Python"
Other Tech Role,Remote,Other US,Entry,Remote,89500.0,84060.0,"Bash, R, C++, Python"
Other Tech Role,Remote,Other US,Entry,Remote,71500.0,84060.0,"R, Scala, Python"
Data Scientist,Remote,Other US,Entry,Remote,101500.0,87271.0,"Go, Python"
Other Tech Role,Remote,Other US,Entry,Remote,104000.0,84060.0,"Scala, Go, Java, Python"
Other Tech Role,Remote,Other US,Entry,Remote,72500.0,84060.0,"C++, Python, R"
ML/AI Engineer,Remote,Other US,Entry,Remote,103000.0,84941.0,"Java, Bash, SQL"
ML/AI Engineer,Remote,Other US,Entry,Remote,76500.0,84941.0,"Julia, C++, Python"
Other Tech Role,Remote,Other US,Entry,Remote,69000.0,84060.0,"R, Java, Python"
Other Tech Role,Remote,Other US,Entry,Remote,79500.0,84060.0,"Bash, Go, Scala, Python"
Other Tech Role,Remote,Other US,Entry,Remote,100500.0,84060.0,"Python, SQL"
ML/AI Engineer,Remote,Other US,Entry,Remote,74500.0,84941.0,"Java, Go, SQL, Python"
ML/AI Engineer,Remote,Other US,Entry,Remote,99000.0,84941.0,"Bash, Go"
ML/AI Engineer,Remote,Other US,Entry,Remote,70500.0,84941.0,"Bash, C++, Python"
Other Tech Role,Remote,Other US,Entry,Remote,96500.0,84060.0,"R, C++"
Other Tech Role,Remote,Other US,Entry,Remote,94000.0,84060.0,"Python, Julia"
Other Tech Role,Remote,Other US,Entry,Remote,103000.0,84060.0,"Go, Python"
Data Engineer,Remote,Other US,Entry,Remote,89000.0,87824.0,"Go, Python"
Data Engineer,Remote,Other US,Entry,Remote,94000.0,87824.0,"C++, Python"
Data Scientist,Remote,Other US,Entry,Remote,102000.0,87271.0,"Go, Python"
Other Tech Role,Remote,Other US,Entry,Remote,98500.0,84060.0,"R, Python"
Other Tech Role,Remote,Other US,Entry,Remote,69000.0,84060.0,"Go, R, SQL, Python"
ML/AI Engineer,Remote,Other US,Entry,Remote,77500.0,84941.0,"Go, C++, R, Python"
ML/AI Engineer,Remote,Other US,Entry,Remote,73500.0,84941.0,"C++, Go, Scala, Python"
Other Tech Role,Remote,Other US,Entry,Remote,99000.0,84060.0,"Python, C++"
Other Tech Role,Remote,Other US,Entry,Remote,72500.0,84060.0,"Julia, Python"
Other Tech Role,Remote,Other US,Entry,Remote,78500.0,84060.0,"Scala, Bash, Python"
ML/AI Engineer,Remote,Other US,Entry,Remote,72500.0,84941.0,"Scala, R, Julia, Python"
ML/AI Engineer,Remote,Other US,Entry,Remote,102500.0,84941.0,"Bash, Python"
ML/AI Engineer,Remote,Other US,Entry,Remote,94500.0,84941.0,"Julia, Java, Python"
ML/AI Engineer,Remote,Other US,Entry,Remote,101500.0,84941.0,"Scala, Go, Python"
ML/AI Engineer,Remote,Other US,Entry,Remote,97500.0,84941.0,"C++, SQL, Python"
ML/AI Engineer,Remote,Other US,Entry,Remote,98500.0,84941.0,"SQL, Python"
ML/AI Engineer,Remote,Other US,Entry,Remote,79000.0,84941.0,"C++, Scala, Python"
Other Tech Role,Remote,Other US,Entry,Remote,103000.0,84060.0,"R, Java, Python"
Other Tech Role,Remote,Other US,Entry,Remote,99500.0,84060.0,Python
Data Engineer,Remote,Other US,Entry,Remote,81500.0,87824.0,Python
Data Scientist,Remote,Other US,Entry,Remote,98000.0,87271.0,"SQL, Python"
Data Scientist,Remote,Other US,Entry,Remote,102000.0,87271.0,"Bash, Python"
Other Tech Role,Remote,Other US,Entry,Remote,73500.0,84060.0,"Python, R"
Other Tech Role,Remote,Other US,Entry,Remote,101000.0,84060.0,"C++, Python"
ML/AI Engineer,Remote,Other US,Entry,Remote,100500.0,84941.0,"Bash, Python"
Other Tech Role,Remote,Other US,Entry,Remote,96500.0,84060.0,"Go, Java, Python"
Other Tech Role,Remote,Other US,Entry,Remote,67000.0,84060.0,"C++, Julia, Java, Python"
ML/AI Engineer,Remote,Other US,Entry,Remote,70500.0,84941.0,"Java, Go, Scala, Python"
ML/AI Engineer,Remote,Other US,Entry,Remote,69000.0,84941.0,"Go, Java, Bash, Python"
Other Tech Role,Remote,Other US,Entry,Remote,93500.0,84060.0,"Julia, Python"
Other Tech Role,Remote,Other US,Entry,Remote,79000.0,84060.0,"Python, Bash"
Data Scientist,Remote,Other US,Entry,Remote,74000.0,87271.0,"Python, Scala"
Data Scientist,Remote,Other US,Entry,Remote,75000.0,87271.0,"C++, Scala, Python"
Other Tech Role,Remote,Other US,Entry,Remote,72500.0,84060.0,"C++, SQL, Julia, Python"
Other Tech Role,Remote,Other US,Entry,Remote,65500.0,84060.0,"Python, Java, Go"
ML/AI Engineer,Remote,Other US,Entry,Remote,75500.0,84941.0,"Go, Python"
ML/AI Engineer,Remote,Other US,Entry,Remote,103500.0,84941.0,"Bash, C++, Scala, Python"
Other Tech Role,Remote,Other US,Entry,Remote,102500.0,84060.0,"Java, Python, R"
Other Tech Role,Remote,Other US,Entry,Remote,98000.0,84060.0,"R, Bash, Python"
Other Tech Role,Remote,Other US,Entry,Remote,73500.0,84060.0,"R, Python"
Other Tech Role,Remote,Other US,Entry,Remote,74500.0,84060.0,"Julia, Python"
ML/AI Engineer,Remote,Other US,Entry,Remote,65500.0,84941.0,"SQL, R, Python"
Other Tech Role,Remote,Other US,Entry,Remote,97500.0,84060.0,"Scala, Python"
Other Tech Role,Remote,Other US,Entry,Remote,91000.0,84060.0,"Bash, R, Python"
Other Tech Role,Remote,Other US,Entry,Remote,78500.0,84060.0,"Go, Bash, Julia, Python"
ML/AI Engineer,Remote,Other US,Entry,Remote,98500.0,84941.0,"C++, Python"
ML/AI Engineer,Remote,Other US,Entry,Remote,71500.0,84941.0,"Bash, C++"
Other Tech Role,Remote,Other US,Entry,Remote,95000.0,84060.0,"Go, Python"
ML/AI Engineer,Remote,Other US,Entry,Remote,95000.0,84941.0,"C++, Scala, Python"
ML/AI Engineer,Remote,Other US,Entry,Remote,92000.0,84941.0,Python
ML/AI Engineer,Remote,Other US,Entry,Remote,70500.0,84941.0,"Julia, Bash, Scala, Python"
ML/AI Engineer,Remote,Other US,Entry,Remote,70500.0,84941.0,"Julia, Bash, Python"
Other Tech Role,Remote,Other US,Entry,Remote,103000.0,84060.0,"Bash, C++, Python"
Other Tech Role,Remote,Other US,Entry,Remote,76000.0,84060.0,"C++, Go, Python"
Other Tech Role,Remote,Other US,Entry,Remote,96000.0,84060.0,"R, Julia, Python"
ML/AI Engineer,Remote,Other US,Entry,Remote,96000.0,84941.0,Python
Other Tech Role,Remote,Other US,Entry,Remote,65500.0,84060.0,"R, Scala, Python"
Other Tech Role,Remote,Other US,Entry,Remote,72000.0,84060.0,"C++, Java, Python"
Data Engineer,Remote,Other US,Entry,Remote,92500.0,87824.0,"Bash, Python"
Data Engineer,Remote,Other US,Entry,Remote,98000.0,87824.0,"Java, Python, Scala"
Data Scientist,Remote,Other US,Entry,Remote,77000.0,87271.0,"Julia, Python"
Other Tech Role,Remote,Other US,Entry,Remote,68000.0,84060.0,"Go, Bash, Python"
ML/AI Engineer,Remote,Other US,Entry,Remote,93500.0,84941.0,"Go, Java, Python"
ML/AI Engineer,Remote,Other US,Entry,Remote,71500.0,84941.0,"Go, Scala, C++, Python"
Other Tech Role,Remote,Other US,Entry,Remote,95500.0,84060.0,"C++, Bash, Julia, Python"
ML/AI Engineer,Remote,Other US,Entry,Remote,73500.0,84941.0,"Julia, Bash, R, Python"
ML/AI Engineer,Remote,Other US,Entry,Remote,73000.0,84941.0,"Go, Python"
ML/AI Engineer,Remote,Other US,Entry,Remote,69500.0,84941.0,"Scala, Python"
ML/AI Engineer,Remote,Other US,Entry,Remote,82500.0,84941.0,"Java, Python"
Other Tech Role,Remote,Other US,Entry,Remote,77000.0,84060.0,"Julia, Java, Python"
Data Engineer,Remote,Other US,Entry,Remote,92500.0,87824.0,"R, Python"
Data Engineer,Remote,Other US,Entry,Remote,96500.0,87824.0,"SQL, Python"
Data Engineer,Remote,Other US,Entry,Remote,78000.0,87824.0,"Java, Scala, Python"
Data Scientist,Remote,Other US,Entry,Remote,96000.0,87271.0,"Go, Julia, Python"
Data Scientist,Remote,Other US,Entry,Remote,63500.0,87271.0,"Scala, Python, Go"
Data Scientist,Remote,Other US,Entry,Remote,74000.0,87271.0,"Go, Python"
Data Scientist,Remote,Other US,Entry,Remote,72500.0,87271.0,"Go, R, Python"
Other Tech Role,Remote,Other US,Entry,Remote,64500.0,84060.0,"Bash, Java, Julia, Python"
Other Tech Role,Remote,Other US,Entry,Remote,96000.0,84060.0,"Julia, Python"
Other Tech Role,Remote,Other US,Entry,Remote,78500.0,84060.0,"Python, Go, Julia"
ML/AI Engineer,Remote,Other US,Entry,Remote,88000.0,84941.0,"Go, Python"
Other Tech Role,Remote,Other US,Entry,Remote,106500.0,84060.0,"Bash, Java, Python"
Other Tech Role,Remote,Other US,Entry,Remote,92500.0,84060.0,"Bash, Java, Python"
Other Tech Role,Remote,Other US,Entry,Remote,100000.0,84060.0,"C++, Bash, Java, Python"
Other Tech Role,Remote,Other US,Entry,Remote,76000.0,84060.0,"Go, Python"
ML/AI Engineer,Remote,Other US,Entry,Remote,71500.0,84941.0,"Python, Java, Julia"
ML/AI Engineer,Remote,Other US,Entry,Remote,68000.0,84941.0,"C++, Python"
ML/AI Engineer,Remote,Other US,Entry,Remote,70000.0,84941.0,"Bash, Python"
ML/AI Engineer,Remote,Other US,Entry,Remote,72500.0,84941.0,"Bash, R, C++, Python"
ML/AI Engineer,Remote,Other US,Entry,Remote,78000.0,84941.0,"Bash, Java, Python"
Other Tech Role,Remote,Other US,Entry,Remote,88000.0,84060.0,"SQL, Python"
Data Engineer,Remote,Other US,Entry,Remote,105000.0,87824.0,"Go, SQL, R, Python"
Data Engineer,Remote,Other US,Entry,Remote,70500.0,87824.0,"Bash, SQL, Python"
ML/AI Engineer,Remote,Other US,Entry,Remote,76500.0,84941.0,"C++, Bash, Python"
ML/AI Engineer,Remote,Other US,Entry,Remote,102500.0,84941.0,"Go, Java, Python"
ML/AI Engineer,Remote,Other US,Entry,Remote,87000.0,84941.0,"SQL, Python"
ML/AI Engineer,Remote,Other US,Entry,Remote,68500.0,84941.0,"Java, Python"
ML/AI Engineer,Remote,Other US,Entry,Remote,96000.0,84941.0,"Java, Python"
ML/AI Engineer,Remote,Other US,Entry,Remote,76000.0,84941.0,"SQL, R, Python"
Other Tech Role,Remote,Other US,Entry,Remote,93500.0,84060.0,"C++, Bash, Python"
Other Tech Role,Remote,Other US,Entry,Remote,94500.0,84060.0,"SQL, C++, Julia, Python"
Other Tech Role,Remote,Other US,Entry,Remote,80000.0,84060.0,"C++, SQL, Scala, Python"
Other Tech Role,"San Francisco, CA",California,Entry,Hybrid,105000.0,78584.0,"Java, Python"
ML/AI Engineer,"San Francisco, CA",California,Entry,Hybrid,104500.0,80584.0,"Scala, Python"
ML/AI Engineer,"San Francisco, CA",California,Entry,Hybrid,87000.0,80584.0,"Julia, Python"
ML/AI Engineer,"San Francisco, CA",California,Entry,Hybrid,100500.0,80584.0,"C++, Go, Python"
Other Tech Role,"San Francisco, CA",California,Entry,Hybrid,95000.0,78584.0,"Bash, R, SQL, Python"
Other Tech Role,"San Francisco, CA",California,Entry,Hybrid,97000.0,78584.0,"C++, Java, Python"
ML/AI Engineer,"San Francisco, CA",California,Entry,Hybrid,98500.0,80584.0,"Scala, Python"
Other Tech Role,"San Francisco, CA",California,Entry,On-site,96000.0,81429.0,"Go, Python"
Other Tech Role,"San Francisco, CA",California,Entry,Hybrid,96500.0,78584.0,"R, Bash, Java, Python"
Other Tech Role,"San Francisco, CA",California,Entry,On-site,98000.0,81429.0,"SQL, Python"
ML/AI Engineer,"San Francisco, CA",California,Entry,Hybrid,88000.0,80584.0,"Julia, C++, Python"
ML/AI Engineer,"San Francisco, CA",California,Entry,On-site,91500.0,84730.0,"Python, C++"
Data Scientist,"San Francisco, CA",California,Entry,Hybrid,95500.0,70442.0,"R, C++, Bash, Python"
ML/AI Engineer,"San Francisco, CA",California,Entry,On-site,92000.0,84730.0,"Go, Python"
Data Engineer,"San Francisco, CA",California,Entry,Hybrid,98500.0,71194.0,"Julia, Scala, Java, Python"
ML/AI Engineer,"San Francisco, CA",California,Entry,Hybrid,99000.0,80584.0,"Go, Julia, C++, Python"
Data Engineer,"San Francisco, CA",California,Entry,On-site,106500.0,93099.0,"Go, Python"
ML/AI Engineer,"San Francisco, CA",California,Entry,On-site,96500.0,84730.0,"Scala, Python"
Other Tech Role,"San Francisco, CA",California,Entry,On-site,106000.0,81429.0,"Bash, Python"
Other Tech Role,"San Francisco, CA",California,Entry,Hybrid,94500.0,78584.0,"Python, SQL"
ML/AI Engineer,"San Francisco, CA",California,Entry,Hybrid,93500.0,80584.0,"C++, SQL, Python"
ML/AI Engineer,"San Francisco, CA",California,Entry,Hybrid,86000.0,80584.0,"Java, Python"
ML/AI Engineer,"San Francisco, CA",California,Entry,Hybrid,89500.0,80584.0,"Go, Python, Java"
ML/AI Engineer,"San Francisco, CA",California,Entry,Hybrid,91000.0,80584.0,"SQL, Python"
ML/AI Engineer,"San Francisco, CA",California,Entry,On-site,102500.0,84730.0,"Scala, R, Python"
Other Tech Role,"San Francisco, CA",California,Entry,On-site,97000.0,81429.0,"Python, Julia"
Other Tech Role,"San Francisco, CA",California,Entry,Hybrid,99000.0,78584.0,"Julia, Go, R, Python"
ML/AI Engineer,"San Francisco, CA",California,Entry,On-site,98500.0,84730.0,"Go, Python"
Other Tech Role,"San Francisco, CA",California,Entry,On-site,102500.0,81429.0,"Python, Julia"
Other Tech Role,"San Francisco, CA",California,Entry,On-site,97500.0,81429.0,"SQL, Python"
Other Tech Role,"San Francisco, CA",California,Entry,Hybrid,105000.0,78584.0,"Go, Python"
Other Tech Role,"San Francisco, CA",California,Entry,On-site,95500.0,81429.0,Python
Other Tech Role,"San Francisco, CA",California,Entry,Hybrid,94000.0,78584.0,"SQL, Python"
Other Tech Role,"San Francisco, CA",California,Entry,On-site,100500.0,81429.0,"R, Java, Python"
Other Tech Role,"San Francisco, CA",California,Entry,On-site,93000.0,81429.0,"Go, Python"
Data Scientist,"San Francisco, CA",California,Entry,On-site,89000.0,75123.0,"R, C++, Bash, Python"
ML/AI Engineer,"San Francisco, CA",California,Entry,On-site,104000.0,84730.0,"C++, Python, Julia"
Other Tech Role,"San Francisco, CA",California,Entry,Hybrid,99500.0,78584.0,"Julia, Python"
ML/AI Engineer,"San Francisco, CA",California,Entry,Hybrid,97000.0,80584.0,"C++, Java, Python"
ML/AI Engineer,"San Francisco, CA",California,Entry,On-site,97500.0,84730.0,Python
Other Tech Role,"San Francisco, CA",California,Entry,Hybrid,93500.0,78584.0,"Java, Bash, Python"
ML/AI Engineer,"San Francisco, CA",California,Entry,On-site,104000.0,84730.0,"Go, Python"
Other Tech Role,"San Francisco, CA",California,Entry,On-site,94500.0,81429.0,"SQL, C++, Python"
ML/AI Engineer,"San Francisco, CA",California,Entry,Hybrid,94000.0,80584.0,"Bash, Python"
Other Tech Role,"San Francisco, CA",California,Entry,On-site,91500.0,81429.0,"Julia, SQL, Python"
ML/AI Engineer,"San Francisco, CA",California,Entry,Hybrid,91000.0,80584.0,"Java, R, Julia, Python"
ML/AI Engineer,"San Francisco, CA",California,Entry,On-site,94000.0,84730.0,"Java, Bash, C++"
Other Tech Role,"San Francisco, CA",California,Entry,On-site,96500.0,81429.0,"Scala, Python"
ML/AI Engineer,"San Francisco, CA",California,Entry,On-site,102000.0,84730.0,"Julia, Python"
ML/AI Engineer,"San Francisco, CA",California,Entry,Hybrid,98500.0,80584.0,Python
Other Tech Role,"San Francisco, CA",California,Entry,Hybrid,93500.0,78584.0,"C++, Python"
ML/AI Engineer,"San Francisco, CA",California,Entry,Hybrid,99000.0,80584.0,"Python, Julia"
Other Tech Role,"San Francisco, CA",California,Entry,Hybrid,91500.0,78584.0,"Bash, Julia, Python"
ML/AI Engineer,"San Francisco, CA",California,Entry,On-site,96500.0,84730.0,"Scala, Python"
ML/AI Engineer,"San Francisco, CA",California,Entry,Hybrid,90500.0,80584.0,"R, Bash, Python"
ML/AI Engineer,"San Francisco, CA",California,Entry,Hybrid,94000.0,80584.0,"Go, C++, Python"
Other Tech Role,"San Francisco, CA",California,Entry,On-site,100000.0,81429.0,Python
Data Scientist,"San Francisco, CA",California,Entry,On-site,103000.0,75123.0,"C++, Python"
Other Tech Role,"San Francisco, CA",California,Entry,On-site,95000.0,81429.0,"C++, Bash, SQL, Python"
Other Tech Role,"Seattle, WA",Other US,Entry,Hybrid,102500.0,81842.0,"Julia, Python"
Other Tech Role,"Seattle, WA",Other US,Entry,On-site,101500.0,80502.0,"Python, R, SQL"
ML/AI Engineer,"Seattle, WA",Other US,Entry,Hybrid,99500.0,82433.0,"Java, Julia"
ML/AI Engineer,"Seattle, WA",Other US,Entry,Hybrid,97000.0,82433.0,"R, SQL, Python"
Other Tech Role,"Seattle, WA",Other US,Entry,On-site,93000.0,80502.0,"Python, SQL, Bash"
ML/AI Engineer,"Seattle, WA",Other US,Entry,Hybrid,98500.0,82433.0,"Scala, Python"
Other Tech Role,"Seattle, WA",Other US,Entry,Hybrid,98500.0,81842.0,"Scala, Go, Julia, Python"
Other Tech Role,"Seattle, WA",Other US,Entry,Hybrid,94000.0,81842.0,"Java, Python"
ML/AI Engineer,"Seattle, WA",Other US,Entry,On-site,101000.0,81118.0,"Julia, Python"
ML/AI Engineer,"Seattle, WA",Other US,Entry,On-site,97000.0,81118.0,"Python, Julia, Java"
ML/AI Engineer,"Seattle, WA",Other US,Entry,Hybrid,103500.0,82433.0,"C++, Java, SQL, Python"
Other Tech Role,"Seattle, WA",Other US,Entry,Hybrid,90000.0,81842.0,"SQL, Java, Python"
Data Engineer,"Seattle, WA",Other US,Entry,On-site,98500.0,81342.0,"Scala, Bash, Go, Python"
Other Tech Role,"Seattle, WA",Other US,Entry,Hybrid,88000.0,81842.0,"Bash, Python"
ML/AI Engineer,"Seattle, WA",Other US,Entry,On-site,92000.0,81118.0,"Go, C++, Python"
Other Tech Role,"Seattle, WA",Other US,Entry,Hybrid,104000.0,81842.0,"SQL, Python"
Other Tech Role,"Seattle, WA",Other US,Entry,On-site,107500.0,80502.0,"R, Scala, Python"
Other Tech Role,"Seattle, WA",Other US,Entry,Hybrid,106000.0,81842.0,"R, Python"
Other Tech Role,"Seattle, WA",Other US,Entry,On-site,102500.0,80502.0,"Go, Scala, Python"
ML/AI Engineer,"Seattle, WA",Other US,Entry,Hybrid,97500.0,82433.0,"Julia, C++, Python"
Data Scientist,"Seattle, WA",Other US,Entry,Hybrid,94500.0,75731.0,"SQL, Python, Java"
Other Tech Role,"Seattle, WA",Other US,Entry,Hybrid,96000.0,81842.0,"Bash, Python"
Other Tech Role,"Seattle, WA",Other US,Entry,Hybrid,93000.0,81842.0,Python
ML/AI Engineer,"Seattle, WA",Other US,Entry,On-site,101000.0,81118.0,"Python, R"
Other Tech Role,"Seattle, WA",Other US,Entry,Hybrid,95000.0,81842.0,"Bash, Python"
ML/AI Engineer,"Seattle, WA",Other US,Entry,Hybrid,96500.0,82433.0,"C++, SQL, Python"
Other Tech Role,"Seattle, WA",Other US,Entry,Hybrid,104500.0,81842.0,Python
Other Tech Role,"Seattle, WA",Other US,Entry,Hybrid,99000.0,81842.0,"Julia, SQL, Python"
ML/AI Engineer,"Seattle, WA",Other US,Entry,Hybrid,97500.0,82433.0,Python
Data Engineer,"Seattle, WA",Other US,Entry,Hybrid,97500.0,80935.0,"Julia, Bash, Scala, Python"
Other Tech Role,"Seattle, WA",Other US,Entry,On-site,93000.0,80502.0,"Scala, Python"
Other Tech Role,"Seattle, WA",Other US,Entry,Hybrid,99500.0,81842.0,"Java, Python"
ML/AI Engineer,"Seattle, WA",Other US,Entry,Hybrid,92000.0,82433.0,"Java, R"
ML/AI Engineer,"Seattle, WA",Other US,Entry,Hybrid,100500.0,82433.0,Python
Data Engineer,"Seattle, WA",Other US,Entry,On-site,99000.0,81342.0,"Bash, R, Go, Python"
Data Engineer,"Seattle, WA",Other US,Entry,On-site,101500.0,81342.0,"Bash, Python"
Other Tech Role,"Seattle, WA",Other US,Entry,Hybrid,91000.0,81842.0,"Bash, Go, Python"
ML/AI Engineer,"Seattle, WA",Other US,Entry,Hybrid,94000.0,82433.0,"R, Python"
ML/AI Engineer,"Seattle, WA",Other US,Entry,On-site,89000.0,81118.0,"Julia, Go, Python"
Other Tech Role,"Seattle, WA",Other US,Entry,Hybrid,100000.0,81842.0,"R, Julia, Python"
ML/AI Engineer,"Seattle, WA",Other US,Entry,Hybrid,87500.0,82433.0,"Go, C++, Bash, Python"
Other Tech Role,"Seattle, WA",Other US,Entry,On-site,97000.0,80502.0,"Go, Scala, C++, Python"
Data Engineer,"Seattle, WA",Other US,Entry,Hybrid,96500.0,80935.0,"Julia, Python"
ML/AI Engineer,"Seattle, WA",Other US,Entry,Hybrid,100500.0,82433.0,Python
ML/AI Engineer,"Seattle, WA",Other US,Entry,Hybrid,97500.0,82433.0,"Go, Bash, Java, Python"
Data Engineer,"Seattle, WA",Other US,Entry,Hybrid,102500.0,80935.0,"Go, Java, Python"
ML/AI Engineer,"Seattle, WA",Other US,Entry,Hybrid,89000.0,82433.0,"Go, Python"
ML/AI Engineer,"Seattle, WA",Other US,Entry,Hybrid,90000.0,82433.0,SQL
Other Tech Role,"Seattle, WA",Other US,Entry,Hybrid,99000.0,81842.0,"Go, R, Julia, Python"
Data Engineer,Sydney,Other US,Entry,Hybrid,74000.0,80935.0,"C++, Scala, Python"
ML/AI Engineer,Sydney,Other US,Entry,On-site,78000.0,81118.0,Scala
Data Engineer,Sydney,Other US,Entry,Hybrid,68000.0,80935.0,"Java, Python"
ML/AI Engineer,Sydney,Other US,Entry,Hybrid,71500.0,82433.0,"Scala, Python"
ML/AI Engineer,Sydney,Other US,Entry,Hybrid,67000.0,82433.0,Python
Other Tech Role,Sydney,Other US,Entry,On-site,70000.0,80502.0,Python
Other Tech Role,Sydney,Other US,Entry,On-site,75500.0,80502.0,"SQL, Python"
Other Tech Role,Sydney,Other US,Entry,Hybrid,74500.0,81842.0,"Python, R"
ML/AI Engineer,Sydney,Other US,Entry,Hybrid,75500.0,82433.0,"Scala, C++, Python"
ML/AI Engineer,Sydney,Other US,Entry,Hybrid,70000.0,82433.0,"R, Scala, Python"
ML/AI Engineer,Sydney,Other US,Entry,Hybrid,75000.0,82433.0,"Java, SQL, Scala, Python"
ML/AI Engineer,Sydney,Other US,Entry,On-site,74500.0,81118.0,"Java, Python"
Other Tech Role,Sydney,Other US,Entry,Hybrid,71500.0,81842.0,"Python, Bash, Julia"
Other Tech Role,Sydney,Other US,Entry,Hybrid,74000.0,81842.0,"SQL, Java, Python"
ML/AI Engineer,Sydney,Other US,Entry,On-site,64000.0,81118.0,"Java, Scala, Python"
Other Tech Role,Sydney,Other US,Entry,On-site,69500.0,80502.0,"Python, Bash"
ML/AI Engineer,Sydney,Other US,Entry,Hybrid,74500.0,82433.0,"SQL, Python"
Other Tech Role,Sydney,Other US,Entry,Hybrid,67000.0,81842.0,"Bash, Python"
ML/AI Engineer,Sydney,Other US,Entry,Hybrid,80500.0,82433.0,"Java, SQL, Python"
Other Tech Role,Sydney,Other US,Entry,Hybrid,72500.0,81842.0,"Bash, Go, Python"
ML/AI Engineer,Sydney,Other US,Entry,On-site,74000.0,81118.0,"C++, Go, Python"
Other Tech Role,Sydney,Other US,Entry,Hybrid,68000.0,81842.0,"C++, R, Python"
Other Tech Role,Sydney,Other US,Entry,Hybrid,69500.0,81842.0,"SQL, Bash, Python"
ML/AI Engineer,Sydney,Other US,Entry,Hybrid,74000.0,82433.0,"Bash, Go, Python"
ML/AI Engineer,Sydney,Other US,Entry,On-site,70500.0,81118.0,"Julia, Python"
Other Tech Role,Sydney,Other US,Entry,On-site,71500.0,80502.0,"Julia, Bash, Scala, Python"
Other Tech Role,Sydney,Other US,Entry,Hybrid,69500.0,81842.0,"Python, Scala, R"
ML/AI Engineer,Sydney,Other US,Entry,Hybrid,75000.0,82433.0,"Bash, Python"
ML/AI Engineer,Sydney,Other US,Entry,On-site,66500.0,81118.0,"Go, Python, Scala"
ML/AI Engineer,Sydney,Other US,Entry,Hybrid,67500.0,82433.0,"R, Python"
ML/AI Engineer,Sydney,Other US,Entry,Hybrid,78000.0,82433.0,Python
ML/AI Engineer,Sydney,Other US,Entry,Hybrid,73000.0,82433.0,Python
ML/AI Engineer,Sydney,Other US,Entry,On-site,79500.0,81118.0,"SQL, Python"
Other Tech Role,Sydney,Other US,Entry,On-site,77500.0,80502.0,"Java, Scala, Python"
ML/AI Engineer,Sydney,Other US,Entry,On-site,74500.0,81118.0,"SQL, Python"
Other Tech Role,Sydney,Other US,Entry,Hybrid,77000.0,81842.0,"SQL, Bash, Python"
Other Tech Role,Sydney,Other US,Entry,Hybrid,81500.0,81842.0,"C++, Go, Python"
Other Tech Role,Sydney,Other US,Entry,Hybrid,75500.0,81842.0,"Java, Python, C++"
Other Tech Role,Sydney,Other US,Entry,On-site,77500.0,80502.0,"Python, Scala"
Other Tech Role,Sydney,Other US,Entry,Hybrid,75500.0,81842.0,"Julia, Scala, Python"
ML/AI Engineer,Sydney,Other US,Entry,Hybrid,69500.0,82433.0,"Python, Bash, C++"
ML/AI Engineer,Sydney,Other US,Entry,On-site,75000.0,81118.0,"SQL, Python"
Other Tech Role,Sydney,Other US,Entry,Hybrid,76500.0,81842.0,"R, Scala, Go, Python"
ML/AI Engineer,Sydney,Other US,Entry,On-site,74000.0,81118.0,"Go, Python"
Other Tech Role,Sydney,Other US,Entry,Hybrid,65000.0,81842.0,"Java, Bash, R, Python"
ML/AI Engineer,Sydney,Other US,Entry,Hybrid,82500.0,82433.0,"Scala, SQL, R, Python"
ML/AI Engineer,Sydney,Other US,Entry,On-site,68500.0,81118.0,"Julia, Python"
Other Tech Role,Sydney,Other US,Entry,Hybrid,70500.0,81842.0,"Scala, Python"
Data Engineer,Sydney,Other US,Entry,Hybrid,68000.0,80935.0,"Go, Python"
Other Tech Role,Sydney,Other US,Entry,Hybrid,75500.0,81842.0,"Bash, Go, Python"
ML/AI Engineer,Sydney,Other US,Entry,Hybrid,77500.0,82433.0,"SQL, Go, Bash, Python"
ML/AI Engineer,Sydney,Other US,Entry,On-site,72500.0,81118.0,"Bash, Python"
ML/AI Engineer,Sydney,Other US,Entry,Hybrid,78500.0,82433.0,"R, Python"
Data Engineer,Sydney,Other US,Entry,Hybrid,66000.0,80935.0,"Julia, Python"
Data Scientist,Sydney,Other US,Entry,Hybrid,66000.0,75731.0,"Julia, R, Python"
Other Tech Role,Sydney,Other US,Entry,Hybrid,73500.0,81842.0,"Java, SQL, Python"
Other Tech Role,Sydney,Other US,Entry,On-site,76000.0,80502.0,"Scala, Python, C++"
ML/AI Engineer,Sydney,Other US,Entry,Hybrid,67000.0,82433.0,"Julia, Python"
Other Tech Role,Sydney,Other US,Entry,Hybrid,72500.0,81842.0,"Julia, Python"
Other Tech Role,Sydney,Other US,Entry,On-site,74000.0,80502.0,"Bash, Python"
Other Tech Role,Sydney,Other US,Entry,Hybrid,70500.0,81842.0,"R, Julia, Python"
ML/AI Engineer,Sydney,Other US,Entry,On-site,75500.0,81118.0,"Scala, Python"
Data Engineer,Sydney,Other US,Entry,Hybrid,75000.0,80935.0,"SQL, Julia, Python"
ML/AI Engineer,Sydney,Other US,Entry,Hybrid,80500.0,82433.0,"C++, Python"
Other Tech Role,Sydney,Other US,Entry,On-site,76500.0,80502.0,"SQL, R, Python"
Other Tech Role,Sydney,Other US,Entry,Hybrid,74000.0,81842.0,"Go, Julia, Scala, Python"
ML/AI Engineer,Sydney,Other US,Entry,Hybrid,66000.0,82433.0,"R, Julia, Bash, Python"
ML/AI Engineer,Sydney,Other US,Entry,On-site,64500.0,81118.0,"Java, Python, Go"
ML/AI Engineer,Sydney,Other US,Entry,Hybrid,74000.0,82433.0,"Bash, C++, Scala, Python"
ML/AI Engineer,Sydney,Other US,Entry,Hybrid,72500.0,82433.0,"SQL, R, Python"
Other Tech Role,Sydney,Other US,Entry,On-site,63500.0,80502.0,"Scala, R, Python"
Data Scientist,Sydney,Other US,Entry,Hybrid,74000.0,75731.0,"Bash, Scala, C++, Python"
ML/AI Engineer,Sydney,Other US,Entry,On-site,75000.0,81118.0,"C++, Bash, SQL, Python"
Other Tech Role,Sydney,Other US,Entry,Hybrid,76500.0,81842.0,"Scala, Java, Python"
Other Tech Role,Sydney,Other US,Entry,On-site,68500.0,80502.0,"Python, Java"
Other Tech Role,Sydney,Other US,Entry,Hybrid,72000.0,81842.0,"SQL, R, Go, Python"
Other Tech Role,Sydney,Other US,Entry,Hybrid,71500.0,81842.0,"SQL, Python"
ML/AI Engineer,Sydney,Other US,Entry,On-site,74500.0,81118.0,"Python, Bash, SQL"
Other Tech Role,Sydney,Other US,Entry,Hybrid,72000.0,81842.0,SQL
Data Engineer,Sydney,Other US,Entry,Hybrid,79000.0,80935.0,"Go, Python"
ML/AI Engineer,Sydney,Other US,Entry,On-site,75500.0,81118.0,Python
ML/AI Engineer,Sydney,Other US,Entry,On-site,72000.0,81118.0,"Julia, SQL, Python"
ML/AI Engineer,Sydney,Other US,Entry,Hybrid,77000.0,82433.0,"Go, Python"
Other Tech Role,Sydney,Other US,Entry,On-site,73500.0,80502.0,"R, Java, Python"
Other Tech Role,Sydney,Other US,Entry,Hybrid,71000.0,81842.0,"R, C++, Python"
ML/AI Engineer,Sydney,Other US,Entry,Hybrid,68500.0,82433.0,Python
Other Tech Role,Sydney,Other US,Entry,On-site,74000.0,80502.0,"Java, Python"
Other Tech Role,Sydney,Other US,Entry,Hybrid,69500.0,81842.0,"SQL, Scala, Python"
Data Scientist,Sydney,Other US,Entry,Hybrid,74000.0,75731.0,"Scala, Python"
Data Scientist,Sydney,Other US,Entry,On-site,74000.0,77029.0,"Java, C++, Bash, Python"
ML/AI Engineer,Sydney,Other US,Entry,On-site,75000.0,81118.0,"R, Java, Python"
ML/AI Engineer,Sydney,Other US,Entry,On-site,74000.0,81118.0,"SQL, Scala, Python"
ML/AI Engineer,Sydney,Other US,Entry,On-site,72500.0,81118.0,"Scala, Python"
ML/AI Engineer,Sydney,Other US,Entry,Hybrid,70500.0,82433.0,"Bash, Python"
ML/AI Engineer,Sydney,Other US,Entry,Hybrid,68000.0,82433.0,"C++, Java, Python"
ML/AI Engineer,Sydney,Other US,Entry,Hybrid,73500.0,82433.0,"Scala, SQL, Python"
ML/AI Engineer,Sydney,Other US,Entry,Hybrid,66500.0,82433.0,"Scala, Bash, Python"
Other Tech Role,Sydney,Other US,Entry,Hybrid,81500.0,81842.0,"C++, SQL, Julia, Python"
Other Tech Role,Sydney,Other US,Entry,Hybrid,65500.0,81842.0,"Julia, Java, Python"
Other Tech Role,Sydney,Other US,Entry,Hybrid,78500.0,81842.0,Python
Other Tech Role,Sydney,Other US,Entry,Hybrid,67500.0,81842.0,"R, C++, Scala, Python"
Other Tech Role,Sydney,Other US,Entry,On-site,75500.0,80502.0,"SQL, Julia, Python"
ML/AI Engineer,Sydney,Other US,Entry,On-site,73500.0,81118.0,"C++, Julia, Go, Python"
ML/AI Engineer,Sydney,Other US,Entry,Hybrid,79000.0,82433.0,"C++, Java, Julia, Python"
ML/AI Engineer,Sydney,Other US,Entry,Hybrid,78000.0,82433.0,"Scala, Python"
Other Tech Role,Sydney,Other US,Entry,Hybrid,74500.0,81842.0,"C++, Python"
ML/AI Engineer,Sydney,Other US,Entry,Hybrid,68500.0,82433.0,"SQL, C++, Python"
Other Tech Role,Sydney,Other US,Entry,Hybrid,74000.0,81842.0,"Python, Julia"
ML/AI Engineer,Sydney,Other US,Entry,On-site,75000.0,81118.0,"Bash, Python"
ML/AI Engineer,Sydney,Other US,Entry,Hybrid,75500.0,82433.0,"C++, Python"
Other Tech Role,Sydney,Other US,Entry,Hybrid,71000.0,81842.0,"Go, Julia, Python"
Other Tech Role,Sydney,Other US,Entry,Hybrid,80000.0,81842.0,"Go, Java, Python"
Other Tech Role,Sydney,Other US,Entry,Hybrid,70500.0,81842.0,"Java, Julia, Scala, Python"
Other Tech Role,Sydney,Other US,Entry,Hybrid,70500.0,81842.0,"Python, Bash"
Data Engineer,Sydney,Other US,Entry,Hybrid,67500.0,80935.0,"Scala, Python"
ML/AI Engineer,Sydney,Other US,Entry,On-site,70000.0,81118.0,"SQL, Julia, C++, Python"
ML/AI Engineer,Sydney,Other US,Entry,On-site,66500.0,81118.0,"Python, Julia"
Data Engineer,Sydney,Other US,Entry,On-site,77500.0,81342.0,"R, C++, SQL, Python"
ML/AI Engineer,Sydney,Other US,Entry,Hybrid,71000.0,82433.0,"Julia, Python, Bash"
ML/AI Engineer,Sydney,Other US,Entry,Hybrid,73000.0,82433.0,"Go, Python, Julia"
ML/AI Engineer,Sydney,Other US,Entry,Hybrid,72000.0,82433.0,"Bash, R, Python"
Other Tech Role,Sydney,Other US,Entry,Hybrid,75000.0,81842.0,"R, Julia"
Other Tech Role,Sydney,Other US,Entry,Hybrid,77500.0,81842.0,"Go, Java, Scala, Python"
ML/AI Engineer,Sydney,Other US,Entry,Hybrid,79000.0,82433.0,"Go, Python"
Other Tech Role,Sydney,Other US,Entry,On-site,72000.0,80502.0,"C++, Julia, SQL, Python"
Other Tech Role,Sydney,Other US,Entry,Hybrid,74000.0,81842.0,"Bash, Python"
Data Engineer,Sydney,Other US,Entry,On-site,78000.0,81342.0,"Bash, Python"
ML/AI Engineer,Sydney,Other US,Entry,Hybrid,76500.0,82433.0,"R, Python"
Other Tech Role,Sydney,Other US,Entry,Hybrid,75000.0,81842.0,"Scala, Java, Python"
ML/AI Engineer,Sydney,Other US,Entry,On-site,66500.0,81118.0,"SQL, Go, Python"
ML/AI Engineer,Sydney,Other US,Entry,Hybrid,71500.0,82433.0,"SQL, Scala, Java, Python"
ML/AI Engineer,Sydney,Other US,Entry,Hybrid,72500.0,82433.0,"Go, Python"
Other Tech Role,Sydney,Other US,Entry,On-site,73000.0,80502.0,"Scala, C++, SQL, Python"
Other Tech Role,Sydney,Other US,Entry,On-site,76500.0,80502.0,"Scala, SQL, Python"
ML/AI Engineer,Sydney,Other US,Entry,On-site,67500.0,81118.0,"Go, Java, Python"
ML/AI Engineer,Sydney,Other US,Entry,Hybrid,69000.0,82433.0,"Scala, Python"
Other Tech Role,Sydney,Other US,Entry,On-site,78000.0,80502.0,"C++, Python"
Other Tech Role,Sydney,Other US,Entry,Hybrid,68000.0,81842.0,"SQL, Julia, Python"
ML/AI Engineer,Sydney,Other US,Entry,Hybrid,71500.0,82433.0,"C++, Python"
ML/AI Engineer,Sydney,Other US,Entry,Hybrid,76500.0,82433.0,"Julia, Python"
Data Engineer,Sydney,Other US,Entry,On-site,73500.0,81342.0,"Go, Julia, Scala, Python"
Data Engineer,Sydney,Other US,Entry,On-site,80500.0,81342.0,"Julia, Python"
Other Tech Role,Sydney,Other US,Entry,On-site,70000.0,80502.0,"Java, Scala"
ML/AI Engineer,Sydney,Other US,Entry,On-site,63500.0,81118.0,"Go, Python"
ML/AI Engineer,Sydney,Other US,Entry,Hybrid,71000.0,82433.0,"Scala, Python"
Other Tech Role,Sydney,Other US,Entry,Hybrid,70000.0,81842.0,"C++, Python"
Other Tech Role,Sydney,Other US,Entry,Hybrid,71000.0,81842.0,"Java, Bash, Python"
Other Tech Role,Sydney,Other US,Entry,On-site,67500.0,80502.0,"Java, Go, Python"
ML/AI Engineer,Sydney,Other US,Entry,On-site,72500.0,81118.0,"Bash, Python, R"
ML/AI Engineer,Sydney,Other US,Entry,Hybrid,72000.0,82433.0,"C++, Bash, Scala, Python"
ML/AI Engineer,Sydney,Other US,Entry,On-site,70500.0,81118.0,"Go, Julia, Python"
Other Tech Role,Sydney,Other US,Entry,On-site,81000.0,80502.0,"Go, SQL, Bash, Python"
Other Tech Role,Sydney,Other US,Entry,On-site,75500.0,80502.0,"Go, Python"
ML/AI Engineer,Sydney,Other US,Entry,On-site,82500.0,81118.0,"R, SQL, Go, Python"
ML/AI Engineer,Sydney,Other US,Entry,On-site,74000.0,81118.0,"Julia, Python"
ML/AI Engineer,Sydney,Other US,Entry,Hybrid,72000.0,82433.0,"Bash, Java, Python"
Other Tech Role,Sydney,Other US,Entry,On-site,71500.0,80502.0,"Java, Python"
Other Tech Role,Sydney,Other US,Entry,On-site,69000.0,80502.0,"SQL, Python"
ML/AI Engineer,Sydney,Other US,Entry,Hybrid,76000.0,82433.0,"Java, Python"
ML/AI Engineer,Sydney,Other US,Entry,On-site,76500.0,81118.0,"Julia, Java, C++, Python"
ML/AI Engineer,"Austin, TX",Other US,Mid,Hybrid,143500.0,120916.0,"Go, Python"
Other Tech Role,"Austin, TX",Other US,Mid,Hybrid,131500.0,120157.0,"Julia, Go, Java, Python"
ML/AI Engineer,"Austin, TX",Other US,Mid,Hybrid,146500.0,120916.0,"Go, Python"
Other Tech Role,"Austin, TX",Other US,Mid,On-site,147000.0,122470.0,"Java, Python"
Other Tech Role,"Austin, TX",Other US,Mid,Hybrid,138000.0,120157.0,"R, C++, Java, Python"
ML/AI Engineer,"Austin, TX",Other US,Mid,On-site,141000.0,120776.0,"Java, Python"
Other Tech Role,"Austin, TX",Other US,Mid,Hybrid,146000.0,120157.0,"Go, Java, Python"
ML/AI Engineer,"Austin, TX",Other US,Mid,Hybrid,146000.0,120916.0,"Scala, R, Python"
Other Tech Role,"Austin, TX",Other US,Mid,Hybrid,154000.0,120157.0,"Bash, Julia, Python"
Other Tech Role,"Austin, TX",Other US,Mid,On-site,134500.0,122470.0,"C++, Python"
Data Scientist,"Austin, TX",Other US,Mid,On-site,131500.0,122488.0,"Go, R, Python"
Other Tech Role,"Austin, TX",Other US,Mid,Hybrid,149000.0,120157.0,"Julia, Python"
Other Tech Role,"Austin, TX",Other US,Mid,Hybrid,147000.0,120157.0,"Java, R, Python"
Other Tech Role,"Austin, TX",Other US,Mid,Hybrid,131500.0,120157.0,"Scala, SQL, R, Python"
ML/AI Engineer,"Austin, TX",Other US,Mid,Hybrid,130500.0,120916.0,"Go, R, Python"
Data Engineer,"Austin, TX",Other US,Mid,Hybrid,141500.0,120816.0,"Scala, Python"
ML/AI Engineer,"Austin, TX",Other US,Mid,Hybrid,144500.0,120916.0,"Julia, R, Python"
ML/AI Engineer,"Austin, TX",Other US,Mid,Hybrid,152000.0,120916.0,"Bash, Python"
ML/AI Engineer,"Austin, TX",Other US,Mid,On-site,138000.0,120776.0,"Scala, Julia, Python"
ML/AI Engineer,"Austin, TX",Other US,Mid,Hybrid,149000.0,120916.0,"Julia, SQL, Python"
ML/AI Engineer,"Austin, TX",Other US,Mid,On-site,145000.0,120776.0,"Java, Julia, Python"
Data Engineer,"Austin, TX",Other US,Mid,On-site,135000.0,120396.0,"SQL, Java, C++, Python"
ML/AI Engineer,"Austin, TX",Other US,Mid,On-site,141500.0,120776.0,"Go, Java, Julia, Python"
ML/AI Engineer,"Austin, TX",Other US,Mid,Hybrid,133500.0,120916.0,"Scala, Python, Bash"
Other Tech Role,"Austin, TX",Other US,Mid,Hybrid,133000.0,120157.0,"R, Java, C++, Python"
Other Tech Role,"Austin, TX",Other US,Mid,On-site,142000.0,122470.0,"Julia, SQL, Python"
Data Scientist,"Austin, TX",Other US,Mid,Hybrid,135500.0,119213.0,"R, Python"
Other Tech Role,"Austin, TX",Other US,Mid,On-site,152000.0,122470.0,"Bash, Python"
Other Tech Role,"Austin, TX",Other US,Mid,Hybrid,146000.0,120157.0,"R, Bash, Python"
Data Engineer,"Austin, TX",Other US,Mid,Hybrid,139500.0,120816.0,"SQL, C++, Python"
Data Engineer,"Austin, TX",Other US,Mid,On-site,152500.0,120396.0,"R, Python"
Other Tech Role,"Austin, TX",Other US,Mid,Hybrid,128000.0,120157.0,"Julia, Python"
ML/AI Engineer,"Austin, TX",Other US,Mid,On-site,146500.0,120776.0,"Python, Scala"
Other Tech Role,"Austin, TX",Other US,Mid,On-site,152500.0,122470.0,"Java, C++, Python"
ML/AI Engineer,"Austin, TX",Other US,Mid,On-site,131000.0,120776.0,"C++, R, SQL"
ML/AI Engineer,"Austin, TX",Other US,Mid,Hybrid,159000.0,120916.0,"Scala, R, Python"
Other Tech Role,"Austin, TX",Other US,Mid,Hybrid,149500.0,120157.0,"C++, Python"
Other Tech Role,"Austin, TX",Other US,Mid,Hybrid,129500.0,120157.0,"Julia, Java"
Other Tech Role,"Austin, TX",Other US,Mid,On-site,143500.0,122470.0,Julia
Other Tech Role,"Austin, TX",Other US,Mid,Hybrid,147000.0,120157.0,"SQL, Scala, Python"
ML/AI Engineer,"Austin, TX",Other US,Mid,On-site,148500.0,120776.0,"SQL, Java, Python"
Other Tech Role,"Austin, TX",Other US,Mid,Hybrid,141500.0,120157.0,"Python, R"
Data Engineer,"Austin, TX",Other US,Mid,On-site,134000.0,120396.0,"Julia, Java, Bash, Python"
Other Tech Role,"Austin, TX",Other US,Mid,On-site,157000.0,122470.0,"Java, Python, Scala"
ML/AI Engineer,"Austin, TX",Other US,Mid,Hybrid,137500.0,120916.0,"R, Python"
ML/AI Engineer,"Austin, TX",Other US,Mid,Hybrid,146500.0,120916.0,"Bash, Julia, R, Python"
Other Tech Role,"Austin, TX",Other US,Mid,On-site,146000.0,122470.0,Bash
Other Tech Role,"Austin, TX",Other US,Mid,Hybrid,149500.0,120157.0,"C++, Java, Python"
Other Tech Role,"Austin, TX",Other US,Mid,Hybrid,137500.0,120157.0,"Bash, Python, Julia"
Other Tech Role,"Austin, TX",Other US,Mid,On-site,154000.0,122470.0,"Java, Python"
Other Tech Role,"Austin, TX",Other US,Mid,Hybrid,143500.0,120157.0,Java
ML/AI Engineer,"Austin, TX",Other US,Mid,Hybrid,139000.0,120916.0,"C++, Java, Python"
Other Tech Role,"Austin, TX",Other US,Mid,On-site,149000.0,122470.0,"Python, Go"
ML/AI Engineer,"Austin, TX",Other US,Mid,Hybrid,149500.0,120916.0,"SQL, Python, Bash"
Data Scientist,"Austin, TX",Other US,Mid,On-site,144500.0,122488.0,"R, Python"
ML/AI Engineer,"Austin, TX",Other US,Mid,Hybrid,139500.0,120916.0,"Bash, Python"
ML/AI Engineer,"Austin, TX",Other US,Mid,Hybrid,137500.0,120916.0,"Julia, Java, Scala, Python"
Other Tech Role,"Austin, TX",Other US,Mid,Hybrid,140000.0,120157.0,"Python, Go"
Other Tech Role,"Austin, TX",Other US,Mid,Hybrid,151000.0,120157.0,"Go, Python, Julia"
Other Tech Role,"Austin, TX",Other US,Mid,Hybrid,147500.0,120157.0,"Scala, Julia, Python"
Other Tech Role,"Austin, TX",Other US,Mid,On-site,143000.0,122470.0,"Bash, Python, Go"
Data Scientist,"Austin, TX",Other US,Mid,Hybrid,135000.0,119213.0,"C++, Julia, Python"
ML/AI Engineer,"Austin, TX",Other US,Mid,On-site,151500.0,120776.0,"C++, Julia, Python"
Other Tech Role,"Austin, TX",Other US,Mid,Hybrid,150000.0,120157.0,"SQL, Scala, R, Python"
Data Scientist,"Austin, TX",Other US,Mid,On-site,142500.0,122488.0,"Go, Python"
ML/AI Engineer,"Austin, TX",Other US,Mid,Hybrid,150500.0,120916.0,"Julia, Java, SQL, Python"
Other Tech Role,"Austin, TX",Other US,Mid,On-site,149500.0,122470.0,"C++, Python"
ML/AI Engineer,"Austin, TX",Other US,Mid,Hybrid,145500.0,120916.0,"SQL, Python"
ML/AI Engineer,"Austin, TX",Other US,Mid,Hybrid,146500.0,120916.0,"Bash, Julia, Python"
Other Tech Role,"Austin, TX",Other US,Mid,Hybrid,140000.0,120157.0,"SQL, Julia, R, Python"
Other Tech Role,"Austin, TX",Other US,Mid,On-site,139000.0,122470.0,"Java, Python"
Other Tech Role,"Austin, TX",Other US,Mid,On-site,143500.0,122470.0,"Go, C++, Python"
ML/AI Engineer,"Austin, TX",Other US,Mid,Hybrid,152000.0,120916.0,"Bash, Python"
ML/AI Engineer,"Austin, TX",Other US,Mid,Hybrid,149000.0,120916.0,"Bash, Python"
Other Tech Role,"Austin, TX",Other US,Mid,On-site,137500.0,122470.0,"R, Python, Bash"
Other Tech Role,"Austin, TX",Other US,Mid,Hybrid,152500.0,120157.0,"Julia, Python, Java"
ML/AI Engineer,"Austin, TX",Other US,Mid,On-site,155000.0,120776.0,"SQL, Scala, Java, Python"
Other Tech Role,"Austin, TX",Other US,Mid,Hybrid,137500.0,120157.0,"Bash, Python"
Data Engineer,"Austin, TX",Other US,Mid,Hybrid,143500.0,120816.0,"SQL, Go, Python"
Data Scientist,"Austin, TX",Other US,Mid,Hybrid,151500.0,119213.0,"Python, Julia, Java"
ML/AI Engineer,"Austin, TX",Other US,Mid,On-site,151000.0,120776.0,"C++, SQL, Python"
ML/AI Engineer,"Austin, TX",Other US,Mid,Hybrid,141000.0,120916.0,"Julia, Python"
ML/AI Engineer,"Austin, TX",Other US,Mid,Hybrid,132500.0,120916.0,"Julia, R, Go, Python"
Data Scientist,"Austin, TX",Other US,Mid,Hybrid,146000.0,119213.0,"SQL, Scala, C++, Python"
ML/AI Engineer,"Austin, TX",Other US,Mid,On-site,138000.0,120776.0,"Scala, R, Python"
ML/AI Engineer,"Austin, TX",Other US,Mid,Hybrid,129500.0,120916.0,"Julia, C++, Bash, Python"
Other Tech Role,"Austin, TX",Other US,Mid,Hybrid,137000.0,120157.0,"SQL, Python, Java"
Other Tech Role,"Austin, TX",Other US,Mid,Hybrid,146500.0,120157.0,"Go, Python"
ML/AI Engineer,"Austin, TX",Other US,Mid,Hybrid,156000.0,120916.0,"Bash, Scala, Python"
ML/AI Engineer,"Austin, TX",Other US,Mid,Hybrid,145500.0,120916.0,"Bash, Python"
ML/AI Engineer,"Austin, TX",Other US,Mid,Hybrid,132000.0,120916.0,"Scala, Java, C++"
Other Tech Role,"Austin, TX",Other US,Mid,Hybrid,135500.0,120157.0,"Bash, Scala, Python"
ML/AI Engineer,"Austin, TX",Other US,Mid,On-site,140000.0,120776.0,"SQL, Python"
Other Tech Role,"Austin, TX",Other US,Mid,Hybrid,151000.0,120157.0,"SQL, Python"
ML/AI Engineer,"Austin, TX",Other US,Mid,Hybrid,156000.0,120916.0,"Python, Go, Scala"
ML/AI Engineer,"Austin, TX",Other US,Mid,Hybrid,151000.0,120916.0,"Bash, Scala, Python"
Data Engineer,"Austin, TX",Other US,Mid,Hybrid,144000.0,120816.0,"Java, Python"
Other Tech Role,"Austin, TX",Other US,Mid,On-site,152500.0,122470.0,"SQL, Scala, Python"
ML/AI Engineer,"Austin, TX",Other US,Mid,On-site,147000.0,120776.0,"Go, Python"
Other Tech Role,"Austin, TX",Other US,Mid,On-site,138500.0,122470.0,Python
Other Tech Role,"Austin, TX",Other US,Mid,Hybrid,150000.0,120157.0,"Java, Go, Bash, Python"
ML/AI Engineer,"Austin, TX",Other US,Mid,Hybrid,139500.0,120916.0,"Julia, Java, SQL, Python"
Data Scientist,"Austin, TX",Other US,Mid,Hybrid,139500.0,119213.0,"Go, C++, Python"
Other Tech Role,"Austin, TX",Other US,Mid,On-site,142000.0,122470.0,"R, Scala, Python"
Other Tech Role,"Austin, TX",Other US,Mid,Hybrid,151000.0,120157.0,"Julia, R, Python"
Other Tech Role,"Austin, TX",Other US,Mid,On-site,152500.0,122470.0,"C++, Java, R, Python"
ML/AI Engineer,"Austin, TX",Other US,Mid,On-site,135000.0,120776.0,"Java, Go, Python"
Other Tech Role,"Austin, TX",Other US,Mid,Hybrid,154500.0,120157.0,"Julia, Python"
Other Tech Role,"Austin, TX",Other US,Mid,Hybrid,141500.0,120157.0,"R, Python, Bash"
ML/AI Engineer,"Austin, TX",Other US,Mid,Hybrid,142000.0,120916.0,"C++, Python"
Other Tech Role,"Austin, TX",Other US,Mid,On-site,143500.0,122470.0,"Python, Scala, C++"
Other Tech Role,"Austin, TX",Other US,Mid,Hybrid,140000.0,120157.0,"R, C++, Python"
Other Tech Role,"Austin, TX",Other US,Mid,On-site,138500.0,122470.0,"R, Go, Python"
ML/AI Engineer,"Austin, TX",Other US,Mid,Hybrid,152000.0,120916.0,"Java, Python"
ML/AI Engineer,"Austin, TX",Other US,Mid,Hybrid,137500.0,120916.0,"Julia, Bash, Scala, Python"
Data Engineer,"Austin, TX",Other US,Mid,On-site,143500.0,120396.0,"Scala, Java, Julia, Python"
ML/AI Engineer,"Austin, TX",Other US,Mid,Hybrid,136000.0,120916.0,Python
Other Tech Role,"Austin, TX",Other US,Mid,Hybrid,140000.0,120157.0,"Julia, Python"
ML/AI Engineer,"Austin, TX",Other US,Mid,On-site,150500.0,120776.0,"Bash, Julia, Python"
Other Tech Role,"Austin, TX",Other US,Mid,Hybrid,150500.0,120157.0,"Scala, Python"
Other Tech Role,"Austin, TX",Other US,Mid,Hybrid,139000.0,120157.0,"Go, SQL, Python"
Data Scientist,"Austin, TX",Other US,Mid,Hybrid,143500.0,119213.0,"Go, SQL, Python"
ML/AI Engineer,"Austin, TX",Other US,Mid,Hybrid,153000.0,120916.0,"Java, Julia, Python"
Other Tech Role,"Austin, TX",Other US,Mid,On-site,141500.0,122470.0,"Python, Go"
Other Tech Role,"Austin, TX",Other US,Mid,Hybrid,139000.0,120157.0,"Bash, Python"
Data Engineer,"Austin, TX",Other US,Mid,On-site,131500.0,120396.0,"Bash, C++, SQL, Python"
ML/AI Engineer,"Austin, TX",Other US,Mid,On-site,146500.0,120776.0,Python
ML/AI Engineer,"Austin, TX",Other US,Mid,On-site,154500.0,120776.0,"SQL, R, Python"
ML/AI Engineer,"Austin, TX",Other US,Mid,Hybrid,136000.0,120916.0,"Go, Julia, SQL, Python"
ML/AI Engineer,"Austin, TX",Other US,Mid,On-site,141500.0,120776.0,"Bash, Python"
Data Engineer,"Austin, TX",Other US,Mid,On-site,159000.0,120396.0,"Bash, Python"
Data Scientist,"Austin, TX",Other US,Mid,Hybrid,146500.0,119213.0,Go
ML/AI Engineer,"Austin, TX",Other US,Mid,On-site,131500.0,120776.0,"C++, Python"
ML/AI Engineer,"Austin, TX",Other US,Mid,Hybrid,149000.0,120916.0,"Java, Python"
Other Tech Role,"Austin, TX",Other US,Mid,Hybrid,155000.0,120157.0,"C++, Scala, Python"
ML/AI Engineer,"Austin, TX",Other US,Mid,On-site,138000.0,120776.0,"R, Java, Python"
ML/AI Engineer,"Austin, TX",Other US,Mid,Hybrid,145000.0,120916.0,"C++, Python"
ML/AI Engineer,"Austin, TX",Other US,Mid,Hybrid,146000.0,120916.0,"Julia, Java, Python"
ML/AI Engineer,"Austin, TX",Other US,Mid,Hybrid,156500.0,120916.0,"Java, Go, Scala, Python"
ML/AI Engineer,"Austin, TX",Other US,Mid,Hybrid,146000.0,120916.0,"C++, Go, Python"
Data Scientist,"Austin, TX",Other US,Mid,Hybrid,141000.0,119213.0,"C++, Python"
Data Scientist,"Austin, TX",Other US,Mid,On-site,150000.0,122488.0,"Bash, C++, Java, Python"
ML/AI Engineer,"Austin, TX",Other US,Mid,Hybrid,140500.0,120916.0,"SQL, Python"
ML/AI Engineer,"Austin, TX",Other US,Mid,Hybrid,152500.0,120916.0,"Java, Python"
Data Engineer,"Austin, TX",Other US,Mid,Hybrid,140500.0,120816.0,"Bash, Python"
Other Tech Role,"Austin, TX",Other US,Mid,On-site,133500.0,122470.0,"Java, Julia, Bash, Python"
ML/AI Engineer,"Austin, TX",Other US,Mid,On-site,157000.0,120776.0,Python
Other Tech Role,"Austin, TX",Other US,Mid,On-site,138000.0,122470.0,"R, Scala, Python"
ML/AI Engineer,"Austin, TX",Other US,Mid,Hybrid,152500.0,120916.0,"Bash, Python"
ML/AI Engineer,"Austin, TX",Other US,Mid,Hybrid,137000.0,120916.0,"Scala, Python"
Data Engineer,"Austin, TX",Other US,Mid,Hybrid,146500.0,120816.0,"Go, Python"
Other Tech Role,"Austin, TX",Other US,Mid,Hybrid,143500.0,120157.0,"Julia, Python, Java"
Other Tech Role,"Austin, TX",Other US,Mid,Hybrid,148000.0,120157.0,"Go, Python"
ML/AI Engineer,"Austin, TX",Other US,Mid,Hybrid,147000.0,120916.0,"Bash, C++"
ML/AI Engineer,"Austin, TX",Other US,Mid,On-site,150500.0,120776.0,"Python, SQL"
Other Tech Role,"Austin, TX",Other US,Mid,Hybrid,134000.0,120157.0,"C++, Python, Java"
ML/AI Engineer,"Austin, TX",Other US,Mid,On-site,135000.0,120776.0,"R, Python"
Other Tech Role,"Austin, TX",Other US,Mid,Hybrid,129500.0,120157.0,"C++, Python"
ML/AI Engineer,"Austin, TX",Other US,Mid,Hybrid,154000.0,120916.0,"Scala, Bash, Java"
Data Scientist,"Austin, TX",Other US,Mid,On-site,146000.0,122488.0,"Bash, Julia, Python"
Other Tech Role,"Austin, TX",Other US,Mid,On-site,142000.0,122470.0,"Bash, Julia, Scala, Python"
ML/AI Engineer,"Austin, TX",Other US,Mid,Hybrid,156500.0,120916.0,Python
ML/AI Engineer,"Boston, MA",Other US,Mid,Hybrid,135500.0,120916.0,Python
Other Tech Role,"Boston, MA",Other US,Mid,Hybrid,146000.0,120157.0,"Bash, Julia, Python"
Other Tech Role,"Boston, MA",Other US,Mid,Hybrid,144500.0,120157.0,"R, Scala, Python"
ML/AI Engineer,"Boston, MA",Other US,Mid,Hybrid,151000.0,120916.0,"Python, Java, R"
ML/AI Engineer,"Boston, MA",Other US,Mid,On-site,149000.0,120776.0,"Scala, SQL, Python"
Other Tech Role,"Boston, MA",Other US,Mid,Hybrid,142000.0,120157.0,"Bash, Python"
ML/AI Engineer,"Boston, MA",Other US,Mid,Hybrid,138000.0,120916.0,"Julia, SQL, R, Python"
ML/AI Engineer,"Boston, MA",Other US,Mid,On-site,140500.0,120776.0,"SQL, Scala, R, Python"
ML/AI Engineer,"Boston, MA",Other US,Mid,On-site,137000.0,120776.0,"SQL, Go, Python"
ML/AI Engineer,"Boston, MA",Other US,Mid,Hybrid,146000.0,120916.0,"Go, Scala, Python"
ML/AI Engineer,"Boston, MA",Other US,Mid,On-site,142500.0,120776.0,"Julia, Java, Go, Python"
Data Engineer,"Boston, MA",Other US,Mid,Hybrid,141000.0,120816.0,"Bash, Java, Python"
Data Engineer,"Boston, MA",Other US,Mid,Hybrid,140000.0,120816.0,"Go, SQL, R, Python"
ML/AI Engineer,"Boston, MA",Other US,Mid,On-site,145000.0,120776.0,"Julia, Go, Python"
Other Tech Role,"Boston, MA",Other US,Mid,Hybrid,139500.0,120157.0,"Java, Python"
ML/AI Engineer,"Boston, MA",Other US,Mid,On-site,146000.0,120776.0,"Julia, Python"
Other Tech Role,"Boston, MA",Other US,Mid,Hybrid,140000.0,120157.0,"R, SQL, Python"
ML/AI Engineer,"Boston, MA",Other US,Mid,Hybrid,140500.0,120916.0,"Java, Scala, C++, Python"
ML/AI Engineer,"Boston, MA",Other US,Mid,Hybrid,139000.0,120916.0,"Python, SQL, Julia"
ML/AI Engineer,"Boston, MA",Other US,Mid,On-site,136000.0,120776.0,"SQL, Scala, Python"
ML/AI Engineer,"Boston, MA",Other US,Mid,Hybrid,133500.0,120916.0,"Scala, SQL, Java, Python"
ML/AI Engineer,"Boston, MA",Other US,Mid,On-site,135000.0,120776.0,"SQL, Scala, Go, Python"
ML/AI Engineer,"Boston, MA",Other US,Mid,On-site,132500.0,120776.0,"Java, Python"
ML/AI Engineer,"Boston, MA",Other US,Mid,On-site,156000.0,120776.0,"Julia, C++, Python"
Other Tech Role,"Boston, MA",Other US,Mid,Hybrid,134500.0,120157.0,"Java, Python"
ML/AI Engineer,"Boston, MA",Other US,Mid,Hybrid,138000.0,120916.0,"Python, R, Go"
Other Tech Role,"Boston, MA",Other US,Mid,On-site,155500.0,122470.0,"Bash, Julia, Python"
Other Tech Role,"Boston, MA",Other US,Mid,On-site,152000.0,122470.0,"Go, Python, Java"
Data Engineer,"Boston, MA",Other US,Mid,On-site,137000.0,120396.0,"Bash, R, Python"
Data Scientist,"Boston, MA",Other US,Mid,Hybrid,137000.0,119213.0,Scala
Data Engineer,"Boston, MA",Other US,Mid,Hybrid,138000.0,120816.0,Java
Other Tech Role,"Boston, MA",Other US,Mid,Hybrid,137000.0,120157.0,"R, Julia, Go"
ML/AI Engineer,"Boston, MA",Other US,Mid,Hybrid,137500.0,120916.0,"Scala, Python"
Other Tech Role,"Boston, MA",Other US,Mid,Hybrid,130000.0,120157.0,"R, Python"
Data Engineer,"Boston, MA",Other US,Mid,On-site,132000.0,120396.0,"SQL, Bash, C++, Python"
ML/AI Engineer,"Boston, MA",Other US,Mid,Hybrid,130000.0,120916.0,"Python, Go"
ML/AI Engineer,"Boston, MA",Other US,Mid,On-site,149000.0,120776.0,"Bash, Java, Python"
ML/AI Engineer,"Boston, MA",Other US,Mid,On-site,150500.0,120776.0,"Scala, Julia, Python"
Data Engineer,"Boston, MA",Other US,Mid,Hybrid,147000.0,120816.0,"Java, Python, C++"
Data Engineer,"Boston, MA",Other US,Mid,On-site,155000.0,120396.0,Python
ML/AI Engineer,"Boston, MA",Other US,Mid,Hybrid,140500.0,120916.0,"Julia, Python"
ML/AI Engineer,"Boston, MA",Other US,Mid,On-site,151000.0,120776.0,"Python, C++"
Other Tech Role,"Boston, MA",Other US,Mid,On-site,157000.0,122470.0,"R, Python"
ML/AI Engineer,"Boston, MA",Other US,Mid,On-site,143500.0,120776.0,"C++, Java, Python"
ML/AI Engineer,"Boston, MA",Other US,Mid,Hybrid,136500.0,120916.0,"Java, Python, Julia"
Other Tech Role,"Boston, MA",Other US,Mid,Hybrid,135000.0,120157.0,"C++, Python"
Other Tech Role,"Boston, MA",Other US,Mid,On-site,148500.0,122470.0,"C++, Julia, Python"
ML/AI Engineer,"Boston, MA",Other US,Mid,On-site,146500.0,120776.0,"Bash, Python"
Other Tech Role,"Boston, MA",Other US,Mid,On-site,140000.0,122470.0,"SQL, Python"
Data Engineer,"Boston, MA",Other US,Mid,Hybrid,137000.0,120816.0,"Scala, Julia"
Data Scientist,"Boston, MA",Other US,Mid,On-site,144500.0,122488.0,"Go, Scala, Python"
Other Tech Role,"Boston, MA",Other US,Mid,Hybrid,134500.0,120157.0,"Bash, Python"
Data Scientist,"Boston, MA",Other US,Mid,Hybrid,139500.0,119213.0,"Go, Bash, Python"
Other Tech Role,"Boston, MA",Other US,Mid,On-site,149500.0,122470.0,"R, C++, Bash, Python"
ML/AI Engineer,"Boston, MA",Other US,Mid,Hybrid,150500.0,120916.0,"R, Python"
ML/AI Engineer,"Boston, MA",Other US,Mid,On-site,144000.0,120776.0,"C++, R, Python"
ML/AI Engineer,"Boston, MA",Other US,Mid,Hybrid,152000.0,120916.0,"Go, SQL, Julia, Python"
ML/AI Engineer,"Boston, MA",Other US,Mid,Hybrid,130500.0,120916.0,"Scala, Go, Python"
Data Scientist,"Boston, MA",Other US,Mid,On-site,150500.0,122488.0,"SQL, Python"
ML/AI Engineer,"Boston, MA",Other US,Mid,Hybrid,157000.0,120916.0,"Python, R"
Other Tech Role,"Boston, MA",Other US,Mid,On-site,138500.0,122470.0,"Scala, C++, Java, Python"
Other Tech Role,"Boston, MA",Other US,Mid,Hybrid,145000.0,120157.0,"Java, Python"
ML/AI Engineer,"Boston, MA",Other US,Mid,Hybrid,156000.0,120916.0,"Bash, Python"
Other Tech Role,"Boston, MA",Other US,Mid,Hybrid,151500.0,120157.0,"Scala, Python"
Other Tech Role,"Boston, MA",Other US,Mid,Hybrid,149500.0,120157.0,"Java, Python"
ML/AI Engineer,"Boston, MA",Other US,Mid,Hybrid,147000.0,120916.0,"Julia, Go, Java, Python"
ML/AI Engineer,"Boston, MA",Other US,Mid,Hybrid,133000.0,120916.0,Python
ML/AI Engineer,"Boston, MA",Other US,Mid,Hybrid,139000.0,120916.0,"Go, Java, Python"
ML/AI Engineer,"Boston, MA",Other US,Mid,Hybrid,154500.0,120916.0,"SQL, R, Python"
Other Tech Role,"Boston, MA",Other US,Mid,On-site,134000.0,122470.0,"Java, Python"
Other Tech Role,"Boston, MA",Other US,Mid,On-site,147000.0,122470.0,"C++, Go, Scala, Python"
ML/AI Engineer,"Boston, MA",Other US,Mid,Hybrid,137500.0,120916.0,"Julia, Bash, Python"
ML/AI Engineer,"Boston, MA",Other US,Mid,Hybrid,152000.0,120916.0,"Python, Bash, Scala"
Other Tech Role,"Boston, MA",Other US,Mid,Hybrid,139500.0,120157.0,SQL
ML/AI Engineer,"Boston, MA",Other US,Mid,On-site,155500.0,120776.0,"Java, Python"
ML/AI Engineer,"Boston, MA",Other US,Mid,Hybrid,139000.0,120916.0,"Scala, Python"
ML/AI Engineer,"Boston, MA",Other US,Mid,Hybrid,135500.0,120916.0,"C++, Go, Python"
Other Tech Role,"Boston, MA",Other US,Mid,Hybrid,143500.0,120157.0,"Go, Python"
ML/AI Engineer,"Boston, MA",Other US,Mid,On-site,137500.0,120776.0,"SQL, Scala, Python"
Other Tech Role,"Boston, MA",Other US,Mid,On-site,130000.0,122470.0,"Go, Java, Python"
Other Tech Role,"Boston, MA",Other US,Mid,On-site,153000.0,122470.0,"Go, Bash, SQL, Python"
Other Tech Role,"Boston, MA",Other US,Mid,On-site,147500.0,122470.0,"Bash, Python, Julia"
Data Engineer,"Boston, MA",Other US,Mid,On-site,150500.0,120396.0,"Go, Python"
Data Scientist,"Boston, MA",Other US,Mid,Hybrid,143500.0,119213.0,"Bash, Go, Python"
Other Tech Role,"Boston, MA",Other US,Mid,Hybrid,140000.0,120157.0,"Bash, Go, SQL, Python"
ML/AI Engineer,"Boston, MA",Other US,Mid,Hybrid,135500.0,120916.0,"R, SQL, C++, Python"
ML/AI Engineer,"Boston, MA",Other US,Mid,On-site,138000.0,120776.0,"Go, SQL, Python"
Other Tech Role,"Boston, MA",Other US,Mid,On-site,153500.0,122470.0,"Python, SQL"
ML/AI Engineer,"Boston, MA",Other US,Mid,On-site,139500.0,120776.0,"Julia, Go, Python"
Other Tech Role,"Boston, MA",Other US,Mid,On-site,148500.0,122470.0,"Go, Python"
Other Tech Role,"Boston, MA",Other US,Mid,On-site,145000.0,122470.0,"Bash, Python"
Data Engineer,"Boston, MA",Other US,Mid,On-site,145500.0,120396.0,"SQL, C++, Python"
ML/AI Engineer,"Boston, MA",Other US,Mid,On-site,146500.0,120776.0,"Java, Python"
Other Tech Role,"Boston, MA",Other US,Mid,On-site,143000.0,122470.0,"Scala, Java, Python"
ML/AI Engineer,"Boston, MA",Other US,Mid,Hybrid,141000.0,120916.0,"C++, Bash, Python"
ML/AI Engineer,"Boston, MA",Other US,Mid,On-site,150000.0,120776.0,"Python, R, Julia"
Other Tech Role,"Boston, MA",Other US,Mid,Hybrid,143000.0,120157.0,"Python, Julia"
ML/AI Engineer,"Boston, MA",Other US,Mid,Hybrid,134500.0,120916.0,"Scala, Julia, SQL, Python"
ML/AI Engineer,"Boston, MA",Other US,Mid,On-site,141000.0,120776.0,"R, Python"
ML/AI Engineer,"Boston, MA",Other US,Mid,Hybrid,141500.0,120916.0,"Java, Bash, Python"
Other Tech Role,"Boston, MA",Other US,Mid,Hybrid,133500.0,120157.0,"Bash, Go, Python"
Other Tech Role,"Boston, MA",Other US,Mid,On-site,142000.0,122470.0,"Java, Python"
ML/AI Engineer,"Boston, MA",Other US,Mid,On-site,138500.0,120776.0,"Python, C++"
ML/AI Engineer,"Boston, MA",Other US,Mid,Hybrid,154000.0,120916.0,Python
Other Tech Role,"Boston, MA",Other US,Mid,Hybrid,133500.0,120157.0,"Julia, C++, Python"
Other Tech Role,"Boston, MA",Other US,Mid,Hybrid,142500.0,120157.0,"Scala, Go, Java, Python"
ML/AI Engineer,"Boston, MA",Other US,Mid,Hybrid,129000.0,120916.0,"Go, Bash, Java, Python"
ML/AI Engineer,"Boston, MA",Other US,Mid,On-site,148500.0,120776.0,"R, Python"
ML/AI Engineer,"Boston, MA",Other US,Mid,Hybrid,140500.0,120916.0,"Go, Python"
ML/AI Engineer,"Boston, MA",Other US,Mid,On-site,151500.0,120776.0,"Bash, Scala, Python"
ML/AI Engineer,"Boston, MA",Other US,Mid,Hybrid,136500.0,120916.0,"Julia, Python, Go"
ML/AI Engineer,"Boston, MA",Other US,Mid,Hybrid,156000.0,120916.0,"C++, Python"
ML/AI Engineer,"Boston, MA",Other US,Mid,Hybrid,135500.0,120916.0,"Scala, Python"
Other Tech Role,"Boston, MA",Other US,Mid,On-site,134000.0,122470.0,"Scala, Java, Python"
Other Tech Role,"Boston, MA",Other US,Mid,On-site,147000.0,122470.0,"Go, Python, Java"
ML/AI Engineer,"Boston, MA",Other US,Mid,On-site,139500.0,120776.0,"Go, Bash, R, Python"
ML/AI Engineer,"Boston, MA",Other US,Mid,Hybrid,136000.0,120916.0,"Julia, Python"
ML/AI Engineer,"Boston, MA",Other US,Mid,On-site,141500.0,120776.0,"SQL, Julia, R, Python"
Other Tech Role,"Boston, MA",Other US,Mid,Hybrid,141500.0,120157.0,"SQL, Julia, Bash"
Other Tech Role,"Boston, MA",Other US,Mid,On-site,136500.0,122470.0,"SQL, Python"
Other Tech Role,"Boston, MA",Other US,Mid,Hybrid,141500.0,120157.0,Python
Other Tech Role,"Boston, MA",Other US,Mid,Hybrid,152500.0,120157.0,"Java, Python"
Data Scientist,"Boston, MA",Other US,Mid,On-site,138500.0,122488.0,"Julia, Python"
ML/AI Engineer,"Boston, MA",Other US,Mid,On-site,152500.0,120776.0,"R, Python"
Other Tech Role,"Boston, MA",Other US,Mid,Hybrid,148500.0,120157.0,"R, C++"
Other Tech Role,"Boston, MA",Other US,Mid,On-site,135000.0,122470.0,"SQL, Java, Python"
ML/AI Engineer,"Boston, MA",Other US,Mid,On-site,158000.0,120776.0,"Java, Python"
Data Scientist,"Boston, MA",Other US,Mid,On-site,145500.0,122488.0,"Bash, SQL, Python"
ML/AI Engineer,"Boston, MA",Other US,Mid,On-site,154500.0,120776.0,"Scala, C++, Python"
ML/AI Engineer,"Boston, MA",Other US,Mid,On-site,140500.0,120776.0,"Julia, Java, Scala, Python"
Other Tech Role,"Boston, MA",Other US,Mid,Hybrid,139500.0,120157.0,"R, Go, Scala, Python"
ML/AI Engineer,"Boston, MA",Other US,Mid,Hybrid,149000.0,120916.0,"Java, Python"
Other Tech Role,"Boston, MA",Other US,Mid,Hybrid,141500.0,120157.0,"Go, Bash, Python"
ML/AI Engineer,"Boston, MA",Other US,Mid,Hybrid,139000.0,120916.0,"SQL, Python"
ML/AI Engineer,"Boston, MA",Other US,Mid,On-site,145500.0,120776.0,"Java, Python"
ML/AI Engineer,"Boston, MA",Other US,Mid,Hybrid,134000.0,120916.0,"Go, R, Python"
ML/AI Engineer,"Boston, MA",Other US,Mid,Hybrid,146000.0,120916.0,"C++, R, Python"
Other Tech Role,"Boston, MA",Other US,Mid,On-site,132500.0,122470.0,"Java, R, Python"
Other Tech Role,"Boston, MA",Other US,Mid,Hybrid,154000.0,120157.0,"Go, Python"
Data Engineer,"Boston, MA",Other US,Mid,Hybrid,153000.0,120816.0,"Java, SQL, R, Python"
Other Tech Role,"Boston, MA",Other US,Mid,Hybrid,138000.0,120157.0,"Julia, R, C++, Python"
Other Tech Role,"Boston, MA",Other US,Mid,Hybrid,139500.0,120157.0,"SQL, Python"
ML/AI Engineer,"Boston, MA",Other US,Mid,Hybrid,151000.0,120916.0,Scala
Other Tech Role,"Boston, MA",Other US,Mid,Hybrid,134500.0,120157.0,"Scala, Python"
Other Tech Role,"Boston, MA",Other US,Mid,Hybrid,134500.0,120157.0,"C++, Java, Python"
ML/AI Engineer,"Boston, MA",Other US,Mid,On-site,138500.0,120776.0,"Go, Python"
Other Tech Role,"Boston, MA",Other US,Mid,On-site,148500.0,122470.0,"Java, Bash, Python"
ML/AI Engineer,"Boston, MA",Other US,Mid,On-site,154500.0,120776.0,"SQL, Julia, Python"
Other Tech Role,"Boston, MA",Other US,Mid,On-site,158000.0,122470.0,"Bash, R, Python"
Other Tech Role,"Boston, MA",Other US,Mid,Hybrid,134000.0,120157.0,"Scala, Python"
ML/AI Engineer,"Boston, MA",Other US,Mid,Hybrid,152500.0,120916.0,"Java, R, Python"
ML/AI Engineer,"Boston, MA",Other US,Mid,Hybrid,147000.0,120916.0,"SQL, R, Python"
Other Tech Role,"Boston, MA",Other US,Mid,Hybrid,141500.0,120157.0,"C++, Scala, R, Python"
Other Tech Role,"Boston, MA",Other US,Mid,Hybrid,154000.0,120157.0,"C++, Python"
ML/AI Engineer,"Boston, MA",Other US,Mid,Hybrid,137000.0,120916.0,"Scala, Java, Julia, Python"
ML/AI Engineer,"Boston, MA",Other US,Mid,Hybrid,150500.0,120916.0,"C++, Bash"
ML/AI Engineer,Brisbane,Other US,Mid,On-site,104500.0,120776.0,"C++, Python"
ML/AI Engineer,Brisbane,Other US,Mid,Hybrid,112000.0,120916.0,"Go, C++, Python"
ML/AI Engineer,Brisbane,Other US,Mid,Hybrid,108000.0,120916.0,"R, Scala, Python"
Data Scientist,Brisbane,Other US,Mid,Hybrid,103000.0,119213.0,"C++, Python, Bash"
Data Scientist,Brisbane,Other US,Mid,Hybrid,103500.0,119213.0,"C++, Go, R, Python"
Other Tech Role,Brisbane,Other US,Mid,Hybrid,112000.0,120157.0,"Julia, Python"
Other Tech Role,Brisbane,Other US,Mid,Hybrid,109000.0,120157.0,"SQL, Go, Java, Python"
ML/AI Engineer,Brisbane,Other US,Mid,Hybrid,104000.0,120916.0,"SQL, Java, Python"
ML/AI Engineer,Brisbane,Other US,Mid,On-site,99000.0,120776.0,"R, Go, Python"
ML/AI Engineer,Brisbane,Other US,Mid,Hybrid,103000.0,120916.0,"Go, R, Julia, Python"
Other Tech Role,Brisbane,Other US,Mid,Hybrid,110000.0,120157.0,"Bash, Go, SQL, Python"
Other Tech Role,Brisbane,Other US,Mid,Hybrid,97500.0,120157.0,"Bash, Python"
ML/AI Engineer,Brisbane,Other US,Mid,Hybrid,105000.0,120916.0,"R, C++, Python"
ML/AI Engineer,Brisbane,Other US,Mid,On-site,102000.0,120776.0,"Go, Python"
ML/AI Engineer,Brisbane,Other US,Mid,Hybrid,100000.0,120916.0,"Go, SQL, Python"
Data Engineer,Brisbane,Other US,Mid,On-site,111000.0,120396.0,"Julia, Python"
Other Tech Role,Brisbane,Other US,Mid,On-site,109500.0,122470.0,"Go, Python"
Other Tech Role,Brisbane,Other US,Mid,Hybrid,104000.0,120157.0,"Go, Python"
ML/AI Engineer,Brisbane,Other US,Mid,Hybrid,98000.0,120916.0,"Java, Scala, Python"
ML/AI Engineer,Brisbane,Other US,Mid,On-site,98500.0,120776.0,"Java, SQL, R, Python"
ML/AI Engineer,Brisbane,Other US,Mid,On-site,113500.0,120776.0,"SQL, Python"
ML/AI Engineer,Brisbane,Other US,Mid,Hybrid,106500.0,120916.0,"Go, Python"
Other Tech Role,Brisbane,Other US,Mid,Hybrid,109500.0,120157.0,Python
Other Tech Role,Brisbane,Other US,Mid,Hybrid,98000.0,120157.0,"R, Scala, SQL, Python"
Other Tech Role,Brisbane,Other US,Mid,Hybrid,105000.0,120157.0,"R, Python"
ML/AI Engineer,Brisbane,Other US,Mid,Hybrid,111500.0,120916.0,"R, Scala, Python"
Other Tech Role,Brisbane,Other US,Mid,Hybrid,115000.0,120157.0,"Go, Python"
Data Engineer,Brisbane,Other US,Mid,Hybrid,99500.0,120816.0,"Bash, Scala, Go, Python"
Data Scientist,Brisbane,Other US,Mid,Hybrid,110000.0,119213.0,"Python, Bash, R"
ML/AI Engineer,Brisbane,Other US,Mid,Hybrid,95000.0,120916.0,"R, SQL, Java, Python"
Other Tech Role,Brisbane,Other US,Mid,Hybrid,116000.0,120157.0,"SQL, Python"
Other Tech Role,Brisbane,Other US,Mid,Hybrid,101000.0,120157.0,"Scala, Python, Go"
Other Tech Role,Brisbane,Other US,Mid,Hybrid,101000.0,120157.0,"Scala, Python"
ML/AI Engineer,Brisbane,Other US,Mid,Hybrid,111500.0,120916.0,"Scala, C++, Java, Python"
ML/AI Engineer,Brisbane,Other US,Mid,On-site,102500.0,120776.0,"R, Java, SQL, Python"
Other Tech Role,Brisbane,Other US,Mid,Hybrid,110500.0,120157.0,"C++, Python"
Data Scientist,Brisbane,Other US,Mid,Hybrid,104000.0,119213.0,"Scala, Java, Go, Python"
ML/AI Engineer,Brisbane,Other US,Mid,On-site,105000.0,120776.0,"R, C++, Go, Python"
ML/AI Engineer,Brisbane,Other US,Mid,Hybrid,100000.0,120916.0,"Bash, Julia, SQL, Python"
ML/AI Engineer,Brisbane,Other US,Mid,On-site,104500.0,120776.0,"SQL, C++, Python"
Other Tech Role,Brisbane,Other US,Mid,Hybrid,98500.0,120157.0,"Python, Java, C++"
ML/AI Engineer,Brisbane,Other US,Mid,Hybrid,111500.0,120916.0,"Julia, Python"
ML/AI Engineer,Brisbane,Other US,Mid,Hybrid,103000.0,120916.0,"Go, Python"
Data Scientist,Brisbane,Other US,Mid,On-site,101500.0,122488.0,"Go, Java, Python"
Other Tech Role,Brisbane,Other US,Mid,On-site,111500.0,122470.0,"Bash, Julia, Python"
ML/AI Engineer,Brisbane,Other US,Mid,On-site,102500.0,120776.0,"R, SQL, Python"
Other Tech Role,Brisbane,Other US,Mid,Hybrid,108500.0,120157.0,"C++, R, Python"
Other Tech Role,Brisbane,Other US,Mid,On-site,104500.0,122470.0,"C++, Bash, Java, Python"
ML/AI Engineer,Brisbane,Other US,Mid,Hybrid,118000.0,120916.0,"Bash, Python"
ML/AI Engineer,Brisbane,Other US,Mid,Hybrid,110000.0,120916.0,"R, Julia, Python"
ML/AI Engineer,Brisbane,Other US,Mid,On-site,96500.0,120776.0,"Bash, Scala, Python"
ML/AI Engineer,Brisbane,Other US,Mid,Hybrid,101000.0,120916.0,"Julia, Python"
ML/AI Engineer,Brisbane,Other US,Mid,On-site,110500.0,120776.0,"Go, Python"
Other Tech Role,Brisbane,Other US,Mid,On-site,98500.0,122470.0,R
ML/AI Engineer,Brisbane,Other US,Mid,Hybrid,105000.0,120916.0,"SQL, Python"
ML/AI Engineer,Brisbane,Other US,Mid,Hybrid,101500.0,120916.0,"R, Python"
Other Tech Role,Brisbane,Other US,Mid,Hybrid,111000.0,120157.0,"Python, Java, Bash"
Other Tech Role,Brisbane,Other US,Mid,On-site,96000.0,122470.0,"Bash, SQL, Julia, Python"
Other Tech Role,Brisbane,Other US,Mid,On-site,106500.0,122470.0,Julia
ML/AI Engineer,Brisbane,Other US,Mid,On-site,100000.0,120776.0,"Scala, Go, Python"
ML/AI Engineer,Brisbane,Other US,Mid,Hybrid,108000.0,120916.0,"Scala, Python"
ML/AI Engineer,Brisbane,Other US,Mid,Hybrid,107500.0,120916.0,"Julia, Python"
Other Tech Role,Brisbane,Other US,Mid,On-site,103000.0,122470.0,"Java, Go, Python"
ML/AI Engineer,Brisbane,Other US,Mid,On-site,100500.0,120776.0,"Java, Bash, SQL, Python"
ML/AI Engineer,Brisbane,Other US,Mid,Hybrid,105500.0,120916.0,"Python, SQL"
ML/AI Engineer,Brisbane,Other US,Mid,On-site,102500.0,120776.0,"Scala, C++, Go, Python"
Other Tech Role,Brisbane,Other US,Mid,On-site,107500.0,122470.0,"R, Python"
ML/AI Engineer,Brisbane,Other US,Mid,Hybrid,107500.0,120916.0,"R, Java, Bash, Python"
ML/AI Engineer,Brisbane,Other US,Mid,On-site,110000.0,120776.0,"SQL, Python"
Data Scientist,Brisbane,Other US,Mid,Hybrid,108000.0,119213.0,"Python, Java"
Data Scientist,Brisbane,Other US,Mid,Hybrid,110500.0,119213.0,"Scala, Bash, Python"
Other Tech Role,Brisbane,Other US,Mid,Hybrid,104000.0,120157.0,"Scala, R, Python"
ML/AI Engineer,Brisbane,Other US,Mid,On-site,107500.0,120776.0,"C++, Python"
ML/AI Engineer,Brisbane,Other US,Mid,Hybrid,106000.0,120916.0,"R, Java, Python"
ML/AI Engineer,Brisbane,Other US,Mid,Hybrid,113000.0,120916.0,"R, Go, C++, Python"
ML/AI Engineer,Brisbane,Other US,Mid,Hybrid,108500.0,120916.0,"C++, Go, Python"
ML/AI Engineer,Brisbane,Other US,Mid,On-site,103000.0,120776.0,"C++, Go, Python"
ML/AI Engineer,Brisbane,Other US,Mid,On-site,109500.0,120776.0,"Java, Scala, R, Python"
ML/AI Engineer,Brisbane,Other US,Mid,Hybrid,113000.0,120916.0,"C++, Julia, Scala, Python"
Other Tech Role,Brisbane,Other US,Mid,Hybrid,109000.0,120157.0,"SQL, Scala, C++, Python"
ML/AI Engineer,Brisbane,Other US,Mid,Hybrid,100000.0,120916.0,Python
Other Tech Role,Brisbane,Other US,Mid,Hybrid,102000.0,120157.0,"Python, R, Julia"
ML/AI Engineer,Brisbane,Other US,Mid,On-site,97000.0,120776.0,"SQL, Go, Python"
ML/AI Engineer,Brisbane,Other US,Mid,On-site,111000.0,120776.0,"Java, Python"
ML/AI Engineer,Brisbane,Other US,Mid,Hybrid,114500.0,120916.0,"Scala, C++, Python"
Other Tech Role,Brisbane,Other US,Mid,On-site,114000.0,122470.0,"R, C++, Bash, Python"
ML/AI Engineer,Brisbane,Other US,Mid,Hybrid,107500.0,120916.0,"R, Go, Python"
ML/AI Engineer,Brisbane,Other US,Mid,Hybrid,110500.0,120916.0,"Java, Python"
Other Tech Role,Brisbane,Other US,Mid,Hybrid,112000.0,120157.0,"C++, Java, Python"
Data Engineer,Brisbane,Other US,Mid,Hybrid,102500.0,120816.0,"Scala, R, Python"
Other Tech Role,Brisbane,Other US,Mid,On-site,116000.0,122470.0,"Julia, Python"
ML/AI Engineer,Brisbane,Other US,Mid,Hybrid,111500.0,120916.0,"C++, Python"
Other Tech Role,Brisbane,Other US,Mid,Hybrid,97500.0,120157.0,"Python, Julia, SQL"
ML/AI Engineer,Brisbane,Other US,Mid,On-site,104000.0,120776.0,"Java, Scala, Python"
ML/AI Engineer,Brisbane,Other US,Mid,Hybrid,118000.0,120916.0,"Go, Scala, Python"
ML/AI Engineer,Brisbane,Other US,Mid,Hybrid,108000.0,120916.0,"C++, Java, Python"
Data Engineer,Brisbane,Other US,Mid,On-site,109000.0,120396.0,"Julia, R, Python"
ML/AI Engineer,Brisbane,Other US,Mid,Hybrid,114000.0,120916.0,"SQL, R, Java, Python"
ML/AI Engineer,Brisbane,Other US,Mid,On-site,103500.0,120776.0,"Go, Scala, Python"
ML/AI Engineer,Brisbane,Other US,Mid,On-site,108500.0,120776.0,"Julia, Python"
Other Tech Role,Brisbane,Other US,Mid,On-site,113000.0,122470.0,"C++, Python"
ML/AI Engineer,Brisbane,Other US,Mid,Hybrid,109000.0,120916.0,"Java, R, Scala, Python"
ML/AI Engineer,Brisbane,Other US,Mid,Hybrid,108000.0,120916.0,"Go, Python"
Other Tech Role,Brisbane,Other US,Mid,Hybrid,109000.0,120157.0,"Julia, Python"
Data Scientist,Brisbane,Other US,Mid,On-site,114500.0,122488.0,"Java, Python"
Data Scientist,Brisbane,Other US,Mid,On-site,114000.0,122488.0,SQL
Data Scientist,Brisbane,Other US,Mid,On-site,101000.0,122488.0,"Java, Bash, Python"
Other Tech Role,Brisbane,Other US,Mid,Hybrid,106000.0,120157.0,"Bash, Scala, Python"
ML/AI Engineer,Brisbane,Other US,Mid,Hybrid,117000.0,120916.0,"Julia, Scala, Python"
ML/AI Engineer,Brisbane,Other US,Mid,Hybrid,109000.0,120916.0,"Julia, R, Python"
Other Tech Role,Brisbane,Other US,Mid,Hybrid,116500.0,120157.0,"R, Python"
Other Tech Role,Brisbane,Other US,Mid,On-site,102500.0,122470.0,"Go, C++, Julia, Python"
ML/AI Engineer,Brisbane,Other US,Mid,Hybrid,98000.0,120916.0,"Go, Python, C++"
Other Tech Role,Brisbane,Other US,Mid,Hybrid,105500.0,120157.0,"Bash, Scala, Java, Python"
Data Scientist,Brisbane,Other US,Mid,Hybrid,97500.0,119213.0,"Go, Python"
Other Tech Role,Brisbane,Other US,Mid,On-site,109000.0,122470.0,"Julia, C++, Python"
ML/AI Engineer,Brisbane,Other US,Mid,On-site,110000.0,120776.0,"SQL, Python"
ML/AI Engineer,Brisbane,Other US,Mid,Hybrid,108000.0,120916.0,"R, Julia, SQL, Python"
ML/AI Engineer,Brisbane,Other US,Mid,On-site,111500.0,120776.0,"Julia, SQL, Python"
ML/AI Engineer,Brisbane,Other US,Mid,Hybrid,106500.0,120916.0,"SQL, Python"
Other Tech Role,Brisbane,Other US,Mid,Hybrid,110000.0,120157.0,"R, C++, Python"
Other Tech Role,Brisbane,Other US,Mid,Hybrid,100500.0,120157.0,"Bash, C++, Python"
Other Tech Role,Brisbane,Other US,Mid,Hybrid,110500.0,120157.0,"Go, Bash, Python"
Other Tech Role,Brisbane,Other US,Mid,Hybrid,99500.0,120157.0,"Java, Go, Julia, Python"
Other Tech Role,Brisbane,Other US,Mid,Hybrid,104500.0,120157.0,"Go, C++, Python"
ML/AI Engineer,Brisbane,Other US,Mid,On-site,98500.0,120776.0,"SQL, R, Java, Python"
Other Tech Role,Brisbane,Other US,Mid,On-site,98000.0,122470.0,"Julia, Java, Python"
Other Tech Role,Brisbane,Other US,Mid,Hybrid,104000.0,120157.0,"Go, Python"
ML/AI Engineer,Brisbane,Other US,Mid,On-site,100500.0,120776.0,"Bash, Java, Python"
ML/AI Engineer,Brisbane,Other US,Mid,On-site,105500.0,120776.0,"Go, R, Python"
Other Tech Role,Brisbane,Other US,Mid,On-site,108000.0,122470.0,"Julia, Bash, R, Python"
Other Tech Role,Brisbane,Other US,Mid,Hybrid,103000.0,120157.0,"Bash, Python"
Other Tech Role,Brisbane,Other US,Mid,Hybrid,113000.0,120157.0,"Julia, Scala, Go, Python"
ML/AI Engineer,Brisbane,Other US,Mid,Hybrid,100500.0,120916.0,"Java, SQL, Python"
Other Tech Role,Brisbane,Other US,Mid,Hybrid,111500.0,120157.0,"Python, Julia"
Data Engineer,Brisbane,Other US,Mid,Hybrid,95000.0,120816.0,"C++, Go, Julia, Python"
Data Engineer,Brisbane,Other US,Mid,Hybrid,102000.0,120816.0,"Julia, Go, Python"
Data Engineer,Brisbane,Other US,Mid,On-site,101000.0,120396.0,"SQL, Julia, R, Python"
Other Tech Role,Brisbane,Other US,Mid,On-site,111000.0,122470.0,"Python, C++"
ML/AI Engineer,Brisbane,Other US,Mid,On-site,106000.0,120776.0,"Bash, Julia, Scala, Python"
Other Tech Role,Brisbane,Other US,Mid,On-site,109000.0,122470.0,"Go, Python"
Other Tech Role,Brisbane,Other US,Mid,Hybrid,105500.0,120157.0,"Bash, Python"
Other Tech Role,Brisbane,Other US,Mid,Hybrid,107500.0,120157.0,"Julia, Python"
ML/AI Engineer,Brisbane,Other US,Mid,On-site,108500.0,120776.0,"Go, SQL, Bash, Python"
Data Scientist,Brisbane,Other US,Mid,On-site,107500.0,122488.0,"Go, R, Python"
ML/AI Engineer,Brisbane,Other US,Mid,On-site,101000.0,120776.0,"Go, Python"
Other Tech Role,Brisbane,Other US,Mid,Hybrid,106500.0,120157.0,"Go, R, Python"
Other Tech Role,Brisbane,Other US,Mid,On-site,100000.0,122470.0,"Go, Scala, Python"
ML/AI Engineer,Brisbane,Other US,Mid,On-site,110500.0,120776.0,"Go, R, Scala, Python"
ML/AI Engineer,Brisbane,Other US,Mid,On-site,103000.0,120776.0,"Go, Scala, Python"
Other Tech Role,Brisbane,Other US,Mid,Hybrid,108000.0,120157.0,"Java, Python"
Other Tech Role,Brisbane,Other US,Mid,On-site,110500.0,122470.0,"C++, Python"
Other Tech Role,Brisbane,Other US,Mid,On-site,108500.0,122470.0,"Java, Go, Python"
Other Tech Role,Brisbane,Other US,Mid,Hybrid,113000.0,120157.0,"Scala, Python, Bash"
Other Tech Role,Brisbane,Other US,Mid,On-site,106000.0,122470.0,"Go, Java, Python"
Other Tech Role,Brisbane,Other US,Mid,Hybrid,106500.0,120157.0,"SQL, Python"
Other Tech Role,Brisbane,Other US,Mid,Hybrid,106000.0,120157.0,"Go, Scala, Python"
ML/AI Engineer,Brisbane,Other US,Mid,Hybrid,114500.0,120916.0,"Java, SQL, Python"
ML/AI Engineer,Brisbane,Other US,Mid,Hybrid,105500.0,120916.0,"C++, Python"
Data Engineer,Brisbane,Other US,Mid,On-site,114500.0,120396.0,"Bash, Go, Python"
Other Tech Role,Brisbane,Other US,Mid,On-site,109000.0,122470.0,"SQL, Bash, C++, Python"
ML/AI Engineer,Brisbane,Other US,Mid,On-site,112500.0,120776.0,"C++, Go, Java, Python"
ML/AI Engineer,Brisbane,Other US,Mid,Hybrid,101500.0,120916.0,"R, Python"
ML/AI Engineer,Brisbane,Other US,Mid,Hybrid,102500.0,120916.0,"Java, SQL, Python"
ML/AI Engineer,Brisbane,Other US,Mid,Hybrid,106500.0,120916.0,"Bash, Python"
Other Tech Role,Brisbane,Other US,Mid,Hybrid,103500.0,120157.0,"R, Java, Python"
Other Tech Role,Brisbane,Other US,Mid,Hybrid,100500.0,120157.0,"Java, Python"
Data Scientist,Brisbane,Other US,Mid,On-site,99500.0,122488.0,"Go, Julia, Scala, Python"
ML/AI Engineer,Brisbane,Other US,Mid,Hybrid,109500.0,120916.0,Julia
Other Tech Role,Brisbane,Other US,Mid,Hybrid,102500.0,120157.0,"SQL, Python"
ML/AI Engineer,Brisbane,Other US,Mid,Hybrid,97000.0,120916.0,"Python, SQL"
ML/AI Engineer,Brisbane,Other US,Mid,On-site,107000.0,120776.0,"Scala, Python"
Other Tech Role,Brisbane,Other US,Mid,On-site,101500.0,122470.0,"Java, C++, Scala, Python"
Other Tech Role,Brisbane,Other US,Mid,Hybrid,111500.0,120157.0,"Java, Go, Python"
ML/AI Engineer,Brisbane,Other US,Mid,On-site,111500.0,120776.0,"Java, Python"
Other Tech Role,Brisbane,Other US,Mid,Hybrid,99500.0,120157.0,"Java, Python"
Other Tech Role,Brisbane,Other US,Mid,On-site,110500.0,122470.0,"Python, Java"
ML/AI Engineer,Brisbane,Other US,Mid,Hybrid,109000.0,120916.0,"Python, SQL"
ML/AI Engineer,Brisbane,Other US,Mid,Hybrid,108000.0,120916.0,"Julia, Python"
ML/AI Engineer,Brisbane,Other US,Mid,Hybrid,101000.0,120916.0,"Scala, Bash, SQL, Python"
Other Tech Role,Brisbane,Other US,Mid,Hybrid,110500.0,120157.0,"Java, Go, Python"
Other Tech Role,Brisbane,Other US,Mid,Hybrid,99000.0,120157.0,"Java, Julia, R, Python"
ML/AI Engineer,Brisbane,Other US,Mid,On-site,109000.0,120776.0,"Go, Python, Java"
ML/AI Engineer,Brisbane,Other US,Mid,Hybrid,111500.0,120916.0,"R, Bash, Julia, Python"
ML/AI Engineer,Brisbane,Other US,Mid,On-site,112500.0,120776.0,"Bash, Julia, Python"
Other Tech Role,Brisbane,Other US,Mid,On-site,112000.0,122470.0,"C++, Python, R"
Data Scientist,Brisbane,Other US,Mid,Hybrid,115500.0,119213.0,"Java, Python"
Other Tech Role,Brisbane,Other US,Mid,Hybrid,114500.0,120157.0,"Scala, Julia, Python"
ML/AI Engineer,Brisbane,Other US,Mid,Hybrid,114000.0,120916.0,"Bash, Python"
ML/AI Engineer,Brisbane,Other US,Mid,On-site,100500.0,120776.0,"Java, Python"
ML/AI Engineer,Brisbane,Other US,Mid,Hybrid,106000.0,120916.0,"C++, Bash, Python"
Other Tech Role,Brisbane,Other US,Mid,On-site,100000.0,122470.0,"SQL, Python"
Other Tech Role,Brisbane,Other US,Mid,Hybrid,95500.0,120157.0,"R, Scala, SQL, Python"
Other Tech Role,Brisbane,Other US,Mid,Hybrid,114000.0,120157.0,"Bash, Python"
Other Tech Role,Brisbane,Other US,Mid,On-site,99000.0,122470.0,"Scala, Bash, Java"
Other Tech Role,Brisbane,Other US,Mid,Hybrid,109500.0,120157.0,"Go, Python"
Other Tech Role,Brisbane,Other US,Mid,On-site,113000.0,122470.0,"Bash, Scala, Python"
ML/AI Engineer,Brisbane,Other US,Mid,Hybrid,104500.0,120916.0,"Java, Go, Julia, Python"
Other Tech Role,Brisbane,Other US,Mid,Hybrid,111000.0,120157.0,Python
Other Tech Role,Brisbane,Other US,Mid,On-site,102000.0,122470.0,"Go, Python"
ML/AI Engineer,Brisbane,Other US,Mid,Hybrid,109500.0,120916.0,"SQL, Python"
Data Engineer,Brisbane,Other US,Mid,On-site,102500.0,120396.0,"Bash, Java, R, Python"
Data Scientist,Brisbane,Other US,Mid,Hybrid,111000.0,119213.0,"Bash, C++, Python"
Other Tech Role,Brisbane,Other US,Mid,On-site,106500.0,122470.0,"R, Python"
Other Tech Role,Brisbane,Other US,Mid,On-site,113000.0,122470.0,"Go, Bash, R, Python"
Other Tech Role,Brisbane,Other US,Mid,On-site,108000.0,122470.0,"Python, C++, Julia"
ML/AI Engineer,Brisbane,Other US,Mid,Hybrid,101000.0,120916.0,"Java, R, Python"
Other Tech Role,Brisbane,Other US,Mid,Hybrid,101000.0,120157.0,Java
Other Tech Role,Brisbane,Other US,Mid,Hybrid,114000.0,120157.0,"Python, C++"
Other Tech Role,Brisbane,Other US,Mid,Hybrid,106500.0,120157.0,"Bash, R"
ML/AI Engineer,Brisbane,Other US,Mid,Hybrid,101000.0,120916.0,"C++, Java, R, Python"
ML/AI Engineer,Brisbane,Other US,Mid,On-site,109000.0,120776.0,"Python, Scala"
ML/AI Engineer,Brisbane,Other US,Mid,Hybrid,112000.0,120916.0,"Julia, Python"
Other Tech Role,Brisbane,Other US,Mid,Hybrid,111000.0,120157.0,"Scala, Python"
Other Tech Role,Brisbane,Other US,Mid,Hybrid,107500.0,120157.0,"Java, R, Go, Python"
Data Engineer,Brisbane,Other US,Mid,Hybrid,110000.0,120816.0,"Java, C++, Go, Python"
Data Engineer,Brisbane,Other US,Mid,Hybrid,104000.0,120816.0,"Julia, Scala, Python"
ML/AI Engineer,Brisbane,Other US,Mid,Hybrid,96000.0,120916.0,"Java, Scala, R, Python"
Other Tech Role,Brisbane,Other US,Mid,Hybrid,101500.0,120157.0,"Java, Python"
ML/AI Engineer,Brisbane,Other US,Mid,Hybrid,103000.0,120916.0,"Python, Scala, Java"
ML/AI Engineer,Brisbane,Other US,Mid,On-site,115500.0,120776.0,"Bash, Python"
Other Tech Role,Brisbane,Other US,Mid,On-site,108500.0,122470.0,"Julia, Scala, Go, Python"
ML/AI Engineer,Brisbane,Other US,Mid,On-site,106500.0,120776.0,"Bash, Python"
ML/AI Engineer,Brisbane,Other US,Mid,Hybrid,101000.0,120916.0,"Go, Java, Python"
Other Tech Role,Brisbane,Other US,Mid,Hybrid,105500.0,120157.0,"Bash, Go, Python"
Other Tech Role,Brisbane,Other US,Mid,Hybrid,109000.0,120157.0,"Bash, SQL, Python"
Data Engineer,Brisbane,Other US,Mid,Hybrid,109500.0,120816.0,"Julia, Java, Python"
Other Tech Role,Brisbane,Other US,Mid,Hybrid,101000.0,120157.0,"Go, Python"
ML/AI Engineer,Brisbane,Other US,Mid,Hybrid,112000.0,120916.0,"SQL, Python"
ML/AI Engineer,Brisbane,Other US,Mid,Hybrid,106500.0,120916.0,"Python, R, C++"
Other Tech Role,Brisbane,Other US,Mid,On-site,101000.0,122470.0,"Scala, C++, Python"
Other Tech Role,Brisbane,Other US,Mid,On-site,102500.0,122470.0,"Go, C++, Python"
Other Tech Role,Brisbane,Other US,Mid,Hybrid,110000.0,120157.0,"Bash, Scala, Python"
Other Tech Role,Brisbane,Other US,Mid,On-site,109000.0,122470.0,Python
Data Engineer,Brisbane,Other US,Mid,Hybrid,110500.0,120816.0,"Scala, Go, Python"
Data Scientist,Brisbane,Other US,Mid,Hybrid,102000.0,119213.0,"Python, Bash"
ML/AI Engineer,Brisbane,Other US,Mid,Hybrid,107500.0,120916.0,"Bash, Python"
ML/AI Engineer,Brisbane,Other US,Mid,Hybrid,102000.0,120916.0,"SQL, Python, Go"
Other Tech Role,Brisbane,Other US,Mid,Hybrid,106000.0,120157.0,"R, C++, Python"
Other Tech Role,Brisbane,Other US,Mid,Hybrid,114500.0,120157.0,"R, Bash, SQL, Python"
Other Tech Role,Brisbane,Other US,Mid,Hybrid,106000.0,120157.0,"Julia, Go, Python"
ML/AI Engineer,Brisbane,Other US,Mid,Hybrid,106000.0,120916.0,"C++, Java, Scala, Python"
ML/AI Engineer,Brisbane,Other US,Mid,On-site,100000.0,120776.0,"Go, Python"
Data Scientist,Brisbane,Other US,Mid,On-site,111000.0,122488.0,"R, Python"
Other Tech Role,Brisbane,Other US,Mid,On-site,110500.0,122470.0,"Go, Scala, Python"
ML/AI Engineer,Brisbane,Other US,Mid,Hybrid,98500.0,120916.0,"R, Python"
Other Tech Role,Brisbane,Other US,Mid,On-site,103500.0,122470.0,"SQL, Bash, Python"
ML/AI Engineer,Brisbane,Other US,Mid,Hybrid,108500.0,120916.0,"R, SQL, Python"
ML/AI Engineer,Brisbane,Other US,Mid,On-site,106000.0,120776.0,"SQL, Python"
ML/AI Engineer,Brisbane,Other US,Mid,On-site,111000.0,120776.0,"Julia, Scala, Python"
Other Tech Role,Brisbane,Other US,Mid,Hybrid,109500.0,120157.0,"SQL, Python"
Other Tech Role,Brisbane,Other US,Mid,On-site,100000.0,122470.0,"R, Go, SQL, Python"
Other Tech Role,Brisbane,Other US,Mid,Hybrid,105500.0,120157.0,"Java, Scala, Python"
Data Engineer,Brisbane,Other US,Mid,Hybrid,107000.0,120816.0,"Python, Bash, C++"
Other Tech Role,Brisbane,Other US,Mid,Hybrid,113500.0,120157.0,"Scala, Julia, Python"
ML/AI Engineer,Brisbane,Other US,Mid,On-site,115500.0,120776.0,"Go, Python"
ML/AI Engineer,Brisbane,Other US,Mid,Hybrid,111000.0,120916.0,"Julia, SQL, Python"
ML/AI Engineer,Brisbane,Other US,Mid,Hybrid,105500.0,120916.0,"Bash, Python"
Other Tech Role,Brisbane,Other US,Mid,Hybrid,100500.0,120157.0,"Java, Go, R, Python"
Other Tech Role,Brisbane,Other US,Mid,Hybrid,107500.0,120157.0,"SQL, Scala, Bash, Python"
Other Tech Role,Brisbane,Other US,Mid,Hybrid,109500.0,120157.0,"Go, Bash, Python"
ML/AI Engineer,Brisbane,Other US,Mid,Hybrid,101000.0,120916.0,"Scala, Julia, SQL, Python"
Other Tech Role,Brisbane,Other US,Mid,Hybrid,114000.0,120157.0,"Python, Scala, R"
Other Tech Role,Brisbane,Other US,Mid,Hybrid,105500.0,120157.0,"Python, Go, Julia"
Data Engineer,Brisbane,Other US,Mid,Hybrid,108500.0,120816.0,"SQL, Julia, R, Python"
ML/AI Engineer,Brisbane,Other US,Mid,Hybrid,106500.0,120916.0,"C++, Scala, Python"
Other Tech Role,Brisbane,Other US,Mid,Hybrid,103000.0,120157.0,"Bash, Java, Go, Python"
ML/AI Engineer,Brisbane,Other US,Mid,Hybrid,104500.0,120916.0,"Python, Bash, Java"
ML/AI Engineer,Brisbane,Other US,Mid,Hybrid,117500.0,120916.0,"R, Julia, C++, Python"
Other Tech Role,Brisbane,Other US,Mid,Hybrid,104000.0,120157.0,"Julia, Python"
ML/AI Engineer,Brisbane,Other US,Mid,Hybrid,111000.0,120916.0,"Go, Python"
ML/AI Engineer,Brisbane,Other US,Mid,On-site,105000.0,120776.0,"Bash, Python"
ML/AI Engineer,Brisbane,Other US,Mid,On-site,107500.0,120776.0,"Python, Java, Julia"
Other Tech Role,Brisbane,Other US,Mid,Hybrid,98000.0,120157.0,"Scala, Python, Bash"
Other Tech Role,Brisbane,Other US,Mid,Hybrid,103000.0,120157.0,"Go, Julia, Python"
Other Tech Role,Brisbane,Other US,Mid,Hybrid,108000.0,120157.0,"Julia, C++, Scala, Python"
ML/AI Engineer,Brisbane,Other US,Mid,Hybrid,108000.0,120916.0,"Go, SQL, Java, Python"
ML/AI Engineer,Brisbane,Other US,Mid,Hybrid,108500.0,120916.0,"C++, R, Python"
Other Tech Role,Brisbane,Other US,Mid,Hybrid,111000.0,120157.0,"Julia, Python"
Other Tech Role,Brisbane,Other US,Mid,On-site,98000.0,122470.0,"Go, Java, Python"
ML/AI Engineer,Brisbane,Other US,Mid,Hybrid,105500.0,120916.0,"Scala, Java, Python"
ML/AI Engineer,Brisbane,Other US,Mid,On-site,111000.0,120776.0,"Julia, Python"
ML/AI Engineer,Brisbane,Other US,Mid,On-site,108000.0,120776.0,"R, SQL, Python"
Other Tech Role,Brisbane,Other US,Mid,Hybrid,103000.0,120157.0,"Scala, Java, Python"
ML/AI Engineer,Brisbane,Other US,Mid,Hybrid,101000.0,120916.0,"R, Python"
Other Tech Role,Brisbane,Other US,Mid,Hybrid,100000.0,120157.0,"C++, Python"
Other Tech Role,Brisbane,Other US,Mid,Hybrid,111000.0,120157.0,"Scala, Julia, Python"
Other Tech Role,Brisbane,Other US,Mid,Hybrid,107000.0,120157.0,"Julia, R, Java, Python"
Other Tech Role,Brisbane,Other US,Mid,Hybrid,105000.0,120157.0,"C++, Python"
ML/AI Engineer,Brisbane,Other US,Mid,Hybrid,113500.0,120916.0,"Scala, Julia, Java, Python"
ML/AI Engineer,Brisbane,Other US,Mid,Hybrid,115500.0,120916.0,"Scala, Python"
ML/AI Engineer,Brisbane,Other US,Mid,On-site,102500.0,120776.0,"C++, R, Python"
ML/AI Engineer,Brisbane,Other US,Mid,On-site,115500.0,120776.0,"Go, R, Python"
Other Tech Role,Brisbane,Other US,Mid,Hybrid,96000.0,120157.0,"Julia, Java, Python"
ML/AI Engineer,Brisbane,Other US,Mid,Hybrid,108000.0,120916.0,"Scala, Python"
ML/AI Engineer,Brisbane,Other US,Mid,Hybrid,112000.0,120916.0,"Python, Scala, Julia"
Other Tech Role,Brisbane,Other US,Mid,Hybrid,97000.0,120157.0,"Java, Python"
Other Tech Role,Brisbane,Other US,Mid,On-site,113000.0,122470.0,"R, Python"
ML/AI Engineer,Brisbane,Other US,Mid,Hybrid,102500.0,120916.0,"R, Python"
ML/AI Engineer,Brisbane,Other US,Mid,Hybrid,97500.0,120916.0,"Bash, R, Go, Python"
Data Engineer,Brisbane,Other US,Mid,Hybrid,111000.0,120816.0,"Bash, Go, Python"
Data Scientist,Brisbane,Other US,Mid,Hybrid,114500.0,119213.0,"SQL, R, C++, Python"
ML/AI Engineer,Brisbane,Other US,Mid,Hybrid,111000.0,120916.0,"Julia, Python"
ML/AI Engineer,Brisbane,Other US,Mid,Hybrid,107000.0,120916.0,"R, Python"
ML/AI Engineer,Brisbane,Other US,Mid,Hybrid,111500.0,120916.0,"Bash, Scala, Julia, Python"
Other Tech Role,Brisbane,Other US,Mid,Hybrid,102500.0,120157.0,Bash
Other Tech Role,Brisbane,Other US,Mid,Hybrid,115500.0,120157.0,"Bash, Python"
ML/AI Engineer,Brisbane,Other US,Mid,Hybrid,106000.0,120916.0,"Java, Python"
ML/AI Engineer,Brisbane,Other US,Mid,Hybrid,98000.0,120916.0,"C++, Python"
ML/AI Engineer,Brisbane,Other US,Mid,Hybrid,111000.0,120916.0,"SQL, Scala"
Other Tech Role,Brisbane,Other US,Mid,Hybrid,106000.0,120157.0,"SQL, Python"
Other Tech Role,Brisbane,Other US,Mid,On-site,112000.0,122470.0,"R, Java, Python"
Other Tech Role,Brisbane,Other US,Mid,On-site,107000.0,122470.0,Python
Other Tech Role,Brisbane,Other US,Mid,Hybrid,105000.0,120157.0,"R, Java, Python"
Data Engineer,Brisbane,Other US,Mid,Hybrid,106500.0,120816.0,"SQL, Go, Python"
ML/AI Engineer,Brisbane,Other US,Mid,Hybrid,105500.0,120916.0,"SQL, Python"
Other Tech Role,Brisbane,Other US,Mid,Hybrid,113000.0,120157.0,"SQL, Python"
Other Tech Role,Brisbane,Other US,Mid,On-site,104000.0,122470.0,"R, Java, C++, Python"
ML/AI Engineer,Brisbane,Other US,Mid,Hybrid,104000.0,120916.0,"R, SQL, Java, Python"
ML/AI Engineer,Brisbane,Other US,Mid,Hybrid,106500.0,120916.0,"C++, Python"
ML/AI Engineer,Brisbane,Other US,Mid,On-site,104500.0,120776.0,"Julia, SQL, Python"
Other Tech Role,Brisbane,Other US,Mid,Hybrid,98500.0,120157.0,"Python, Go"
Other Tech Role,Brisbane,Other US,Mid,Hybrid,105000.0,120157.0,"Go, Python"
Data Scientist,Brisbane,Other US,Mid,On-site,106000.0,122488.0,"Python, R"
ML/AI Engineer,Brisbane,Other US,Mid,Hybrid,106500.0,120916.0,"Java, Julia, Python"
Other Tech Role,Brisbane,Other US,Mid,Hybrid,103500.0,120157.0,"Bash, SQL, Python"
Other Tech Role,Brisbane,Other US,Mid,Hybrid,104000.0,120157.0,"Java, Julia, Python"
ML/AI Engineer,Brisbane,Other US,Mid,Hybrid,114000.0,120916.0,"C++, R, Python"
ML/AI Engineer,Brisbane,Other US,Mid,Hybrid,101000.0,120916.0,"R, Go, Python"
ML/AI Engineer,Brisbane,Other US,Mid,Hybrid,105000.0,120916.0,"C++, Julia, Python"
Other Tech Role,Brisbane,Other US,Mid,Hybrid,101500.0,120157.0,"Scala, SQL, R, Python"
Other Tech Role,Brisbane,Other US,Mid,On-site,100000.0,122470.0,"Scala, Python, Bash"
Other Tech Role,Brisbane,Other US,Mid,Hybrid,106000.0,120157.0,"Julia, Java, Python"
Other Tech Role,Brisbane,Other US,Mid,Hybrid,104500.0,120157.0,"Julia, Scala, Python"
ML/AI Engineer,Brisbane,Other US,Mid,Hybrid,109500.0,120916.0,"Scala, R, Python"
ML/AI Engineer,Brisbane,Other US,Mid,On-site,105500.0,120776.0,"Go, Python"
ML/AI Engineer,Brisbane,Other US,Mid,On-site,104500.0,120776.0,"Java, Go, Scala, Python"
ML/AI Engineer,Brisbane,Other US,Mid,Hybrid,101000.0,120916.0,"Bash, Python"
Data Engineer,Brisbane,Other US,Mid,On-site,112500.0,120396.0,"Julia, Scala, SQL, Python"
Data Engineer,Brisbane,Other US,Mid,Hybrid,109500.0,120816.0,"Julia, Python"
ML/AI Engineer,Brisbane,Other US,Mid,On-site,115500.0,120776.0,Python
ML/AI Engineer,Brisbane,Other US,Mid,Hybrid,104000.0,120916.0,"R, Python, SQL"
Other Tech Role,Brisbane,Other US,Mid,Hybrid,111500.0,120157.0,"Bash, Python"
Other Tech Role,Brisbane,Other US,Mid,Hybrid,110500.0,120157.0,"Go, Python"
ML/AI Engineer,Brisbane,Other US,Mid,On-site,104000.0,120776.0,"Scala, C++, Python"
ML/AI Engineer,Brisbane,Other US,Mid,On-site,105000.0,120776.0,"Go, Java, Python"
Other Tech Role,Brisbane,Other US,Mid,Hybrid,109500.0,120157.0,"Julia, Python, C++"
ML/AI Engineer,Brisbane,Other US,Mid,Hybrid,105000.0,120916.0,"C++, Scala, Go, Python"
Other Tech Role,Brisbane,Other US,Mid,On-site,107000.0,122470.0,"Bash, Python, Java"
ML/AI Engineer,Brisbane,Other US,Mid,Hybrid,110500.0,120916.0,Python
ML/AI Engineer,Brisbane,Other US,Mid,Hybrid,117000.0,120916.0,"Julia, Python"
Other Tech Role,Brisbane,Other US,Mid,On-site,107000.0,122470.0,Python
Data Scientist,Brisbane,Other US,Mid,On-site,103500.0,122488.0,"Java, Go, C++, Python"
Data Scientist,Brisbane,Other US,Mid,On-site,104000.0,122488.0,"Java, Python, SQL"
Other Tech Role,Brisbane,Other US,Mid,On-site,102500.0,122470.0,"Bash, C++, Julia, Python"
Other Tech Role,Brisbane,Other US,Mid,Hybrid,110500.0,120157.0,"Julia, Python, Go"
ML/AI Engineer,Brisbane,Other US,Mid,Hybrid,116000.0,120916.0,"Julia, Python"
ML/AI Engineer,Brisbane,Other US,Mid,Hybrid,103000.0,120916.0,"Julia, Bash, Python"
Other Tech Role,Brisbane,Other US,Mid,Hybrid,108500.0,120157.0,"Bash, Julia, Python"
Other Tech Role,Brisbane,Other US,Mid,On-site,105000.0,122470.0,"Julia, Python"
ML/AI Engineer,Brisbane,Other US,Mid,Hybrid,106500.0,120916.0,"Go, Python"
ML/AI Engineer,Brisbane,Other US,Mid,Hybrid,98000.0,120916.0,"Go, Bash, Python"
Other Tech Role,Brisbane,Other US,Mid,Hybrid,108500.0,120157.0,"Scala, Python"
Data Scientist,Brisbane,Other US,Mid,Hybrid,104000.0,119213.0,"SQL, C++, Go, Python"
ML/AI Engineer,Brisbane,Other US,Mid,On-site,96500.0,120776.0,"R, C++, Julia, Python"
ML/AI Engineer,Brisbane,Other US,Mid,Hybrid,105500.0,120916.0,"Scala, Bash, SQL, Python"
ML/AI Engineer,Brisbane,Other US,Mid,Hybrid,112000.0,120916.0,"Scala, Julia, Python"
ML/AI Engineer,Brisbane,Other US,Mid,On-site,102000.0,120776.0,"SQL, Python"
ML/AI Engineer,Brisbane,Other US,Mid,Hybrid,103500.0,120916.0,"R, Python"
Other Tech Role,Brisbane,Other US,Mid,Hybrid,102500.0,120157.0,"Julia, SQL, Java, Python"
Other Tech Role,Brisbane,Other US,Mid,Hybrid,113500.0,120157.0,"Bash, Python"
Data Engineer,Brisbane,Other US,Mid,Hybrid,100500.0,120816.0,"Bash, Python"
Other Tech Role,Brisbane,Other US,Mid,On-site,108000.0,122470.0,"Julia, SQL, Java, Python"
ML/AI Engineer,Brisbane,Other US,Mid,Hybrid,99500.0,120916.0,"R, Python"
ML/AI Engineer,Brisbane,Other US,Mid,On-site,104500.0,120776.0,"R, Python"
ML/AI Engineer,Brisbane,Other US,Mid,Hybrid,108500.0,120916.0,"Go, Bash, Python"
Other Tech Role,Brisbane,Other US,Mid,Hybrid,109000.0,120157.0,"Julia, Python"
Other Tech Role,Brisbane,Other US,Mid,On-site,104500.0,122470.0,"C++, Python"
ML/AI Engineer,Brisbane,Other US,Mid,Hybrid,104500.0,120916.0,"Scala, R, Python"
ML/AI Engineer,Brisbane,Other US,Mid,On-site,100500.0,120776.0,"Python, Julia"
Other Tech Role,Brisbane,Other US,Mid,Hybrid,106500.0,120157.0,Python
Other Tech Role,Brisbane,Other US,Mid,Hybrid,107500.0,120157.0,"Go, Python"
Other Tech Role,Brisbane,Other US,Mid,Hybrid,103000.0,120157.0,"SQL, Go, Python"
Other Tech Role,Brisbane,Other US,Mid,On-site,110000.0,122470.0,"Julia, Python, R"
ML/AI Engineer,Brisbane,Other US,Mid,Hybrid,114500.0,120916.0,"Java, R, Julia, Python"
ML/AI Engineer,Brisbane,Other US,Mid,Hybrid,110500.0,120916.0,"Bash, Python"
Other Tech Role,Brisbane,Other US,Mid,Hybrid,109500.0,120157.0,"Bash, Python"
Other Tech Role,Brisbane,Other US,Mid,Hybrid,109500.0,120157.0,"Julia, Bash, Java, Python"
ML/AI Engineer,Brisbane,Other US,Mid,Hybrid,104000.0,120916.0,"Python, R, Java"
ML/AI Engineer,Brisbane,Other US,Mid,Hybrid,105000.0,120916.0,"Bash, C++, R, Python"
ML/AI Engineer,Brisbane,Other US,Mid,Hybrid,112000.0,120916.0,"R, Scala, Python"
Other Tech Role,Brisbane,Other US,Mid,Hybrid,113500.0,120157.0,"Python, Bash"
Other Tech Role,Brisbane,Other US,Mid,Hybrid,110500.0,120157.0,"SQL, Scala, Python"
ML/AI Engineer,Brisbane,Other US,Mid,Hybrid,113000.0,120916.0,"Bash, Go, Python"
ML/AI Engineer,Brisbane,Other US,Mid,Hybrid,104000.0,120916.0,"Scala, Python"
Other Tech Role,Brisbane,Other US,Mid,Hybrid,104500.0,120157.0,"Scala, Java, Python"
Other Tech Role,Brisbane,Other US,Mid,Hybrid,100000.0,120157.0,"C++, Java, Python"
Other Tech Role,Brisbane,Other US,Mid,On-site,104500.0,122470.0,"Python, SQL, R"
Data Scientist,Brisbane,Other US,Mid,On-site,104000.0,122488.0,"Bash, Python"
ML/AI Engineer,Brisbane,Other US,Mid,On-site,109500.0,120776.0,"Go, Scala, Python"
Other Tech Role,Brisbane,Other US,Mid,Hybrid,105500.0,120157.0,"Bash, SQL, Python"
ML/AI Engineer,Brisbane,Other US,Mid,Hybrid,106000.0,120916.0,"SQL, Python"
Other Tech Role,Brisbane,Other US,Mid,On-site,111000.0,122470.0,"Julia, SQL, R, Python"
ML/AI Engineer,Brisbane,Other US,Mid,On-site,108000.0,120776.0,"R, Python, SQL"
Other Tech Role,Brisbane,Other US,Mid,Hybrid,104500.0,120157.0,"Bash, C++, Python"
ML/AI Engineer,Brisbane,Other US,Mid,On-site,107500.0,120776.0,"SQL, Java"
ML/AI Engineer,Brisbane,Other US,Mid,Hybrid,110500.0,120916.0,"Bash, C++, R, Python"
Other Tech Role,Brisbane,Other US,Mid,Hybrid,103500.0,120157.0,"Scala, Python"
ML/AI Engineer,Cambridge,California,Mid,Hybrid,80500.0,120210.0,"SQL, Java, Python"
Other Tech Role,Cambridge,California,Mid,Hybrid,76000.0,117993.0,"C++, Julia, Python"
ML/AI Engineer,Cambridge,California,Mid,On-site,81000.0,117012.0,"R, Python"
ML/AI Engineer,Cambridge,California,Mid,Hybrid,73500.0,120210.0,"Bash, Python"
ML/AI Engineer,Cambridge,California,Mid,On-site,73500.0,117012.0,"Go, Bash, Python"
Other Tech Role,Cambridge,California,Mid,Hybrid,82000.0,117993.0,"Java, Python"
ML/AI Engineer,Cambridge,California,Mid,Hybrid,77000.0,120210.0,"Bash, C++, Scala, Python"
ML/AI Engineer,Cambridge,California,Mid,Hybrid,80000.0,120210.0,"Julia, Bash, R, Python"
Other Tech Role,Cambridge,California,Mid,Hybrid,76500.0,117993.0,"Julia, R, Python"
Other Tech Role,Cambridge,California,Mid,On-site,81000.0,116424.0,"C++, Bash, Julia, Python"
ML/AI Engineer,Cambridge,California,Mid,Hybrid,78500.0,120210.0,"Java, Scala"
ML/AI Engineer,Cambridge,California,Mid,On-site,81000.0,117012.0,"Julia, Java, Python"
ML/AI Engineer,Cambridge,California,Mid,On-site,73000.0,117012.0,"Java, Bash, C++, Python"
Other Tech Role,Cambridge,California,Mid,Hybrid,79000.0,117993.0,"R, SQL, Go, Python"
ML/AI Engineer,Cambridge,California,Mid,Hybrid,79500.0,120210.0,Julia
Other Tech Role,Cambridge,California,Mid,On-site,77000.0,116424.0,"Java, Python"
Other Tech Role,Cambridge,California,Mid,Hybrid,79500.0,117993.0,"Scala, Python"
ML/AI Engineer,Cambridge,California,Mid,On-site,73500.0,117012.0,"Scala, Python"
Data Engineer,Cambridge,California,Mid,Hybrid,76000.0,116901.0,"Java, Bash, Scala, Python"
ML/AI Engineer,Cambridge,California,Mid,Hybrid,72500.0,120210.0,"Scala, Python"
ML/AI Engineer,Cambridge,California,Mid,Hybrid,76500.0,120210.0,"R, Julia, Python"
Data Scientist,Cambridge,California,Mid,On-site,81000.0,100780.0,"Scala, Go, Python"
ML/AI Engineer,Cambridge,California,Mid,On-site,71500.0,117012.0,"Julia, Bash, Scala, Python"
Other Tech Role,Cambridge,California,Mid,Hybrid,79500.0,117993.0,"R, Julia, Scala"
Data Engineer,Cambridge,California,Mid,On-site,82000.0,124406.0,"Scala, Python"
ML/AI Engineer,Cambridge,California,Mid,Hybrid,79500.0,120210.0,"Scala, SQL, Python"
ML/AI Engineer,Cambridge,California,Mid,Hybrid,81500.0,120210.0,"Scala, Bash, R, Python"
ML/AI Engineer,Cambridge,California,Mid,Hybrid,79000.0,120210.0,"Go, SQL, Bash, Python"
ML/AI Engineer,Cambridge,California,Mid,On-site,83500.0,117012.0,Java
Other Tech Role,Cambridge,California,Mid,Hybrid,81500.0,117993.0,"R, Java, Python"
ML/AI Engineer,Cambridge,California,Mid,On-site,75000.0,117012.0,"SQL, Julia, Python"
ML/AI Engineer,Cambridge,California,Mid,Hybrid,81000.0,120210.0,"Go, C++, Python"
Other Tech Role,Cambridge,California,Mid,Hybrid,81000.0,117993.0,Scala
Other Tech Role,Cambridge,California,Mid,On-site,75000.0,116424.0,"Java, Python"
Other Tech Role,Cambridge,California,Mid,On-site,77500.0,116424.0,"R, Go, Python"
ML/AI Engineer,Cambridge,California,Mid,Hybrid,71500.0,120210.0,"SQL, Scala, Python"
Other Tech Role,Cambridge,California,Mid,Hybrid,74000.0,117993.0,"Go, R, C++, Python"
Other Tech Role,Cambridge,California,Mid,Hybrid,76500.0,117993.0,Scala
Other Tech Role,Cambridge,California,Mid,Hybrid,77000.0,117993.0,"Scala, Java, R, Python"
ML/AI Engineer,Cambridge,California,Mid,Hybrid,76500.0,120210.0,"Python, Julia"
ML/AI Engineer,Cambridge,California,Mid,Hybrid,78000.0,120210.0,"Julia, Scala, Java, Python"
ML/AI Engineer,Cambridge,California,Mid,On-site,75500.0,117012.0,"Bash, Python"
Other Tech Role,Cambridge,California,Mid,On-site,81500.0,116424.0,"Java, SQL, Julia, Python"
Data Scientist,Cambridge,California,Mid,Hybrid,75000.0,125259.0,Python
Other Tech Role,Cambridge,California,Mid,Hybrid,71500.0,117993.0,"Java, Go, Bash, Python"
Other Tech Role,Cambridge,California,Mid,On-site,80000.0,116424.0,"C++, Go, R, Python"
ML/AI Engineer,Cambridge,California,Mid,Hybrid,72000.0,120210.0,"Julia, Python"
ML/AI Engineer,Cambridge,California,Mid,Hybrid,76000.0,120210.0,"Java, Python, SQL"
ML/AI Engineer,Cambridge,California,Mid,Hybrid,86500.0,120210.0,"C++, Python"
Other Tech Role,Cambridge,California,Mid,Hybrid,76500.0,117993.0,"Scala, R, Python"
Other Tech Role,Cambridge,California,Mid,Hybrid,78500.0,117993.0,"Python, SQL, Go"
Other Tech Role,Cambridge,California,Mid,On-site,75500.0,116424.0,"Julia, Python"
ML/AI Engineer,Cambridge,California,Mid,Hybrid,78500.0,120210.0,"Java, R, Julia, Python"
ML/AI Engineer,Cambridge,California,Mid,Hybrid,73500.0,120210.0,"Python, Java, R"
ML/AI Engineer,Cambridge,California,Mid,Hybrid,76000.0,120210.0,Bash
Other Tech Role,Cambridge,California,Mid,On-site,68500.0,116424.0,"R, Java, Julia, Python"
Other Tech Role,Cambridge,California,Mid,On-site,76500.0,116424.0,"Julia, Bash, Scala, Python"
Other Tech Role,Cambridge,California,Mid,On-site,74500.0,116424.0,"Go, SQL"
Data Engineer,Cambridge,California,Mid,Hybrid,82500.0,116901.0,Python
Data Scientist,Cambridge,California,Mid,On-site,80500.0,100780.0,"Julia, Python"
Other Tech Role,Cambridge,California,Mid,On-site,78000.0,116424.0,"C++, Python"
ML/AI Engineer,Cambridge,California,Mid,On-site,69500.0,117012.0,"Bash, SQL, Python"
ML/AI Engineer,Cambridge,California,Mid,Hybrid,77000.0,120210.0,"Scala, R, C++, Python"
Data Scientist,Cambridge,California,Mid,Hybrid,78500.0,125259.0,"R, C++, Python"
Other Tech Role,Cambridge,California,Mid,On-site,77000.0,116424.0,"C++, Python"
ML/AI Engineer,Cambridge,California,Mid,Hybrid,79000.0,120210.0,"SQL, Julia, Bash, Python"
ML/AI Engineer,Cambridge,California,Mid,Hybrid,75000.0,120210.0,"Java, C++, Python"
ML/AI Engineer,Cambridge,California,Mid,Hybrid,81500.0,120210.0,"Java, Scala, Python"
ML/AI Engineer,Cambridge,California,Mid,Hybrid,72500.0,120210.0,"Bash, Python"
ML/AI Engineer,Cambridge,California,Mid,Hybrid,82000.0,120210.0,"Bash, SQL, Go, Python"
Other Tech Role,Cambridge,California,Mid,Hybrid,75500.0,117993.0,"SQL, Python"
Data Scientist,Cambridge,California,Mid,Hybrid,82000.0,125259.0,"R, Scala, Python"
ML/AI Engineer,Cambridge,California,Mid,On-site,74000.0,117012.0,"Java, Bash, Julia, Python"
ML/AI Engineer,Cambridge,California,Mid,On-site,78500.0,117012.0,"Bash, C++, Python"
ML/AI Engineer,Cambridge,California,Mid,On-site,73500.0,117012.0,"Go, R, Python"
Other Tech Role,Cambridge,California,Mid,On-site,79000.0,116424.0,"Python, Go, Julia"
Other Tech Role,Cambridge,California,Mid,On-site,77500.0,116424.0,"Go, Scala, Python"
Data Engineer,Cambridge,California,Mid,Hybrid,81500.0,116901.0,"Julia, SQL, Bash, Python"
Data Engineer,Cambridge,California,Mid,Hybrid,83000.0,116901.0,"Java, Bash, R, Python"
Other Tech Role,Cambridge,California,Mid,On-site,76500.0,116424.0,"Python, Go, R"
ML/AI Engineer,Cambridge,California,Mid,Hybrid,82000.0,120210.0,Python
Other Tech Role,Cambridge,California,Mid,Hybrid,70500.0,117993.0,"Java, Julia, SQL, Python"
Data Scientist,Cambridge,California,Mid,On-site,73500.0,100780.0,"Go, Julia, Python"
ML/AI Engineer,Cambridge,California,Mid,On-site,70000.0,117012.0,"C++, Python"
ML/AI Engineer,Cambridge,California,Mid,On-site,79500.0,117012.0,"SQL, Julia, Go, Python"
ML/AI Engineer,Cambridge,California,Mid,On-site,79000.0,117012.0,"Java, Python"
Other Tech Role,Cambridge,California,Mid,Hybrid,70000.0,117993.0,"Go, Java, Python"
Other Tech Role,Cambridge,California,Mid,Hybrid,80000.0,117993.0,Python
Other Tech Role,Cambridge,California,Mid,On-site,74500.0,116424.0,"Scala, Java, Python"
ML/AI Engineer,Cambridge,California,Mid,On-site,78000.0,117012.0,"SQL, Bash, Python"
Other Tech Role,Cambridge,California,Mid,Hybrid,77500.0,117993.0,"C++, Go, Java, Python"
Other Tech Role,Cambridge,California,Mid,Hybrid,69500.0,117993.0,"Julia, SQL, Python"
ML/AI Engineer,Cambridge,California,Mid,Hybrid,80500.0,120210.0,"Scala, Python"
ML/AI Engineer,Cambridge,California,Mid,On-site,78000.0,117012.0,"R, Python"
Other Tech Role,Cambridge,California,Mid,Hybrid,86000.0,117993.0,"R, Python"
Other Tech Role,Cambridge,California,Mid,Hybrid,80000.0,117993.0,"Java, Python"
ML/AI Engineer,Cambridge,California,Mid,Hybrid,78500.0,120210.0,"Scala, Java, C++, Python"
ML/AI Engineer,Cambridge,California,Mid,Hybrid,74500.0,120210.0,"SQL, Python"
Data Scientist,Cambridge,California,Mid,Hybrid,76500.0,125259.0,"Bash, Python, Julia"
ML/AI Engineer,Cambridge,California,Mid,On-site,74500.0,117012.0,"Bash, Java, Python"
ML/AI Engineer,Cambridge,California,Mid,Hybrid,83000.0,120210.0,"Python, Scala, Bash"
Other Tech Role,Cambridge,California,Mid,Hybrid,77500.0,117993.0,"Julia, SQL, Python"
ML/AI Engineer,Cambridge,California,Mid,On-site,70500.0,117012.0,"SQL, Bash, Python"
Data Engineer,Cambridge,California,Mid,Hybrid,75500.0,116901.0,Scala
ML/AI Engineer,Cambridge,California,Mid,On-site,78000.0,117012.0,"Scala, C++, Python"
ML/AI Engineer,Cambridge,California,Mid,Hybrid,83000.0,120210.0,"Scala, SQL, Python"
Other Tech Role,Cambridge,California,Mid,Hybrid,76500.0,117993.0,"SQL, Python"
Other Tech Role,Cambridge,California,Mid,On-site,81500.0,116424.0,"SQL, Go, Bash, Python"
Other Tech Role,Cambridge,California,Mid,On-site,69000.0,116424.0,"Go, Python"
ML/AI Engineer,Cambridge,California,Mid,Hybrid,78500.0,120210.0,"C++, Python"
Other Tech Role,Cambridge,California,Mid,Hybrid,72500.0,117993.0,"Java, Python"
ML/AI Engineer,Cambridge,California,Mid,Hybrid,74500.0,120210.0,"Julia, Python"
ML/AI Engineer,Cambridge,California,Mid,On-site,78000.0,117012.0,"R, Bash, Scala, Python"
ML/AI Engineer,Cambridge,California,Mid,Hybrid,81500.0,120210.0,"R, Java, Python"
ML/AI Engineer,Cambridge,California,Mid,On-site,75000.0,117012.0,"R, C++, Go, Python"
ML/AI Engineer,Cambridge,California,Mid,Hybrid,80500.0,120210.0,"Julia, Java, SQL, Python"
Other Tech Role,Cambridge,California,Mid,On-site,71500.0,116424.0,"SQL, Python"
Other Tech Role,Cambridge,California,Mid,Hybrid,79000.0,117993.0,Python
Other Tech Role,Cambridge,California,Mid,On-site,79500.0,116424.0,"Julia, Python"
Other Tech Role,Cambridge,California,Mid,On-site,86500.0,116424.0,"Bash, Python"
Other Tech Role,Cambridge,California,Mid,On-site,82500.0,116424.0,"Java, R, Python"
Other Tech Role,Cambridge,California,Mid,On-site,82500.0,116424.0,"Go, R, C++, Python"
Other Tech Role,Cambridge,California,Mid,On-site,71500.0,116424.0,"SQL, C++, Python"
Data Scientist,Cambridge,California,Mid,Hybrid,80500.0,125259.0,"C++, Scala, SQL, Python"
Other Tech Role,Cambridge,California,Mid,On-site,72000.0,116424.0,"Java, Python"
Other Tech Role,Cambridge,California,Mid,Hybrid,77000.0,117993.0,"C++, Python"
ML/AI Engineer,Cambridge,California,Mid,On-site,86500.0,117012.0,"R, Scala, Python"
Data Scientist,Cambridge,California,Mid,Hybrid,80000.0,125259.0,"C++, Python"
ML/AI Engineer,Cambridge,California,Mid,On-site,77500.0,117012.0,"Go, R, Bash, Python"
ML/AI Engineer,Cambridge,California,Mid,On-site,77500.0,117012.0,"Julia, Java, Python"
Other Tech Role,Cambridge,California,Mid,Hybrid,76500.0,117993.0,"Julia, C++, Scala, Python"
Other Tech Role,Cambridge,California,Mid,On-site,74000.0,116424.0,"SQL, Java, Python"
Data Engineer,Cambridge,California,Mid,Hybrid,74000.0,116901.0,"SQL, Python"
Data Engineer,Cambridge,California,Mid,On-site,72000.0,124406.0,"C++, Python"
Data Scientist,Cambridge,California,Mid,Hybrid,73000.0,125259.0,"Java, Go, C++, Python"
ML/AI Engineer,Cambridge,California,Mid,Hybrid,77500.0,120210.0,"Go, Python"
ML/AI Engineer,Cambridge,California,Mid,Hybrid,79500.0,120210.0,"Go, Python"
ML/AI Engineer,Cambridge,California,Mid,On-site,81500.0,117012.0,"Bash, Julia, Python"
Other Tech Role,Cambridge,California,Mid,On-site,80000.0,116424.0,"Python, R"
ML/AI Engineer,Cambridge,California,Mid,Hybrid,78500.0,120210.0,"Julia, Java, Python"
Other Tech Role,Cambridge,California,Mid,On-site,75000.0,116424.0,"Scala, Python"
Other Tech Role,Cambridge,California,Mid,On-site,81000.0,116424.0,"Python, Bash"
ML/AI Engineer,Cambridge,California,Mid,On-site,71000.0,117012.0,"R, Python"
ML/AI Engineer,Cambridge,California,Mid,Hybrid,82000.0,120210.0,"Go, C++, Python"
Data Engineer,Cambridge,California,Mid,On-site,78500.0,124406.0,"Go, C++, Python"
ML/AI Engineer,Cambridge,California,Mid,On-site,85500.0,117012.0,"Python, Julia, C++"
Other Tech Role,Cambridge,California,Mid,Hybrid,74500.0,117993.0,"Scala, Java, Python"
Other Tech Role,Cambridge,California,Mid,Hybrid,74500.0,117993.0,"Bash, Python"
Other Tech Role,Cambridge,California,Mid,Hybrid,87500.0,117993.0,"C++, Go, Python"
ML/AI Engineer,Cambridge,California,Mid,On-site,69500.0,117012.0,"R, Python"
ML/AI Engineer,Cambridge,California,Mid,On-site,77000.0,117012.0,"Scala, Python"
Data Scientist,Cambridge,California,Mid,Hybrid,77000.0,125259.0,"Go, Python"
ML/AI Engineer,Cambridge,California,Mid,On-site,72500.0,117012.0,"Scala, Python"
ML/AI Engineer,Cambridge,California,Mid,Hybrid,72500.0,120210.0,"R, Python"
ML/AI Engineer,Cambridge,California,Mid,Hybrid,76500.0,120210.0,"C++, Python"
Other Tech Role,Cambridge,California,Mid,On-site,73000.0,116424.0,"Bash, Scala, SQL, Python"
Other Tech Role,Cambridge,California,Mid,Hybrid,78500.0,117993.0,"Scala, Python"
ML/AI Engineer,Cambridge,California,Mid,On-site,84000.0,117012.0,"C++, Python"
ML/AI Engineer,Cambridge,California,Mid,Hybrid,81000.0,120210.0,"Go, Scala, R, Python"
ML/AI Engineer,Cambridge,California,Mid,On-site,74000.0,117012.0,"Scala, C++, Java, Python"
Other Tech Role,Cambridge,California,Mid,On-site,76500.0,116424.0,"Python, Bash, C++"
ML/AI Engineer,Cambridge,California,Mid,Hybrid,78000.0,120210.0,"R, Java, Python"
ML/AI Engineer,Cambridge,California,Mid,Hybrid,80500.0,120210.0,"Bash, C++, Python"
ML/AI Engineer,Cambridge,California,Mid,Hybrid,75000.0,120210.0,"Scala, Bash, Python"
Other Tech Role,Cambridge,California,Mid,On-site,77000.0,116424.0,"SQL, C++, Python"
Other Tech Role,Cambridge,California,Mid,On-site,75000.0,116424.0,"Julia, R, SQL, Python"
ML/AI Engineer,Cambridge,California,Mid,Hybrid,75500.0,120210.0,"Scala, Python"
ML/AI Engineer,Cambridge,California,Mid,Hybrid,86000.0,120210.0,"Python, Java"
ML/AI Engineer,Cambridge,California,Mid,On-site,80500.0,117012.0,"Java, C++, Python"
Other Tech Role,Cambridge,California,Mid,On-site,70500.0,116424.0,"SQL, Python"
Other Tech Role,Cambridge,California,Mid,Hybrid,73000.0,117993.0,"Julia, Go, Scala, Python"
Other Tech Role,Cambridge,California,Mid,Hybrid,78500.0,117993.0,Python
Other Tech Role,Cambridge,California,Mid,Hybrid,79500.0,117993.0,"R, Julia, Java"
Data Engineer,Cambridge,California,Mid,Hybrid,81000.0,116901.0,"Go, Python"
Data Engineer,Cambridge,California,Mid,On-site,84500.0,124406.0,"Scala, Bash"
Data Scientist,Cambridge,California,Mid,Hybrid,85500.0,125259.0,Python
ML/AI Engineer,Cambridge,California,Mid,Hybrid,70500.0,120210.0,"Python, Bash"
Other Tech Role,Cambridge,California,Mid,On-site,78000.0,116424.0,"Bash, Scala, Python"
Other Tech Role,Cambridge,California,Mid,Hybrid,74500.0,117993.0,"Bash, Python"
Other Tech Role,Cambridge,California,Mid,Hybrid,82500.0,117993.0,"Go, Julia, R, Python"
ML/AI Engineer,Cambridge,California,Mid,Hybrid,70500.0,120210.0,"Go, Python"
Data Engineer,Cambridge,California,Mid,Hybrid,81000.0,116901.0,"SQL, Go, Python"
ML/AI Engineer,Cambridge,California,Mid,Hybrid,75500.0,120210.0,"C++, R, SQL, Python"
ML/AI Engineer,Cambridge,California,Mid,On-site,80500.0,117012.0,"Julia, Python"
ML/AI Engineer,Cambridge,California,Mid,Hybrid,85500.0,120210.0,"Julia, Python"
Other Tech Role,Cambridge,California,Mid,Hybrid,78000.0,117993.0,"C++, Python"
Other Tech Role,Cambridge,California,Mid,On-site,77500.0,116424.0,"Julia, SQL, C++, Python"
ML/AI Engineer,Cambridge,California,Mid,Hybrid,82500.0,120210.0,"Bash, Python"
ML/AI Engineer,Cambridge,California,Mid,On-site,76500.0,117012.0,"Go, Python"
ML/AI Engineer,Cambridge,California,Mid,On-site,83000.0,117012.0,"R, Python"
ML/AI Engineer,Cambridge,California,Mid,Hybrid,79000.0,120210.0,"Go, Python"
ML/AI Engineer,Cambridge,California,Mid,Hybrid,87000.0,120210.0,"Java, SQL, Python"
Other Tech Role,Cambridge,California,Mid,Hybrid,82500.0,117993.0,"Bash, C++, Go, Python"
Data Scientist,Cambridge,California,Mid,Hybrid,78000.0,125259.0,"Go, C++, Scala, Python"
Other Tech Role,Cambridge,California,Mid,On-site,77500.0,116424.0,"SQL, Python, Java"
Other Tech Role,Cambridge,California,Mid,Hybrid,83500.0,117993.0,"C++, Java, Julia, Python"
ML/AI Engineer,Cambridge,California,Mid,Hybrid,70500.0,120210.0,"Java, Julia, Python"
Other Tech Role,Cambridge,California,Mid,Hybrid,76500.0,117993.0,"Julia, R, Python"
ML/AI Engineer,Cambridge,California,Mid,Hybrid,74000.0,120210.0,"SQL, R"
Other Tech Role,Cambridge,California,Mid,Hybrid,80000.0,117993.0,"R, Python"
ML/AI Engineer,Cambridge,California,Mid,On-site,75500.0,117012.0,"SQL, Python"
ML/AI Engineer,Cambridge,California,Mid,On-site,83500.0,117012.0,"C++, Python, Go"
Other Tech Role,Cambridge,California,Mid,Hybrid,82000.0,117993.0,Python
Other Tech Role,Cambridge,California,Mid,On-site,74500.0,116424.0,"Julia, Bash, Python"
ML/AI Engineer,Cambridge,California,Mid,Hybrid,85500.0,120210.0,"Julia, Scala, Java, Python"
ML/AI Engineer,Cambridge,California,Mid,Hybrid,84500.0,120210.0,"Julia, Python"
ML/AI Engineer,Cambridge,California,Mid,Hybrid,77500.0,120210.0,"Julia, Go, Python"
Other Tech Role,Cambridge,California,Mid,On-site,72000.0,116424.0,"SQL, Java, Python"
Other Tech Role,Cambridge,California,Mid,On-site,69500.0,116424.0,"C++, Scala, Go, Python"
Other Tech Role,Cambridge,California,Mid,Hybrid,75500.0,117993.0,"C++, Julia, Bash, Python"
ML/AI Engineer,Cambridge,California,Mid,Hybrid,77500.0,120210.0,"R, Julia, Python"
ML/AI Engineer,Cambridge,California,Mid,On-site,75500.0,117012.0,"SQL, Python"
ML/AI Engineer,Cambridge,California,Mid,On-site,86000.0,117012.0,Python
Other Tech Role,Cambridge,California,Mid,Hybrid,79500.0,117993.0,"Go, Python"
Other Tech Role,Cambridge,California,Mid,On-site,82000.0,116424.0,"Scala, Julia, R, Python"
ML/AI Engineer,Cambridge,California,Mid,Hybrid,78000.0,120210.0,"C++, Bash, Python"
Other Tech Role,Cambridge,California,Mid,On-site,72000.0,116424.0,"R, Python, Scala"
Data Engineer,Cambridge,California,Mid,Hybrid,86000.0,116901.0,"Go, SQL, Scala, Python"
Other Tech Role,Cambridge,California,Mid,Hybrid,74500.0,117993.0,"Bash, Python"
Other Tech Role,Cambridge,California,Mid,On-site,78000.0,116424.0,"Go, Julia, Python"
ML/AI Engineer,Cambridge,California,Mid,Hybrid,72500.0,120210.0,"Go, Bash, Python"
ML/AI Engineer,Cambridge,California,Mid,On-site,77500.0,117012.0,"C++, Java, Bash, Python"
Other Tech Role,Cambridge,California,Mid,Hybrid,79500.0,117993.0,"Bash, SQL, Scala, Python"
Other Tech Role,Cambridge,California,Mid,Hybrid,74500.0,117993.0,"C++, Python"
ML/AI Engineer,Cambridge,California,Mid,Hybrid,75000.0,120210.0,"SQL, Julia, Python"
Other Tech Role,Cambridge,California,Mid,Hybrid,78000.0,117993.0,"Julia, Python"
Other Tech Role,Cambridge,California,Mid,Hybrid,71000.0,117993.0,"Java, Python"
Other Tech Role,Cambridge,California,Mid,On-site,76500.0,116424.0,"Java, Python"
ML/AI Engineer,Cambridge,California,Mid,On-site,76000.0,117012.0,"Bash, Scala, Julia, Python"
Other Tech Role,Cambridge,California,Mid,Hybrid,81000.0,117993.0,"R, Julia, Python"
ML/AI Engineer,Cambridge,California,Mid,On-site,79000.0,117012.0,"Python, Bash, Java"
Other Tech Role,Cambridge,California,Mid,Hybrid,80500.0,117993.0,"Scala, Python"
ML/AI Engineer,Cambridge,California,Mid,On-site,73000.0,117012.0,"Go, Python"
ML/AI Engineer,Cambridge,California,Mid,Hybrid,75500.0,120210.0,"Python, Go"
Other Tech Role,Cambridge,California,Mid,Hybrid,77500.0,117993.0,"Scala, Python"
ML/AI Engineer,Cambridge,California,Mid,On-site,82000.0,117012.0,"Go, Bash, Python"
Other Tech Role,Cambridge,California,Mid,Hybrid,74000.0,117993.0,"Scala, Go, Python"
Other Tech Role,Cambridge,California,Mid,Hybrid,77500.0,117993.0,"Bash, C++, Python"
Other Tech Role,Cambridge,California,Mid,Hybrid,72500.0,117993.0,"Bash, Python"
Other Tech Role,Cambridge,California,Mid,Hybrid,79500.0,117993.0,"Python, R, Scala"
Other Tech Role,Cambridge,California,Mid,On-site,74500.0,116424.0,"Java, Python"
ML/AI Engineer,Cambridge,California,Mid,On-site,76000.0,117012.0,"Python, Go, SQL"
Other Tech Role,Cambridge,California,Mid,Hybrid,79500.0,117993.0,"Bash, C++, Python"
Other Tech Role,Cambridge,California,Mid,On-site,78500.0,116424.0,"R, Scala, SQL, Python"
Other Tech Role,Cambridge,California,Mid,Hybrid,83000.0,117993.0,"C++, Python"
ML/AI Engineer,Cambridge,California,Mid,Hybrid,78500.0,120210.0,"Java, Python"
Data Engineer,Cambridge,California,Mid,Hybrid,72500.0,116901.0,"Python, Julia"
Other Tech Role,Cambridge,California,Mid,On-site,75500.0,116424.0,"SQL, Scala, Python"
Other Tech Role,Cambridge,California,Mid,Hybrid,83500.0,117993.0,"Java, SQL, Python"
Other Tech Role,Cambridge,California,Mid,On-site,77500.0,116424.0,"C++, Julia, Python"
Other Tech Role,Cambridge,California,Mid,Hybrid,79500.0,117993.0,"Java, Python"
Other Tech Role,Cambridge,California,Mid,Hybrid,76500.0,117993.0,"Julia, Python"
ML/AI Engineer,Cambridge,California,Mid,Hybrid,79000.0,120210.0,"Julia, Python"
ML/AI Engineer,Cambridge,California,Mid,Hybrid,76000.0,120210.0,"Julia, Bash, C++, Python"
ML/AI Engineer,Cambridge,California,Mid,Hybrid,84000.0,120210.0,"C++, R, Bash, Python"
ML/AI Engineer,Cambridge,California,Mid,Hybrid,71500.0,120210.0,"Go, Python, C++"
Other Tech Role,Cambridge,California,Mid,Hybrid,83000.0,117993.0,"SQL, Java, C++, Python"
Other Tech Role,Cambridge,California,Mid,Hybrid,74500.0,117993.0,"Scala, Bash, C++, Python"
Other Tech Role,Cambridge,California,Mid,Hybrid,78000.0,117993.0,"Python, Scala"
ML/AI Engineer,Cambridge,California,Mid,Hybrid,73500.0,120210.0,"Bash, Scala, Java, Python"
ML/AI Engineer,Cambridge,California,Mid,Hybrid,77500.0,120210.0,"Bash, Scala, Python"
ML/AI Engineer,Cambridge,California,Mid,Hybrid,80000.0,120210.0,"R, Python"
Other Tech Role,Cambridge,California,Mid,On-site,77000.0,116424.0,"Go, Python"
Data Engineer,Cambridge,California,Mid,Hybrid,74000.0,116901.0,"Bash, Python, Java"
Other Tech Role,Cambridge,California,Mid,Hybrid,73000.0,117993.0,"Scala, Go, Python"
Other Tech Role,Cambridge,California,Mid,Hybrid,84000.0,117993.0,"Java, Python"
ML/AI Engineer,Cambridge,California,Mid,On-site,71500.0,117012.0,"Julia, SQL, Python"
ML/AI Engineer,Cambridge,California,Mid,Hybrid,86500.0,120210.0,"Bash, Python"
Other Tech Role,Cambridge,California,Mid,On-site,75500.0,116424.0,"Julia, R, Scala, Python"
Other Tech Role,Cambridge,California,Mid,Hybrid,80500.0,117993.0,"Scala, Python"
ML/AI Engineer,Cambridge,California,Mid,Hybrid,74000.0,120210.0,"Python, R"
ML/AI Engineer,Cambridge,California,Mid,Hybrid,82500.0,120210.0,"Go, Bash, Python"
ML/AI Engineer,Cambridge,California,Mid,On-site,83000.0,117012.0,"Julia, SQL, Go, Python"
Other Tech Role,Cambridge,California,Mid,Hybrid,85500.0,117993.0,"R, Python"
Other Tech Role,Cambridge,California,Mid,On-site,83500.0,116424.0,"Bash, Scala, Julia, Python"
ML/AI Engineer,Cambridge,California,Mid,Hybrid,76500.0,120210.0,"Python, Scala"
Other Tech Role,Cambridge,California,Mid,Hybrid,78500.0,117993.0,"Julia, Python"
ML/AI Engineer,Cambridge,California,Mid,Hybrid,75500.0,120210.0,"C++, Bash, R, Python"
ML/AI Engineer,Cambridge,California,Mid,Hybrid,76000.0,120210.0,"Scala, Python"
Other Tech Role,Cambridge,California,Mid,Hybrid,75500.0,117993.0,"Java, R, Python"
Other Tech Role,Cambridge,California,Mid,On-site,82500.0,116424.0,"SQL, R, Python"
Other Tech Role,Cambridge,California,Mid,Hybrid,82000.0,117993.0,"Scala, Python"
ML/AI Engineer,Cambridge,California,Mid,Hybrid,76500.0,120210.0,"Go, Java, Python"
Other Tech Role,Cambridge,California,Mid,Hybrid,74500.0,117993.0,"R, Julia, Python"
Other Tech Role,Cambridge,California,Mid,Hybrid,71000.0,117993.0,"Go, Python"
Other Tech Role,Cambridge,California,Mid,Hybrid,75000.0,117993.0,"Go, Python"
Data Scientist,Cambridge,California,Mid,On-site,78000.0,100780.0,"Python, R"
ML/AI Engineer,Cambridge,California,Mid,On-site,74000.0,117012.0,"R, Python, SQL"
ML/AI Engineer,Cambridge,California,Mid,On-site,80000.0,117012.0,"Julia, Java, Python"
ML/AI Engineer,"Chicago, IL",California,Mid,On-site,129500.0,117012.0,"Bash, Python"
Data Engineer,"Chicago, IL",California,Mid,Hybrid,143000.0,116901.0,"Julia, Go, Python"
ML/AI Engineer,"Chicago, IL",California,Mid,Hybrid,147500.0,120210.0,"Julia, R, Python"
Other Tech Role,"Chicago, IL",California,Mid,On-site,145500.0,116424.0,"SQL, Bash, Python"
ML/AI Engineer,"Chicago, IL",California,Mid,Hybrid,131000.0,120210.0,"R, Julia, Python"
ML/AI Engineer,"Chicago, IL",California,Mid,On-site,140500.0,117012.0,"Scala, R, SQL, Python"
ML/AI Engineer,"Chicago, IL",California,Mid,Hybrid,139000.0,120210.0,"C++, Bash, Python"
Other Tech Role,"Chicago, IL",California,Mid,Hybrid,153500.0,117993.0,"C++, Python"
Data Scientist,"Chicago, IL",California,Mid,On-site,147000.0,100780.0,"Scala, C++, Python"
ML/AI Engineer,"Chicago, IL",California,Mid,Hybrid,139000.0,120210.0,"Julia, Scala, R, Python"
ML/AI Engineer,"Chicago, IL",California,Mid,Hybrid,157000.0,120210.0,"Java, Python, C++"
ML/AI Engineer,"Chicago, IL",California,Mid,On-site,138500.0,117012.0,"Bash, R, Python"
Other Tech Role,"Chicago, IL",California,Mid,Hybrid,132500.0,117993.0,"Go, Scala, Python"
Other Tech Role,"Chicago, IL",California,Mid,On-site,154500.0,116424.0,"Scala, R, Python"
Other Tech Role,"Chicago, IL",California,Mid,On-site,155000.0,116424.0,"SQL, Julia, Python"
Data Engineer,"Chicago, IL",California,Mid,Hybrid,148500.0,116901.0,"Julia, Python"
ML/AI Engineer,"Chicago, IL",California,Mid,On-site,137000.0,117012.0,"Java, Python"
Other Tech Role,"Chicago, IL",California,Mid,On-site,131000.0,116424.0,"R, C++, Python"
Other Tech Role,"Chicago, IL",California,Mid,Hybrid,157000.0,117993.0,"C++, Scala, Python"
Other Tech Role,"Chicago, IL",California,Mid,Hybrid,143000.0,117993.0,"Scala, SQL, R, Python"
Other Tech Role,"Chicago, IL",California,Mid,Hybrid,141000.0,117993.0,"Java, Julia, Python"
ML/AI Engineer,"Chicago, IL",California,Mid,On-site,142500.0,117012.0,"C++, Julia, Python"
Other Tech Role,"Chicago, IL",California,Mid,Hybrid,145000.0,117993.0,"Julia, Python, Go"
Data Engineer,"Chicago, IL",California,Mid,On-site,154000.0,124406.0,"R, Python, SQL"
ML/AI Engineer,"Chicago, IL",California,Mid,Hybrid,149500.0,120210.0,"Scala, SQL, Bash, Python"
ML/AI Engineer,"Chicago, IL",California,Mid,Hybrid,134500.0,120210.0,"Java, Python"
ML/AI Engineer,"Chicago, IL",California,Mid,Hybrid,151000.0,120210.0,"Bash, Python"
ML/AI Engineer,"Chicago, IL",California,Mid,On-site,140000.0,117012.0,Python
ML/AI Engineer,"Chicago, IL",California,Mid,Hybrid,154000.0,120210.0,"Scala, Python"
Other Tech Role,"Chicago, IL",California,Mid,On-site,146000.0,116424.0,"Julia, Bash, Python"
Other Tech Role,"Chicago, IL",California,Mid,Hybrid,141500.0,117993.0,"C++, Julia, Python"
ML/AI Engineer,"Chicago, IL",California,Mid,Hybrid,150500.0,120210.0,Python
Other Tech Role,"Chicago, IL",California,Mid,Hybrid,155500.0,117993.0,"Go, SQL, C++, Python"
Data Scientist,"Chicago, IL",California,Mid,Hybrid,143500.0,125259.0,"Go, Bash, Julia, Python"
Other Tech Role,"Chicago, IL",California,Mid,Hybrid,139500.0,117993.0,"R, Go, Python"
Other Tech Role,"Chicago, IL",California,Mid,Hybrid,147000.0,117993.0,"R, Bash, SQL, Python"
Other Tech Role,"Chicago, IL",California,Mid,On-site,153000.0,116424.0,Go
Data Engineer,"Chicago, IL",California,Mid,Hybrid,149500.0,116901.0,"Julia, Python"
Other Tech Role,"Chicago, IL",California,Mid,Hybrid,148000.0,117993.0,"Java, Python"
Other Tech Role,"Chicago, IL",California,Mid,Hybrid,153000.0,117993.0,"Java, Python"
Other Tech Role,"Chicago, IL",California,Mid,Hybrid,134000.0,117993.0,"Go, Bash, Python"
Other Tech Role,"Chicago, IL",California,Mid,Hybrid,157000.0,117993.0,"Java, Python"
Other Tech Role,"Chicago, IL",California,Mid,Hybrid,141500.0,117993.0,"R, Python"
Other Tech Role,"Chicago, IL",California,Mid,Hybrid,134500.0,117993.0,"Bash, Python"
Data Scientist,"Chicago, IL",California,Mid,Hybrid,146000.0,125259.0,"Java, R, Scala, Python"
Other Tech Role,"Chicago, IL",California,Mid,On-site,135500.0,116424.0,"Julia, Java, R, Python"
ML/AI Engineer,"Chicago, IL",California,Mid,Hybrid,141500.0,120210.0,"Go, Python, Scala"
ML/AI Engineer,"Chicago, IL",California,Mid,Hybrid,133000.0,120210.0,"C++, Python"
ML/AI Engineer,"Chicago, IL",California,Mid,On-site,143500.0,117012.0,"Scala, Python"
ML/AI Engineer,"Chicago, IL",California,Mid,Hybrid,146500.0,120210.0,"Julia, Go, Bash, Python"
Data Scientist,"Chicago, IL",California,Mid,Hybrid,142000.0,125259.0,"Java, R, Julia, Python"
ML/AI Engineer,"Chicago, IL",California,Mid,On-site,156500.0,117012.0,"Java, Python"
ML/AI Engineer,"Chicago, IL",California,Mid,Hybrid,138500.0,120210.0,"R, Scala, Python"
Other Tech Role,"Chicago, IL",California,Mid,Hybrid,150000.0,117993.0,"Scala, Python"
Other Tech Role,"Chicago, IL",California,Mid,Hybrid,139500.0,117993.0,"Bash, SQL, R, Python"
ML/AI Engineer,"Chicago, IL",California,Mid,On-site,141500.0,117012.0,"R, Scala, Python"
ML/AI Engineer,"Chicago, IL",California,Mid,Hybrid,138000.0,120210.0,"R, Python, Java"
Other Tech Role,"Chicago, IL",California,Mid,On-site,144000.0,116424.0,"C++, Python"
Other Tech Role,"Chicago, IL",California,Mid,Hybrid,140500.0,117993.0,"Java, SQL, Python"
Other Tech Role,"Chicago, IL",California,Mid,Hybrid,144000.0,117993.0,Python
Other Tech Role,"Chicago, IL",California,Mid,On-site,153000.0,116424.0,"Scala, Go, Python"
ML/AI Engineer,"Chicago, IL",California,Mid,Hybrid,140500.0,120210.0,"Python, Go, Scala"
Data Engineer,"Chicago, IL",California,Mid,On-site,131000.0,124406.0,"Bash, Python"
Data Engineer,"Chicago, IL",California,Mid,On-site,141500.0,124406.0,"Julia, Bash, Python"
Other Tech Role,"Chicago, IL",California,Mid,Hybrid,131500.0,117993.0,"Bash, C++, Python"
Other Tech Role,"Chicago, IL",California,Mid,On-site,143000.0,116424.0,"SQL, Bash, Python"
Other Tech Role,"Chicago, IL",California,Mid,On-site,152000.0,116424.0,"Go, C++, Java, Python"
Other Tech Role,"Chicago, IL",California,Mid,Hybrid,148000.0,117993.0,"Julia, SQL, Java, Python"
Data Scientist,"Chicago, IL",California,Mid,Hybrid,150500.0,125259.0,"Go, SQL, Java"
Other Tech Role,"Chicago, IL",California,Mid,Hybrid,147500.0,117993.0,"Go, Python"
Other Tech Role,"Chicago, IL",California,Mid,Hybrid,148000.0,117993.0,"Java, Scala, Python"
ML/AI Engineer,"Chicago, IL",California,Mid,On-site,149000.0,117012.0,"Bash, Python"
Other Tech Role,"Chicago, IL",California,Mid,Hybrid,148500.0,117993.0,"Bash, Python"
Other Tech Role,"Chicago, IL",California,Mid,On-site,147000.0,116424.0,"Bash, Scala, Go, Python"
ML/AI Engineer,"Chicago, IL",California,Mid,On-site,145500.0,117012.0,"C++, Python"
ML/AI Engineer,"Chicago, IL",California,Mid,Hybrid,137500.0,120210.0,"Bash, Java, Python"
ML/AI Engineer,"Chicago, IL",California,Mid,Hybrid,147000.0,120210.0,"Java, Bash, Python"
ML/AI Engineer,"Chicago, IL",California,Mid,On-site,136000.0,117012.0,"Bash, Python"
Other Tech Role,"Chicago, IL",California,Mid,Hybrid,140000.0,117993.0,"Python, Julia, Go"
ML/AI Engineer,"Chicago, IL",California,Mid,On-site,142000.0,117012.0,"Java, Python, Julia"
Other Tech Role,"Chicago, IL",California,Mid,Hybrid,149000.0,117993.0,"Bash, Julia, C++, Python"
Other Tech Role,"Chicago, IL",California,Mid,On-site,149500.0,116424.0,"Java, Go, Python"
ML/AI Engineer,"Chicago, IL",California,Mid,On-site,134000.0,117012.0,"Julia, Python"
Other Tech Role,"Chicago, IL",California,Mid,Hybrid,141500.0,117993.0,"Go, Python"
ML/AI Engineer,"Chicago, IL",California,Mid,On-site,138500.0,117012.0,"Java, Bash, Python"
ML/AI Engineer,"Chicago, IL",California,Mid,On-site,141500.0,117012.0,"Bash, Python"
ML/AI Engineer,"Chicago, IL",California,Mid,Hybrid,155500.0,120210.0,"Julia, Python"
Other Tech Role,"Chicago, IL",California,Mid,On-site,140500.0,116424.0,"SQL, Python"
Other Tech Role,"Chicago, IL",California,Mid,Hybrid,147500.0,117993.0,"Julia, R, Go, Python"
Other Tech Role,"Chicago, IL",California,Mid,On-site,151000.0,116424.0,"Python, Go"
Other Tech Role,"Chicago, IL",California,Mid,Hybrid,150000.0,117993.0,"C++, Python"
ML/AI Engineer,"Chicago, IL",California,Mid,Hybrid,139500.0,120210.0,"Scala, SQL, Python"
ML/AI Engineer,"Chicago, IL",California,Mid,Hybrid,144500.0,120210.0,"Go, Bash, Python"
Data Engineer,"Chicago, IL",California,Mid,Hybrid,136500.0,116901.0,Python
Data Engineer,"Chicago, IL",California,Mid,Hybrid,154000.0,116901.0,"Julia, SQL, Java, Python"
Data Scientist,"Chicago, IL",California,Mid,Hybrid,151000.0,125259.0,"Bash, Python"
Other Tech Role,"Chicago, IL",California,Mid,Hybrid,134500.0,117993.0,"Julia, SQL, R, Python"
ML/AI Engineer,"Chicago, IL",California,Mid,On-site,132500.0,117012.0,"Go, Python"
Other Tech Role,"Chicago, IL",California,Mid,On-site,131500.0,116424.0,"Python, C++"
Other Tech Role,"Chicago, IL",California,Mid,Hybrid,148000.0,117993.0,"Scala, SQL, Python"
Data Scientist,"Chicago, IL",California,Mid,Hybrid,140000.0,125259.0,"SQL, R, Python"
Other Tech Role,"Chicago, IL",California,Mid,Hybrid,151500.0,117993.0,"Julia, Python"
ML/AI Engineer,"Chicago, IL",California,Mid,Hybrid,141500.0,120210.0,"Java, Python"
ML/AI Engineer,"Chicago, IL",California,Mid,On-site,146500.0,117012.0,"C++, Java, Python"
Other Tech Role,"Chicago, IL",California,Mid,Hybrid,130000.0,117993.0,"R, Julia, Bash, Python"
ML/AI Engineer,"Chicago, IL",California,Mid,Hybrid,156500.0,120210.0,"Scala, Python"
Other Tech Role,"Chicago, IL",California,Mid,Hybrid,134500.0,117993.0,"C++, Scala, Python"
ML/AI Engineer,"Chicago, IL",California,Mid,Hybrid,138000.0,120210.0,"Julia, SQL, R, Python"
Other Tech Role,"Chicago, IL",California,Mid,On-site,140000.0,116424.0,"C++, Python"
Data Engineer,"Chicago, IL",California,Mid,Hybrid,149500.0,116901.0,Python
Data Engineer,"Chicago, IL",California,Mid,On-site,155000.0,124406.0,"R, Bash, Python"
ML/AI Engineer,"Chicago, IL",California,Mid,On-site,140000.0,117012.0,"Julia, Python"
Other Tech Role,"Chicago, IL",California,Mid,On-site,149000.0,116424.0,"SQL, Go, Python"
Other Tech Role,"Chicago, IL",California,Mid,On-site,156000.0,116424.0,"Python, Scala"
Data Scientist,"Chicago, IL",California,Mid,Hybrid,142000.0,125259.0,"C++, Bash, Python"
Other Tech Role,"Chicago, IL",California,Mid,On-site,151000.0,116424.0,"Go, Python"
ML/AI Engineer,"Chicago, IL",California,Mid,Hybrid,140000.0,120210.0,"Julia, Python"
Other Tech Role,"Chicago, IL",California,Mid,On-site,154500.0,116424.0,"R, C++, Python"
Other Tech Role,"Chicago, IL",California,Mid,On-site,147000.0,116424.0,"R, Python"
Other Tech Role,"Chicago, IL",California,Mid,On-site,132000.0,116424.0,"Go, SQL, Python"
Other Tech Role,"Chicago, IL",California,Mid,Hybrid,139000.0,117993.0,"Julia, Java, Python"
Other Tech Role,"Chicago, IL",California,Mid,Hybrid,145000.0,117993.0,"Bash, Python"
Data Scientist,"Chicago, IL",California,Mid,On-site,151500.0,100780.0,"R, Python"
Other Tech Role,"Chicago, IL",California,Mid,On-site,134500.0,116424.0,"SQL, R, Julia, Python"
ML/AI Engineer,"Chicago, IL",California,Mid,Hybrid,137000.0,120210.0,"Scala, Python, Julia"
Other Tech Role,"Chicago, IL",California,Mid,Hybrid,128500.0,117993.0,"R, SQL, Bash, Python"
ML/AI Engineer,"Chicago, IL",California,Mid,Hybrid,130500.0,120210.0,"SQL, Python"
Data Scientist,"Chicago, IL",California,Mid,Hybrid,135000.0,125259.0,"Bash, Scala, C++, Python"
Other Tech Role,"Chicago, IL",California,Mid,Hybrid,146000.0,117993.0,"C++, Python"
Other Tech Role,"Chicago, IL",California,Mid,On-site,134500.0,116424.0,"Python, Scala"
Data Engineer,"Chicago, IL",California,Mid,Hybrid,144000.0,116901.0,"SQL, Python"
Data Engineer,"Chicago, IL",California,Mid,On-site,138500.0,124406.0,"Bash, Python"
Other Tech Role,"Chicago, IL",California,Mid,Hybrid,134000.0,117993.0,"Java, Bash, Python"
ML/AI Engineer,"Chicago, IL",California,Mid,On-site,140000.0,117012.0,"R, C++, Scala, Python"
Other Tech Role,"Chicago, IL",California,Mid,Hybrid,141500.0,117993.0,"Java, Scala, Python"
ML/AI Engineer,"Chicago, IL",California,Mid,On-site,147000.0,117012.0,"Go, SQL, Python"
Other Tech Role,"Chicago, IL",California,Mid,Hybrid,144500.0,117993.0,"Julia, Bash, Go"
Other Tech Role,"Chicago, IL",California,Mid,Hybrid,148500.0,117993.0,"Scala, Python"
ML/AI Engineer,"Chicago, IL",California,Mid,Hybrid,146000.0,120210.0,"Julia, Python, Go"
Other Tech Role,"Chicago, IL",California,Mid,Hybrid,145000.0,117993.0,"Bash, Go, R, Python"
ML/AI Engineer,"Chicago, IL",California,Mid,Hybrid,141000.0,120210.0,"Go, C++, Java, Python"
Other Tech Role,"Chicago, IL",California,Mid,Hybrid,140000.0,117993.0,"R, Scala, Bash, Python"
Other Tech Role,"Chicago, IL",California,Mid,On-site,155000.0,116424.0,"SQL, Python"
Other Tech Role,"Chicago, IL",California,Mid,On-site,145500.0,116424.0,"Java, Python, Scala"
Other Tech Role,"Chicago, IL",California,Mid,Hybrid,145000.0,117993.0,"R, Python"
ML/AI Engineer,"Chicago, IL",California,Mid,Hybrid,147500.0,120210.0,Python
Other Tech Role,"Chicago, IL",California,Mid,Hybrid,131000.0,117993.0,"Go, Python"
ML/AI Engineer,"Chicago, IL",California,Mid,Hybrid,142000.0,120210.0,"Go, Scala, SQL, Python"
Other Tech Role,"Chicago, IL",California,Mid,On-site,141000.0,116424.0,"SQL, R, Python"
ML/AI Engineer,"Chicago, IL",California,Mid,On-site,140500.0,117012.0,"Go, SQL, Python"
Other Tech Role,"Chicago, IL",California,Mid,On-site,134500.0,116424.0,"Python, Scala, Bash"
ML/AI Engineer,"Chicago, IL",California,Mid,Hybrid,144500.0,120210.0,"Go, Python"
ML/AI Engineer,"Chicago, IL",California,Mid,On-site,147000.0,117012.0,"Bash, Java, Python"
ML/AI Engineer,"Chicago, IL",California,Mid,Hybrid,155000.0,120210.0,"Julia, Scala, Python"
Other Tech Role,"Chicago, IL",California,Mid,Hybrid,147000.0,117993.0,"R, Python"
ML/AI Engineer,"Chicago, IL",California,Mid,Hybrid,149500.0,120210.0,"SQL, Julia, Go, Python"
Other Tech Role,"Chicago, IL",California,Mid,Hybrid,150000.0,117993.0,"Bash, Python"
Data Scientist,"Chicago, IL",California,Mid,Hybrid,131500.0,125259.0,"Java, Go, C++, Python"
ML/AI Engineer,"Chicago, IL",California,Mid,On-site,154500.0,117012.0,"Julia, Python"
Other Tech Role,"Chicago, IL",California,Mid,On-site,147500.0,116424.0,"Java, Python"
Other Tech Role,"Chicago, IL",California,Mid,On-site,157000.0,116424.0,"Bash, Python"
ML/AI Engineer,"Chicago, IL",California,Mid,On-site,133500.0,117012.0,"Julia, Python, Java"
ML/AI Engineer,"Chicago, IL",California,Mid,On-site,143500.0,117012.0,"SQL, Go, Python"
ML/AI Engineer,"Chicago, IL",California,Mid,Hybrid,143000.0,120210.0,"R, Julia, C++, Python"
ML/AI Engineer,"Chicago, IL",California,Mid,Hybrid,145000.0,120210.0,"Go, Python"
Other Tech Role,"Chicago, IL",California,Mid,Hybrid,139500.0,117993.0,"SQL, Python"
Other Tech Role,"Chicago, IL",California,Mid,On-site,138500.0,116424.0,"R, Julia"
ML/AI Engineer,"Chicago, IL",California,Mid,Hybrid,152000.0,120210.0,"SQL, Python"
ML/AI Engineer,"Chicago, IL",California,Mid,Hybrid,151000.0,120210.0,"Bash, Scala, Python"
ML/AI Engineer,"Chicago, IL",California,Mid,On-site,140500.0,117012.0,"SQL, Bash, Python"
ML/AI Engineer,"Chicago, IL",California,Mid,Hybrid,154500.0,120210.0,"Scala, R, C++, Python"
ML/AI Engineer,"Chicago, IL",California,Mid,Hybrid,151000.0,120210.0,"SQL, Bash, Python"
Other Tech Role,"Chicago, IL",California,Mid,Hybrid,141000.0,117993.0,"Python, C++, Scala"
Data Scientist,"Chicago, IL",California,Mid,Hybrid,152500.0,125259.0,"Bash, R, Scala, Python"
ML/AI Engineer,"Chicago, IL",California,Mid,Hybrid,149500.0,120210.0,"R, Python"
ML/AI Engineer,"Chicago, IL",California,Mid,On-site,153500.0,117012.0,"Java, Julia, Python"
Other Tech Role,"Chicago, IL",California,Mid,Hybrid,155000.0,117993.0,"R, Go, Python"
ML/AI Engineer,"Denver, CO",Other US,Mid,Hybrid,131500.0,120916.0,"SQL, Python"
Data Engineer,"Denver, CO",Other US,Mid,Hybrid,153500.0,120816.0,"Go, Julia"
ML/AI Engineer,"Denver, CO",Other US,Mid,Hybrid,150500.0,120916.0,"C++, Java, Python"
Other Tech Role,"Denver, CO",Other US,Mid,Hybrid,139500.0,120157.0,"Scala, C++, Python"
Other Tech Role,"Denver, CO",Other US,Mid,Hybrid,152000.0,120157.0,"Bash, Python"
Data Scientist,"Denver, CO",Other US,Mid,Hybrid,148000.0,119213.0,"Scala, C++, Java, Python"
Data Scientist,"Denver, CO",Other US,Mid,On-site,152500.0,122488.0,"Java, Bash, Python"
ML/AI Engineer,"Denver, CO",Other US,Mid,Hybrid,157000.0,120916.0,"Scala, Go, R, Python"
ML/AI Engineer,"Denver, CO",Other US,Mid,Hybrid,152500.0,120916.0,"SQL, Bash, Julia, Python"
ML/AI Engineer,"Denver, CO",Other US,Mid,Hybrid,147500.0,120916.0,"Julia, Scala, Go, Python"
Other Tech Role,"Denver, CO",Other US,Mid,On-site,139000.0,122470.0,"Scala, Python"
ML/AI Engineer,"Denver, CO",Other US,Mid,On-site,154500.0,120776.0,"Julia, Python, C++"
ML/AI Engineer,"Denver, CO",Other US,Mid,On-site,148500.0,120776.0,"R, Java, Scala, Python"
ML/AI Engineer,"Denver, CO",Other US,Mid,On-site,148000.0,120776.0,Python
Other Tech Role,"Denver, CO",Other US,Mid,On-site,137000.0,122470.0,"R, Scala, Python"
Other Tech Role,"Denver, CO",Other US,Mid,Hybrid,158000.0,120157.0,"SQL, Python"
Data Engineer,"Denver, CO",Other US,Mid,Hybrid,144000.0,120816.0,"SQL, Python"
Data Scientist,"Denver, CO",Other US,Mid,On-site,153000.0,122488.0,"R, Python"
Data Scientist,"Denver, CO",Other US,Mid,Hybrid,154000.0,119213.0,"Python, C++"
ML/AI Engineer,"Denver, CO",Other US,Mid,Hybrid,142500.0,120916.0,"Bash, Go, Scala, Python"
ML/AI Engineer,"Denver, CO",Other US,Mid,On-site,140000.0,120776.0,"SQL, Python"
ML/AI Engineer,"Denver, CO",Other US,Mid,Hybrid,149500.0,120916.0,"R, Scala, Python"
ML/AI Engineer,"Denver, CO",Other US,Mid,On-site,151000.0,120776.0,"SQL, Python"
ML/AI Engineer,"Denver, CO",Other US,Mid,On-site,145500.0,120776.0,"Python, Scala"
Other Tech Role,"Denver, CO",Other US,Mid,Hybrid,144000.0,120157.0,"Julia, C++, Python"
Data Engineer,"Denver, CO",Other US,Mid,On-site,131500.0,120396.0,"Bash, Julia, Python"
Other Tech Role,"Denver, CO",Other US,Mid,Hybrid,147500.0,120157.0,"Julia, Java, Python"
ML/AI Engineer,"Denver, CO",Other US,Mid,On-site,141500.0,120776.0,"C++, Julia, Python"
Other Tech Role,"Denver, CO",Other US,Mid,Hybrid,147500.0,120157.0,"R, Python"
Other Tech Role,"Denver, CO",Other US,Mid,On-site,147500.0,122470.0,"Bash, Java, Python"
Other Tech Role,"Denver, CO",Other US,Mid,Hybrid,151000.0,120157.0,Python
Other Tech Role,"Denver, CO",Other US,Mid,On-site,137000.0,122470.0,"Scala, Python"
Other Tech Role,"Denver, CO",Other US,Mid,Hybrid,145000.0,120157.0,Python
ML/AI Engineer,"Denver, CO",Other US,Mid,Hybrid,149500.0,120916.0,"Julia, Scala, Java, Python"
Data Engineer,"Denver, CO",Other US,Mid,On-site,137000.0,120396.0,"Scala, Python"
Other Tech Role,"Denver, CO",Other US,Mid,On-site,146000.0,122470.0,"Python, C++, SQL"
ML/AI Engineer,"Denver, CO",Other US,Mid,Hybrid,144500.0,120916.0,Python
ML/AI Engineer,"Denver, CO",Other US,Mid,On-site,152000.0,120776.0,"Java, Python"
ML/AI Engineer,"Denver, CO",Other US,Mid,Hybrid,135000.0,120916.0,"R, Python"
ML/AI Engineer,"Denver, CO",Other US,Mid,Hybrid,153500.0,120916.0,"Julia, Go, Python"
ML/AI Engineer,"Denver, CO",Other US,Mid,Hybrid,140500.0,120916.0,"SQL, Java, R, Python"
ML/AI Engineer,"Denver, CO",Other US,Mid,Hybrid,135500.0,120916.0,"Scala, Python"
Other Tech Role,"Denver, CO",Other US,Mid,Hybrid,136000.0,120157.0,C++
Other Tech Role,"Denver, CO",Other US,Mid,Hybrid,153500.0,120157.0,"SQL, R, Python"
Other Tech Role,"Denver, CO",Other US,Mid,On-site,145000.0,122470.0,"Go, Python"
ML/AI Engineer,"Denver, CO",Other US,Mid,Hybrid,145500.0,120916.0,"SQL, Python"
ML/AI Engineer,"Denver, CO",Other US,Mid,Hybrid,136500.0,120916.0,"Python, C++, SQL"
ML/AI Engineer,"Denver, CO",Other US,Mid,Hybrid,144500.0,120916.0,"SQL, Python"
ML/AI Engineer,"Denver, CO",Other US,Mid,Hybrid,137500.0,120916.0,"Python, Go"
Other Tech Role,"Denver, CO",Other US,Mid,On-site,141500.0,122470.0,"Go, Python"
Other Tech Role,"Denver, CO",Other US,Mid,Hybrid,143500.0,120157.0,"Python, R, Go"
Other Tech Role,"Denver, CO",Other US,Mid,On-site,135500.0,122470.0,"Scala, Python"
ML/AI Engineer,"Denver, CO",Other US,Mid,Hybrid,144500.0,120916.0,"Scala, Python"
Data Engineer,"Denver, CO",Other US,Mid,Hybrid,151500.0,120816.0,"Java, C++, Python"
ML/AI Engineer,"Denver, CO",Other US,Mid,Hybrid,155500.0,120916.0,"Go, R, Python"
Other Tech Role,"Denver, CO",Other US,Mid,Hybrid,153500.0,120157.0,"Java, Python"
ML/AI Engineer,"Denver, CO",Other US,Mid,On-site,145500.0,120776.0,"SQL, Scala, Go, Python"
Other Tech Role,"Denver, CO",Other US,Mid,On-site,135500.0,122470.0,"Julia, SQL, Python"
ML/AI Engineer,"Denver, CO",Other US,Mid,Hybrid,137500.0,120916.0,Python
ML/AI Engineer,"Denver, CO",Other US,Mid,On-site,133500.0,120776.0,"Bash, R, C++, Python"
Other Tech Role,"Denver, CO",Other US,Mid,Hybrid,148500.0,120157.0,"Java, Python"
Other Tech Role,"Denver, CO",Other US,Mid,On-site,138500.0,122470.0,"Julia, C++, Python"
Data Engineer,"Denver, CO",Other US,Mid,On-site,137000.0,120396.0,Python
ML/AI Engineer,"Denver, CO",Other US,Mid,Hybrid,145500.0,120916.0,"C++, Python"
ML/AI Engineer,"Denver, CO",Other US,Mid,On-site,159000.0,120776.0,"Julia, R, Scala, Python"
ML/AI Engineer,"Denver, CO",Other US,Mid,On-site,146000.0,120776.0,"Bash, Scala, R, Python"
Other Tech Role,"Denver, CO",Other US,Mid,On-site,150500.0,122470.0,"Go, SQL, Scala, Python"
ML/AI Engineer,"Denver, CO",Other US,Mid,Hybrid,136500.0,120916.0,"Julia, Scala, Go, Python"
Other Tech Role,"Denver, CO",Other US,Mid,Hybrid,139000.0,120157.0,"SQL, C++, Go, Python"
ML/AI Engineer,"Denver, CO",Other US,Mid,On-site,149000.0,120776.0,"Bash, R, Scala, Python"
Other Tech Role,"Denver, CO",Other US,Mid,Hybrid,149500.0,120157.0,"Go, Python"
Other Tech Role,"Denver, CO",Other US,Mid,On-site,160000.0,122470.0,"Scala, Python"
Other Tech Role,"Denver, CO",Other US,Mid,Hybrid,147000.0,120157.0,"Go, SQL, Julia, Python"
ML/AI Engineer,"Denver, CO",Other US,Mid,Hybrid,135000.0,120916.0,"Go, Java, Bash, Python"
Other Tech Role,"Denver, CO",Other US,Mid,Hybrid,138000.0,120157.0,"R, Julia, Bash, Python"
Data Scientist,"Denver, CO",Other US,Mid,Hybrid,150500.0,119213.0,"C++, Python"
ML/AI Engineer,"Denver, CO",Other US,Mid,Hybrid,149000.0,120916.0,"Go, Python"
ML/AI Engineer,"Denver, CO",Other US,Mid,Hybrid,141000.0,120916.0,"SQL, Python"
ML/AI Engineer,"Denver, CO",Other US,Mid,On-site,146000.0,120776.0,"Python, Go, Bash"
ML/AI Engineer,"Denver, CO",Other US,Mid,Hybrid,141000.0,120916.0,"Java, Python"
Other Tech Role,"Denver, CO",Other US,Mid,Hybrid,131000.0,120157.0,"R, Python"
ML/AI Engineer,"Denver, CO",Other US,Mid,Hybrid,152000.0,120916.0,"SQL, Java, Bash, Python"
ML/AI Engineer,"Denver, CO",Other US,Mid,Hybrid,143000.0,120916.0,"Bash, C++, R, Python"
Other Tech Role,"Denver, CO",Other US,Mid,On-site,137500.0,122470.0,"Scala, C++, Bash, Python"
Other Tech Role,"Denver, CO",Other US,Mid,Hybrid,135500.0,120157.0,"Bash, Python"
ML/AI Engineer,"Denver, CO",Other US,Mid,Hybrid,130500.0,120916.0,"C++, Python"
Other Tech Role,"Denver, CO",Other US,Mid,Hybrid,139500.0,120157.0,"Go, Bash, Julia, Python"
ML/AI Engineer,"Denver, CO",Other US,Mid,Hybrid,128500.0,120916.0,"Java, Julia, Python"
ML/AI Engineer,"Denver, CO",Other US,Mid,Hybrid,135000.0,120916.0,"Go, Java, C++, Python"
ML/AI Engineer,"Denver, CO",Other US,Mid,Hybrid,143000.0,120916.0,"Julia, Python"
Other Tech Role,"Denver, CO",Other US,Mid,Hybrid,130500.0,120157.0,"Java, Python, Julia"
Other Tech Role,"Denver, CO",Other US,Mid,Hybrid,142000.0,120157.0,"C++, Python"
Other Tech Role,"Denver, CO",Other US,Mid,On-site,135500.0,122470.0,Scala
ML/AI Engineer,"Denver, CO",Other US,Mid,Hybrid,142000.0,120916.0,"Java, Bash, Julia, Python"
Other Tech Role,"Denver, CO",Other US,Mid,On-site,148500.0,122470.0,"Julia, Scala, Python"
Other Tech Role,"Denver, CO",Other US,Mid,Hybrid,148000.0,120157.0,"Bash, Scala, Python"
Other Tech Role,"Denver, CO",Other US,Mid,Hybrid,148500.0,120157.0,"Bash, R, Python"
ML/AI Engineer,"Denver, CO",Other US,Mid,On-site,151500.0,120776.0,"Bash, Go, Scala, Python"
Other Tech Role,"Denver, CO",Other US,Mid,Hybrid,151500.0,120157.0,"C++, SQL, R, Python"
ML/AI Engineer,"Denver, CO",Other US,Mid,On-site,153500.0,120776.0,Python
Other Tech Role,"Denver, CO",Other US,Mid,Hybrid,132000.0,120157.0,"SQL, Scala, Python"
Other Tech Role,"Denver, CO",Other US,Mid,On-site,140500.0,122470.0,"SQL, Python, Bash"
Other Tech Role,"Denver, CO",Other US,Mid,Hybrid,138500.0,120157.0,"Scala, Bash, R, Python"
Other Tech Role,"Denver, CO",Other US,Mid,Hybrid,155000.0,120157.0,"Julia, Python"
ML/AI Engineer,"Denver, CO",Other US,Mid,Hybrid,155500.0,120916.0,"Java, Julia, Python"
Other Tech Role,"Denver, CO",Other US,Mid,Hybrid,148000.0,120157.0,"Java, Python"
Data Scientist,"Denver, CO",Other US,Mid,On-site,136500.0,122488.0,"R, Python"
Other Tech Role,"Denver, CO",Other US,Mid,Hybrid,133000.0,120157.0,"SQL, Python"
ML/AI Engineer,"Denver, CO",Other US,Mid,On-site,141500.0,120776.0,Python
Data Engineer,"Denver, CO",Other US,Mid,On-site,150000.0,120396.0,"Bash, Java"
ML/AI Engineer,"Denver, CO",Other US,Mid,Hybrid,138000.0,120916.0,"C++, Julia, Bash, Python"
ML/AI Engineer,"Denver, CO",Other US,Mid,Hybrid,146500.0,120916.0,"Go, Python"
ML/AI Engineer,"Denver, CO",Other US,Mid,Hybrid,142500.0,120916.0,"Bash, Python"
ML/AI Engineer,"Denver, CO",Other US,Mid,Hybrid,150000.0,120916.0,"SQL, Julia, R, Python"
Other Tech Role,"Denver, CO",Other US,Mid,On-site,142000.0,122470.0,"Julia, Python"
Other Tech Role,"Denver, CO",Other US,Mid,Hybrid,137000.0,120157.0,"Python, Bash, Java"
ML/AI Engineer,"Denver, CO",Other US,Mid,On-site,145000.0,120776.0,"Java, Python"
ML/AI Engineer,"Denver, CO",Other US,Mid,Hybrid,148000.0,120916.0,"Java, Python"
Other Tech Role,"Denver, CO",Other US,Mid,Hybrid,140000.0,120157.0,Python
ML/AI Engineer,"Denver, CO",Other US,Mid,On-site,141000.0,120776.0,"R, Python"
ML/AI Engineer,"Denver, CO",Other US,Mid,Hybrid,146500.0,120916.0,"Go, R, Python"
Other Tech Role,"Denver, CO",Other US,Mid,Hybrid,143000.0,120157.0,"Python, Bash, Scala"
Other Tech Role,"Denver, CO",Other US,Mid,Hybrid,148000.0,120157.0,"Go, C++, Java, Python"
Other Tech Role,"Denver, CO",Other US,Mid,On-site,135000.0,122470.0,"Python, C++"
ML/AI Engineer,"Denver, CO",Other US,Mid,On-site,158000.0,120776.0,"Java, Python"
ML/AI Engineer,"Denver, CO",Other US,Mid,On-site,140000.0,120776.0,"SQL, Python"
Other Tech Role,"Denver, CO",Other US,Mid,Hybrid,150000.0,120157.0,"Julia, Java, Python"
ML/AI Engineer,"Denver, CO",Other US,Mid,Hybrid,145500.0,120916.0,"Python, Bash, R"
ML/AI Engineer,"Denver, CO",Other US,Mid,Hybrid,142000.0,120916.0,"Julia, R, Python"
ML/AI Engineer,"Denver, CO",Other US,Mid,Hybrid,135000.0,120916.0,"SQL, Python"
Other Tech Role,"Denver, CO",Other US,Mid,On-site,141000.0,122470.0,"Julia, Scala, Java, Python"
ML/AI Engineer,"Denver, CO",Other US,Mid,On-site,156000.0,120776.0,"R, SQL, Python"
Other Tech Role,"Denver, CO",Other US,Mid,On-site,131000.0,122470.0,"Go, Python, Bash"
ML/AI Engineer,"Denver, CO",Other US,Mid,On-site,148500.0,120776.0,"Java, C++, Julia, Python"
Other Tech Role,"Denver, CO",Other US,Mid,Hybrid,133000.0,120157.0,"R, Python"
ML/AI Engineer,"Denver, CO",Other US,Mid,Hybrid,150000.0,120916.0,"SQL, Python"
ML/AI Engineer,"Denver, CO",Other US,Mid,Hybrid,159500.0,120916.0,"SQL, Julia, Python"
ML/AI Engineer,"Denver, CO",Other US,Mid,Hybrid,144500.0,120916.0,"Scala, C++, Python"
ML/AI Engineer,"Denver, CO",Other US,Mid,Hybrid,158500.0,120916.0,"R, Python, Bash"
Other Tech Role,"Denver, CO",Other US,Mid,On-site,133500.0,122470.0,"Scala, Bash, Python"
Other Tech Role,"Denver, CO",Other US,Mid,Hybrid,137500.0,120157.0,"Java, R, Scala, Python"
ML/AI Engineer,"Denver, CO",Other US,Mid,Hybrid,152000.0,120916.0,"Java, Scala, Julia, Python"
ML/AI Engineer,"Denver, CO",Other US,Mid,Hybrid,142500.0,120916.0,"Go, Java, R"
ML/AI Engineer,"Denver, CO",Other US,Mid,Hybrid,153000.0,120916.0,"R, Bash, Java, Python"
Other Tech Role,"Denver, CO",Other US,Mid,On-site,157500.0,122470.0,"Python, C++"
ML/AI Engineer,"Denver, CO",Other US,Mid,Hybrid,141000.0,120916.0,"Julia, Scala, SQL, Python"
ML/AI Engineer,"Denver, CO",Other US,Mid,On-site,146500.0,120776.0,"Python, Julia"
Other Tech Role,"Denver, CO",Other US,Mid,On-site,151000.0,122470.0,"Julia, Go, Python"
Data Engineer,"Denver, CO",Other US,Mid,On-site,155000.0,120396.0,"C++, Python, Go"
ML/AI Engineer,"Denver, CO",Other US,Mid,Hybrid,141000.0,120916.0,"C++, Python"
ML/AI Engineer,"Denver, CO",Other US,Mid,Hybrid,152000.0,120916.0,"Bash, Python"
Other Tech Role,"Denver, CO",Other US,Mid,On-site,148000.0,122470.0,"C++, Python"
Other Tech Role,"Denver, CO",Other US,Mid,Hybrid,147000.0,120157.0,"Go, Scala, Python"
ML/AI Engineer,"Denver, CO",Other US,Mid,On-site,142000.0,120776.0,"R, Scala, Java, Python"
Other Tech Role,"Denver, CO",Other US,Mid,On-site,151000.0,122470.0,"SQL, Java, Python"
Data Scientist,"Denver, CO",Other US,Mid,On-site,134000.0,122488.0,"Scala, Python"
Other Tech Role,"Denver, CO",Other US,Mid,Hybrid,149000.0,120157.0,"SQL, Scala, Python"
ML/AI Engineer,"Denver, CO",Other US,Mid,Hybrid,153500.0,120916.0,"Bash, Python"
ML/AI Engineer,"Denver, CO",Other US,Mid,Hybrid,142000.0,120916.0,"Julia, Bash, Python"
ML/AI Engineer,"Denver, CO",Other US,Mid,Hybrid,152000.0,120916.0,Python
ML/AI Engineer,"Denver, CO",Other US,Mid,Hybrid,157000.0,120916.0,"SQL, Go, C++"
ML/AI Engineer,"Denver, CO",Other US,Mid,On-site,143500.0,120776.0,"Python, Scala"
ML/AI Engineer,"Denver, CO",Other US,Mid,On-site,132500.0,120776.0,"Python, Go, Scala"
ML/AI Engineer,"Los Angeles, CA",California,Mid,Hybrid,133500.0,120210.0,"Scala, R, Python"
ML/AI Engineer,"Los Angeles, CA",California,Mid,Hybrid,129500.0,120210.0,"C++, Python"
Data Engineer,"Los Angeles, CA",California,Mid,Hybrid,146500.0,116901.0,"Bash, Python"
ML/AI Engineer,"Los Angeles, CA",California,Mid,Hybrid,153500.0,120210.0,"Python, Scala, C++"
Other Tech Role,"Los Angeles, CA",California,Mid,On-site,143500.0,116424.0,"SQL, Python"
Other Tech Role,"Los Angeles, CA",California,Mid,Hybrid,146500.0,117993.0,"Bash, Julia, R, Python"
Data Scientist,"Los Angeles, CA",California,Mid,On-site,146500.0,100780.0,"Python, Java"
ML/AI Engineer,"Los Angeles, CA",California,Mid,Hybrid,140000.0,120210.0,"SQL, Bash, Python"
Other Tech Role,"Los Angeles, CA",California,Mid,Hybrid,158000.0,117993.0,"R, Scala, Python"
Other Tech Role,"Los Angeles, CA",California,Mid,Hybrid,135000.0,117993.0,"C++, Python"
ML/AI Engineer,"Los Angeles, CA",California,Mid,On-site,149000.0,117012.0,Python
ML/AI Engineer,"Los Angeles, CA",California,Mid,On-site,143500.0,117012.0,"Python, Go"
ML/AI Engineer,"Los Angeles, CA",California,Mid,On-site,144500.0,117012.0,"R, Java, Python"
ML/AI Engineer,"Los Angeles, CA",California,Mid,Hybrid,153000.0,120210.0,"R, Python"
ML/AI Engineer,"Los Angeles, CA",California,Mid,Hybrid,135500.0,120210.0,"SQL, Scala, Python"
ML/AI Engineer,"Los Angeles, CA",California,Mid,Hybrid,147000.0,120210.0,"C++, Python"
Other Tech Role,"Los Angeles, CA",California,Mid,Hybrid,138500.0,117993.0,"Go, Bash, Python"
ML/AI Engineer,"Los Angeles, CA",California,Mid,On-site,145000.0,117012.0,"Julia, Python, SQL"
ML/AI Engineer,"Los Angeles, CA",California,Mid,On-site,138000.0,117012.0,"Python, R, SQL"
Other Tech Role,"Los Angeles, CA",California,Mid,On-site,152000.0,116424.0,"C++, Scala, Python"
Other Tech Role,"Los Angeles, CA",California,Mid,Hybrid,142500.0,117993.0,"Python, Scala, Java"
ML/AI Engineer,"Los Angeles, CA",California,Mid,Hybrid,140000.0,120210.0,"Julia, Go, Scala, Python"
ML/AI Engineer,"Los Angeles, CA",California,Mid,On-site,142500.0,117012.0,"Go, Python"
Other Tech Role,"Los Angeles, CA",California,Mid,Hybrid,150500.0,117993.0,"Scala, Python"
Data Scientist,"Los Angeles, CA",California,Mid,Hybrid,136000.0,125259.0,"Scala, SQL, Julia, Python"
Data Scientist,"Los Angeles, CA",California,Mid,Hybrid,139000.0,125259.0,"SQL, Python"
ML/AI Engineer,"Los Angeles, CA",California,Mid,On-site,138500.0,117012.0,"Scala, Python"
ML/AI Engineer,"Los Angeles, CA",California,Mid,Hybrid,151500.0,120210.0,"Scala, Python, C++"
ML/AI Engineer,"Los Angeles, CA",California,Mid,Hybrid,131500.0,120210.0,Python
ML/AI Engineer,"Los Angeles, CA",California,Mid,Hybrid,158500.0,120210.0,"Java, Bash, Python"
Other Tech Role,"Los Angeles, CA",California,Mid,Hybrid,139000.0,117993.0,"Julia, Python"
ML/AI Engineer,"Los Angeles, CA",California,Mid,Hybrid,155500.0,120210.0,"Scala, Python, C++"
Other Tech Role,"Los Angeles, CA",California,Mid,On-site,139500.0,116424.0,"Python, SQL, Java"
Other Tech Role,"Los Angeles, CA",California,Mid,Hybrid,152000.0,117993.0,Python
ML/AI Engineer,"Los Angeles, CA",California,Mid,Hybrid,143000.0,120210.0,"Scala, Julia, SQL, Python"
ML/AI Engineer,"Los Angeles, CA",California,Mid,On-site,145500.0,117012.0,"Python, SQL, Java"
ML/AI Engineer,"Los Angeles, CA",California,Mid,Hybrid,154000.0,120210.0,"R, Python"
Data Engineer,"Los Angeles, CA",California,Mid,Hybrid,130500.0,116901.0,"Java, SQL, Python"
Other Tech Role,"Los Angeles, CA",California,Mid,On-site,151000.0,116424.0,"Scala, Python"
Other Tech Role,"Los Angeles, CA",California,Mid,Hybrid,139500.0,117993.0,"Java, SQL, Scala, Python"
ML/AI Engineer,"Los Angeles, CA",California,Mid,Hybrid,137000.0,120210.0,"Julia, Python"
ML/AI Engineer,"Los Angeles, CA",California,Mid,Hybrid,155000.0,120210.0,"Go, Python"
ML/AI Engineer,"Los Angeles, CA",California,Mid,Hybrid,157500.0,120210.0,"Scala, Java, Python"
ML/AI Engineer,"Los Angeles, CA",California,Mid,Hybrid,136500.0,120210.0,"Scala, R"
ML/AI Engineer,"Los Angeles, CA",California,Mid,On-site,145500.0,117012.0,"SQL, Bash, Python"
ML/AI Engineer,"Los Angeles, CA",California,Mid,Hybrid,148500.0,120210.0,"Bash, C++, Python"
ML/AI Engineer,"Los Angeles, CA",California,Mid,Hybrid,151500.0,120210.0,"Python, Go"
Data Scientist,"Los Angeles, CA",California,Mid,Hybrid,139000.0,125259.0,"Java, SQL, Python"
ML/AI Engineer,"Los Angeles, CA",California,Mid,On-site,152000.0,117012.0,"Java, Python"
ML/AI Engineer,"Los Angeles, CA",California,Mid,Hybrid,150000.0,120210.0,"Go, Python"
Other Tech Role,"Los Angeles, CA",California,Mid,On-site,137500.0,116424.0,"C++, Python"
ML/AI Engineer,"Los Angeles, CA",California,Mid,Hybrid,134500.0,120210.0,"C++, Java, Python"
Other Tech Role,"Los Angeles, CA",California,Mid,Hybrid,150500.0,117993.0,"Scala, Julia, Python"
Other Tech Role,"Los Angeles, CA",California,Mid,Hybrid,144500.0,117993.0,"SQL, Julia, Scala, Python"
Other Tech Role,"Los Angeles, CA",California,Mid,Hybrid,136000.0,117993.0,"Julia, Python"
ML/AI Engineer,"Los Angeles, CA",California,Mid,Hybrid,151500.0,120210.0,"Python, Julia, Scala"
ML/AI Engineer,"Los Angeles, CA",California,Mid,On-site,150000.0,117012.0,"SQL, Julia, Python"
Other Tech Role,"Los Angeles, CA",California,Mid,On-site,152000.0,116424.0,"R, C++, Scala, Python"
Data Engineer,"Los Angeles, CA",California,Mid,On-site,148000.0,124406.0,Python
ML/AI Engineer,"Los Angeles, CA",California,Mid,Hybrid,144000.0,120210.0,"Go, Python"
Other Tech Role,"Los Angeles, CA",California,Mid,Hybrid,135500.0,117993.0,"Java, SQL"
ML/AI Engineer,"Los Angeles, CA",California,Mid,Hybrid,133000.0,120210.0,"Go, Bash, Python"
Other Tech Role,"Los Angeles, CA",California,Mid,On-site,147500.0,116424.0,"SQL, Python"
Data Scientist,"Los Angeles, CA",California,Mid,Hybrid,159000.0,125259.0,"Java, Scala, C++, Python"
Other Tech Role,"Los Angeles, CA",California,Mid,Hybrid,139000.0,117993.0,"Julia, Python"
Other Tech Role,"Los Angeles, CA",California,Mid,On-site,141000.0,116424.0,"Java, Python"
Data Engineer,"Los Angeles, CA",California,Mid,Hybrid,146000.0,116901.0,"Java, Python"
ML/AI Engineer,"Los Angeles, CA",California,Mid,On-site,138500.0,117012.0,"SQL, C++, Scala, Python"
ML/AI Engineer,"Los Angeles, CA",California,Mid,On-site,150000.0,117012.0,"Java, C++, Python"
Other Tech Role,"Los Angeles, CA",California,Mid,Hybrid,142000.0,117993.0,"Scala, Julia, R, Python"
Other Tech Role,"Los Angeles, CA",California,Mid,On-site,145000.0,116424.0,"Scala, C++, Julia, Python"
ML/AI Engineer,"Los Angeles, CA",California,Mid,On-site,143000.0,117012.0,"Scala, Python, Bash"
ML/AI Engineer,"Los Angeles, CA",California,Mid,Hybrid,142000.0,120210.0,"Scala, Python"
Other Tech Role,"Los Angeles, CA",California,Mid,On-site,152000.0,116424.0,"R, Scala, Python"
Data Engineer,"Los Angeles, CA",California,Mid,Hybrid,143500.0,116901.0,"Java, Julia, SQL, Python"
ML/AI Engineer,"Los Angeles, CA",California,Mid,Hybrid,149000.0,120210.0,"SQL, Java, Python"
Other Tech Role,"Los Angeles, CA",California,Mid,Hybrid,156000.0,117993.0,"Bash, Julia, Go, Python"
Other Tech Role,"Los Angeles, CA",California,Mid,Hybrid,142000.0,117993.0,"Python, SQL, C++"
ML/AI Engineer,"Los Angeles, CA",California,Mid,Hybrid,134000.0,120210.0,"Scala, Bash"
ML/AI Engineer,"Los Angeles, CA",California,Mid,On-site,137500.0,117012.0,"Scala, R, Python"
ML/AI Engineer,"Los Angeles, CA",California,Mid,On-site,155500.0,117012.0,"C++, Python"
Other Tech Role,"Los Angeles, CA",California,Mid,Hybrid,143500.0,117993.0,"R, Python"
ML/AI Engineer,"Los Angeles, CA",California,Mid,On-site,137000.0,117012.0,SQL
Other Tech Role,"Los Angeles, CA",California,Mid,Hybrid,153000.0,117993.0,"Python, Java"
Other Tech Role,"Los Angeles, CA",California,Mid,On-site,138000.0,116424.0,"R, Python"
Other Tech Role,"Los Angeles, CA",California,Mid,Hybrid,152000.0,117993.0,"Java, Python"
Other Tech Role,"Los Angeles, CA",California,Mid,Hybrid,147000.0,117993.0,"R, Java, Python"
Other Tech Role,"Los Angeles, CA",California,Mid,Hybrid,138500.0,117993.0,"Julia, R, SQL, Python"
ML/AI Engineer,"Los Angeles, CA",California,Mid,On-site,149500.0,117012.0,"SQL, Python"
Other Tech Role,"Los Angeles, CA",California,Mid,Hybrid,137000.0,117993.0,"Julia, R, Python"
Other Tech Role,"Los Angeles, CA",California,Mid,On-site,142500.0,116424.0,"R, Java, C++, Python"
Other Tech Role,"Los Angeles, CA",California,Mid,Hybrid,153500.0,117993.0,"Java, R"
ML/AI Engineer,"Los Angeles, CA",California,Mid,On-site,145000.0,117012.0,"Julia, Bash, Go, Python"
ML/AI Engineer,"Los Angeles, CA",California,Mid,Hybrid,153500.0,120210.0,"C++, SQL, Bash, Python"
Other Tech Role,"Los Angeles, CA",California,Mid,Hybrid,137000.0,117993.0,"R, Java, SQL, Python"
Other Tech Role,"Los Angeles, CA",California,Mid,Hybrid,156000.0,117993.0,"R, Python"
ML/AI Engineer,"Los Angeles, CA",California,Mid,Hybrid,151500.0,120210.0,"Julia, Python"
ML/AI Engineer,"Los Angeles, CA",California,Mid,Hybrid,138500.0,120210.0,"Scala, R, Python"
ML/AI Engineer,"Los Angeles, CA",California,Mid,Hybrid,138500.0,120210.0,"Scala, R, Python"
ML/AI Engineer,"Los Angeles, CA",California,Mid,On-site,142000.0,117012.0,"Java, C++, Scala, Python"
ML/AI Engineer,"Los Angeles, CA",California,Mid,Hybrid,149500.0,120210.0,"Java, Julia, R, Python"
Other Tech Role,"Los Angeles, CA",California,Mid,Hybrid,147500.0,117993.0,"SQL, Go, Python"
Data Engineer,"Los Angeles, CA",California,Mid,On-site,132500.0,124406.0,"Bash, R, Python"
Other Tech Role,"Los Angeles, CA",California,Mid,Hybrid,140500.0,117993.0,"C++, Java, Scala, Python"
Other Tech Role,"Los Angeles, CA",California,Mid,On-site,136500.0,116424.0,"C++, R, Python"
ML/AI Engineer,"Los Angeles, CA",California,Mid,On-site,142000.0,117012.0,"Bash, Python, Java"
Other Tech Role,"Los Angeles, CA",California,Mid,On-site,149500.0,116424.0,"Scala, Python"
ML/AI Engineer,"Los Angeles, CA",California,Mid,Hybrid,148500.0,120210.0,"Go, Julia, Python"
Other Tech Role,"Los Angeles, CA",California,Mid,Hybrid,139500.0,117993.0,"R, Scala, Go, Python"
ML/AI Engineer,"Los Angeles, CA",California,Mid,On-site,149500.0,117012.0,"Bash, Scala, Go, Python"
ML/AI Engineer,"Los Angeles, CA",California,Mid,On-site,144500.0,117012.0,"C++, Python"
Other Tech Role,"Los Angeles, CA",California,Mid,On-site,145000.0,116424.0,"Java, Scala, Julia, Python"
ML/AI Engineer,"Los Angeles, CA",California,Mid,On-site,142500.0,117012.0,Python
ML/AI Engineer,"Los Angeles, CA",California,Mid,Hybrid,141500.0,120210.0,"C++, SQL, Bash, Python"
Data Scientist,"Los Angeles, CA",California,Mid,Hybrid,138000.0,125259.0,"Bash, Go, Scala, Python"
ML/AI Engineer,"Los Angeles, CA",California,Mid,Hybrid,144000.0,120210.0,"Bash, Python"
Other Tech Role,"Los Angeles, CA",California,Mid,On-site,137000.0,116424.0,"Julia, Bash, Scala, Python"
ML/AI Engineer,"Los Angeles, CA",California,Mid,Hybrid,131500.0,120210.0,SQL
ML/AI Engineer,"Los Angeles, CA",California,Mid,On-site,152000.0,117012.0,"Bash, Python"
Other Tech Role,"Los Angeles, CA",California,Mid,On-site,144000.0,116424.0,"Go, Scala, R, Python"
Data Engineer,"Los Angeles, CA",California,Mid,Hybrid,152000.0,116901.0,"R, Julia, Python"
ML/AI Engineer,"Los Angeles, CA",California,Mid,Hybrid,149000.0,120210.0,"R, Bash, Python"
Other Tech Role,"Los Angeles, CA",California,Mid,On-site,156500.0,116424.0,"SQL, Julia, Bash, Python"
Other Tech Role,"Los Angeles, CA",California,Mid,Hybrid,139000.0,117993.0,"SQL, Scala, C++, Python"
ML/AI Engineer,"Los Angeles, CA",California,Mid,Hybrid,146000.0,120210.0,"SQL, Python"
ML/AI Engineer,"Los Angeles, CA",California,Mid,Hybrid,133500.0,120210.0,"R, C++, Java, Python"
Other Tech Role,"Los Angeles, CA",California,Mid,Hybrid,137500.0,117993.0,"Scala, Java, Bash, Python"
ML/AI Engineer,"Los Angeles, CA",California,Mid,On-site,138500.0,117012.0,"SQL, Julia, Python"
ML/AI Engineer,"Los Angeles, CA",California,Mid,Hybrid,155500.0,120210.0,"Bash, R, Python"
ML/AI Engineer,"Los Angeles, CA",California,Mid,Hybrid,152000.0,120210.0,"R, Python"
ML/AI Engineer,"Los Angeles, CA",California,Mid,On-site,153500.0,117012.0,"Scala, Python"
ML/AI Engineer,"Los Angeles, CA",California,Mid,On-site,144500.0,117012.0,"Go, Python"
ML/AI Engineer,"Los Angeles, CA",California,Mid,Hybrid,148500.0,120210.0,"SQL, Bash, R, Python"
Other Tech Role,"Los Angeles, CA",California,Mid,Hybrid,153500.0,117993.0,"Scala, SQL, Python"
Other Tech Role,"Los Angeles, CA",California,Mid,On-site,140500.0,116424.0,"SQL, R, Python"
Other Tech Role,"Los Angeles, CA",California,Mid,On-site,141000.0,116424.0,"Java, Python"
Data Engineer,"Los Angeles, CA",California,Mid,Hybrid,145000.0,116901.0,"Java, Python"
ML/AI Engineer,"Los Angeles, CA",California,Mid,On-site,133500.0,117012.0,"Go, Python"
ML/AI Engineer,"Los Angeles, CA",California,Mid,Hybrid,155000.0,120210.0,"Go, Python"
Other Tech Role,"Los Angeles, CA",California,Mid,Hybrid,156500.0,117993.0,"R, SQL, Bash, Python"
Other Tech Role,"Los Angeles, CA",California,Mid,Hybrid,154000.0,117993.0,"Scala, Julia, Python"
ML/AI Engineer,"Los Angeles, CA",California,Mid,Hybrid,143500.0,120210.0,"Scala, SQL, Julia, Python"
Data Engineer,"Los Angeles, CA",California,Mid,On-site,146500.0,124406.0,"Python, Scala, Bash"
ML/AI Engineer,"Los Angeles, CA",California,Mid,On-site,145000.0,117012.0,"Java, Python"
Other Tech Role,"Los Angeles, CA",California,Mid,On-site,144500.0,116424.0,"Scala, Python"
ML/AI Engineer,Melbourne,Other US,Mid,Hybrid,114500.0,120916.0,"R, Python"
ML/AI Engineer,Melbourne,Other US,Mid,On-site,102500.0,120776.0,"Bash, Julia, Python"
Other Tech Role,Melbourne,Other US,Mid,Hybrid,98000.0,120157.0,"SQL, Bash, Python"
ML/AI Engineer,Melbourne,Other US,Mid,Hybrid,108000.0,120916.0,"Go, Java, Python"
Other Tech Role,Melbourne,Other US,Mid,Hybrid,109000.0,120157.0,"Bash, Python"
Data Engineer,Melbourne,Other US,Mid,Hybrid,107000.0,120816.0,"Bash, R, Julia"
Data Scientist,Melbourne,Other US,Mid,Hybrid,112000.0,119213.0,"Go, Python, C++"
Data Scientist,Melbourne,Other US,Mid,Hybrid,105000.0,119213.0,"Julia, Python"
Data Scientist,Melbourne,Other US,Mid,On-site,96500.0,122488.0,"Bash, Julia, Python"
Data Scientist,Melbourne,Other US,Mid,Hybrid,101000.0,119213.0,"C++, Python"
Other Tech Role,Melbourne,Other US,Mid,Hybrid,105000.0,120157.0,"Julia, SQL, Java, Python"
Other Tech Role,Melbourne,Other US,Mid,Hybrid,110000.0,120157.0,"Scala, Python"
ML/AI Engineer,Melbourne,Other US,Mid,Hybrid,109500.0,120916.0,"Scala, SQL, Python"
ML/AI Engineer,Melbourne,Other US,Mid,Hybrid,104500.0,120916.0,"SQL, Julia, R, Python"
ML/AI Engineer,Melbourne,Other US,Mid,On-site,116000.0,120776.0,"Go, C++, Python"
Other Tech Role,Melbourne,Other US,Mid,Hybrid,106000.0,120157.0,"Bash, SQL, Python"
ML/AI Engineer,Melbourne,Other US,Mid,Hybrid,96000.0,120916.0,"Python, Bash, Java"
Other Tech Role,Melbourne,Other US,Mid,Hybrid,105000.0,120157.0,"Julia, Python"
Other Tech Role,Melbourne,Other US,Mid,Hybrid,114500.0,120157.0,"Go, Python"
ML/AI Engineer,Melbourne,Other US,Mid,On-site,99000.0,120776.0,"Go, Python"
ML/AI Engineer,Melbourne,Other US,Mid,Hybrid,103000.0,120916.0,"R, Julia, Python"
ML/AI Engineer,Melbourne,Other US,Mid,Hybrid,107500.0,120916.0,"Julia, Scala, C++, Python"
Other Tech Role,Melbourne,Other US,Mid,Hybrid,105000.0,120157.0,"C++, Go, Python"
Other Tech Role,Melbourne,Other US,Mid,On-site,104000.0,122470.0,"Bash, R, Go, Python"
Other Tech Role,Melbourne,Other US,Mid,Hybrid,114500.0,120157.0,"Go, Bash, Python"
Data Scientist,Melbourne,Other US,Mid,On-site,110000.0,122488.0,"Scala, Python"
Other Tech Role,Melbourne,Other US,Mid,On-site,111500.0,122470.0,Python
ML/AI Engineer,Melbourne,Other US,Mid,Hybrid,112000.0,120916.0,"R, Bash, Java, Python"
ML/AI Engineer,Melbourne,Other US,Mid,On-site,96500.0,120776.0,"R, Python"
ML/AI Engineer,Melbourne,Other US,Mid,Hybrid,99500.0,120916.0,"Scala, Java, SQL, Python"
Other Tech Role,Melbourne,Other US,Mid,Hybrid,113000.0,120157.0,"Python, Julia, Java"
Other Tech Role,Melbourne,Other US,Mid,Hybrid,100000.0,120157.0,"SQL, Python"
Other Tech Role,Melbourne,Other US,Mid,Hybrid,102500.0,120157.0,"Bash, SQL, Go, Python"
ML/AI Engineer,Melbourne,Other US,Mid,Hybrid,104500.0,120916.0,"Bash, Julia, C++, Python"
ML/AI Engineer,Melbourne,Other US,Mid,On-site,116500.0,120776.0,"C++, Go, Python"
Other Tech Role,Melbourne,Other US,Mid,On-site,99000.0,122470.0,"SQL, R, Python"
Other Tech Role,Melbourne,Other US,Mid,Hybrid,103000.0,120157.0,"Scala, Go, Python"
ML/AI Engineer,Melbourne,Other US,Mid,Hybrid,109000.0,120916.0,"Bash, Python"
ML/AI Engineer,Melbourne,Other US,Mid,On-site,108000.0,120776.0,"Python, C++, Go"
ML/AI Engineer,Melbourne,Other US,Mid,Hybrid,101000.0,120916.0,"SQL, Python"
ML/AI Engineer,Melbourne,Other US,Mid,On-site,115000.0,120776.0,"R, Bash, Julia, Python"
ML/AI Engineer,Melbourne,Other US,Mid,On-site,117000.0,120776.0,"R, Scala, Python"
Other Tech Role,Melbourne,Other US,Mid,Hybrid,113000.0,120157.0,"Java, Go, Python"
ML/AI Engineer,Melbourne,Other US,Mid,On-site,109000.0,120776.0,"Java, R, SQL, Python"
ML/AI Engineer,Melbourne,Other US,Mid,On-site,110500.0,120776.0,"Julia, Python"
ML/AI Engineer,Melbourne,Other US,Mid,On-site,110000.0,120776.0,Python
Other Tech Role,Melbourne,Other US,Mid,Hybrid,102000.0,120157.0,"SQL, Python"
Other Tech Role,Melbourne,Other US,Mid,Hybrid,109500.0,120157.0,"C++, Python"
Other Tech Role,Melbourne,Other US,Mid,On-site,115000.0,122470.0,"Python, Bash, Go"
ML/AI Engineer,Melbourne,Other US,Mid,Hybrid,103500.0,120916.0,"R, Julia, Python"
ML/AI Engineer,Melbourne,Other US,Mid,Hybrid,102000.0,120916.0,"Python, R, Java"
Other Tech Role,Melbourne,Other US,Mid,Hybrid,100500.0,120157.0,Python
Other Tech Role,Melbourne,Other US,Mid,On-site,104000.0,122470.0,"R, SQL, Julia, Python"
ML/AI Engineer,Melbourne,Other US,Mid,On-site,103000.0,120776.0,"SQL, R, Scala, Python"
Other Tech Role,Melbourne,Other US,Mid,Hybrid,113000.0,120157.0,"R, Python, SQL"
Other Tech Role,Melbourne,Other US,Mid,On-site,107500.0,122470.0,"SQL, Java, Python"
Other Tech Role,Melbourne,Other US,Mid,Hybrid,109000.0,120157.0,"SQL, Bash, Python"
Data Scientist,Melbourne,Other US,Mid,Hybrid,97000.0,119213.0,"Scala, Python"
Other Tech Role,Melbourne,Other US,Mid,Hybrid,98000.0,120157.0,Python
ML/AI Engineer,Melbourne,Other US,Mid,On-site,100500.0,120776.0,"Bash, Python"
ML/AI Engineer,Melbourne,Other US,Mid,Hybrid,117500.0,120916.0,"R, Python"
Other Tech Role,Melbourne,Other US,Mid,Hybrid,103000.0,120157.0,"Java, Julia, Python"
Other Tech Role,Melbourne,Other US,Mid,Hybrid,104500.0,120157.0,Python
Other Tech Role,Melbourne,Other US,Mid,On-site,102000.0,122470.0,"R, Bash, Python"
ML/AI Engineer,Melbourne,Other US,Mid,On-site,105500.0,120776.0,"SQL, Scala, Python"
ML/AI Engineer,Melbourne,Other US,Mid,Hybrid,101500.0,120916.0,"Java, Python"
ML/AI Engineer,Melbourne,Other US,Mid,Hybrid,103500.0,120916.0,"C++, Java, Python"
ML/AI Engineer,Melbourne,Other US,Mid,Hybrid,104000.0,120916.0,"R, Python"
ML/AI Engineer,Melbourne,Other US,Mid,Hybrid,116500.0,120916.0,"SQL, C++, Python"
ML/AI Engineer,Melbourne,Other US,Mid,Hybrid,106000.0,120916.0,"Go, Julia, Python"
ML/AI Engineer,Melbourne,Other US,Mid,On-site,105500.0,120776.0,"Go, Bash, Python"
Other Tech Role,Melbourne,Other US,Mid,Hybrid,111000.0,120157.0,"Go, Java, SQL, Python"
Other Tech Role,Melbourne,Other US,Mid,Hybrid,102000.0,120157.0,"Python, R, SQL"
ML/AI Engineer,Melbourne,Other US,Mid,Hybrid,113500.0,120916.0,"Julia, Python, Bash"
ML/AI Engineer,Melbourne,Other US,Mid,On-site,113000.0,120776.0,"R, Python"
ML/AI Engineer,Melbourne,Other US,Mid,Hybrid,115500.0,120916.0,"Bash, Java, R, Python"
ML/AI Engineer,Melbourne,Other US,Mid,On-site,100500.0,120776.0,"Go, Python"
ML/AI Engineer,Melbourne,Other US,Mid,Hybrid,103500.0,120916.0,Python
Data Engineer,Melbourne,Other US,Mid,Hybrid,112500.0,120816.0,"Python, Java"
Other Tech Role,Melbourne,Other US,Mid,Hybrid,99500.0,120157.0,"Java, Scala, Go, Python"
ML/AI Engineer,Melbourne,Other US,Mid,On-site,109000.0,120776.0,"R, Go, Java, Python"
Other Tech Role,Melbourne,Other US,Mid,Hybrid,101000.0,120157.0,"Bash, Python, Julia"
Other Tech Role,Melbourne,Other US,Mid,On-site,106000.0,122470.0,"Go, Python"
Other Tech Role,Melbourne,Other US,Mid,Hybrid,108000.0,120157.0,"R, C++, Julia, Python"
Other Tech Role,Melbourne,Other US,Mid,Hybrid,97000.0,120157.0,"Julia, Go, Python"
Other Tech Role,Melbourne,Other US,Mid,Hybrid,110000.0,120157.0,"Scala, Go, Python"
ML/AI Engineer,Melbourne,Other US,Mid,Hybrid,107500.0,120916.0,"C++, Python"
Other Tech Role,Melbourne,Other US,Mid,Hybrid,108000.0,120157.0,"Bash, Python"
ML/AI Engineer,Melbourne,Other US,Mid,Hybrid,108500.0,120916.0,"R, Python"
ML/AI Engineer,Melbourne,Other US,Mid,On-site,98500.0,120776.0,"R, Bash, Python"
Other Tech Role,Melbourne,Other US,Mid,Hybrid,103000.0,120157.0,Bash
Other Tech Role,Melbourne,Other US,Mid,Hybrid,108000.0,120157.0,"Scala, Bash, Python"
ML/AI Engineer,Melbourne,Other US,Mid,Hybrid,103500.0,120916.0,"Bash, Python"
Other Tech Role,Melbourne,Other US,Mid,Hybrid,97500.0,120157.0,"Java, Python, Julia"
Other Tech Role,Melbourne,Other US,Mid,Hybrid,105000.0,120157.0,"Java, SQL, Python"
Data Engineer,Melbourne,Other US,Mid,Hybrid,117500.0,120816.0,"Go, Python"
Other Tech Role,Melbourne,Other US,Mid,Hybrid,96000.0,120157.0,"SQL, Julia, Python"
ML/AI Engineer,Melbourne,Other US,Mid,Hybrid,108500.0,120916.0,"C++, Java, Python"
ML/AI Engineer,Melbourne,Other US,Mid,Hybrid,113500.0,120916.0,"SQL, R, Java, Python"
Other Tech Role,Melbourne,Other US,Mid,On-site,106000.0,122470.0,"SQL, Scala, C++, Python"
Data Engineer,Melbourne,Other US,Mid,On-site,102500.0,120396.0,"C++, Go, Scala, Python"
Other Tech Role,Melbourne,Other US,Mid,On-site,107000.0,122470.0,"Scala, Go, Julia, Python"
ML/AI Engineer,Melbourne,Other US,Mid,On-site,102000.0,120776.0,"Python, C++, SQL"
ML/AI Engineer,Melbourne,Other US,Mid,Hybrid,114000.0,120916.0,"Java, Scala, Python"
Other Tech Role,Melbourne,Other US,Mid,Hybrid,111000.0,120157.0,"Go, R, Python"
Other Tech Role,Melbourne,Other US,Mid,On-site,103500.0,122470.0,"SQL, Bash, Julia, Python"
ML/AI Engineer,Melbourne,Other US,Mid,Hybrid,104000.0,120916.0,"Python, Julia, R"
Other Tech Role,Melbourne,Other US,Mid,On-site,111000.0,122470.0,"Scala, R, Python"
Other Tech Role,Melbourne,Other US,Mid,Hybrid,100500.0,120157.0,"Bash, Python"
Data Scientist,Melbourne,Other US,Mid,Hybrid,112500.0,119213.0,"R, Scala, Bash, Python"
ML/AI Engineer,Melbourne,Other US,Mid,Hybrid,98500.0,120916.0,"Scala, SQL, Python"
ML/AI Engineer,Melbourne,Other US,Mid,Hybrid,103500.0,120916.0,"R, Julia, Go, Python"
Other Tech Role,Melbourne,Other US,Mid,Hybrid,108500.0,120157.0,"Go, Python"
Other Tech Role,Melbourne,Other US,Mid,On-site,95000.0,122470.0,"Go, C++, Python"
Other Tech Role,Melbourne,Other US,Mid,Hybrid,103500.0,120157.0,Python
ML/AI Engineer,Melbourne,Other US,Mid,Hybrid,108000.0,120916.0,"SQL, Python"
ML/AI Engineer,Melbourne,Other US,Mid,Hybrid,103000.0,120916.0,Java
ML/AI Engineer,Melbourne,Other US,Mid,Hybrid,108500.0,120916.0,"SQL, C++, Julia, Python"
Other Tech Role,Melbourne,Other US,Mid,On-site,104500.0,122470.0,"C++, Python"
Other Tech Role,Melbourne,Other US,Mid,Hybrid,99500.0,120157.0,"C++, SQL, Python"
Other Tech Role,Melbourne,Other US,Mid,On-site,111000.0,122470.0,"Python, Julia, SQL"
Other Tech Role,Melbourne,Other US,Mid,On-site,104500.0,122470.0,"SQL, Bash, Python"
Other Tech Role,Melbourne,Other US,Mid,Hybrid,98000.0,120157.0,"Java, Bash, Python"
ML/AI Engineer,Melbourne,Other US,Mid,On-site,107000.0,120776.0,"Go, Java, Python"
Other Tech Role,Melbourne,Other US,Mid,Hybrid,101000.0,120157.0,"Java, Python"
Other Tech Role,Melbourne,Other US,Mid,Hybrid,114500.0,120157.0,"Julia, C++, Python"
Other Tech Role,Melbourne,Other US,Mid,Hybrid,107000.0,120157.0,"Bash, C++, Python"
Data Scientist,Melbourne,Other US,Mid,Hybrid,105000.0,119213.0,Bash
Other Tech Role,Melbourne,Other US,Mid,Hybrid,101000.0,120157.0,"C++, Bash, Scala"
Other Tech Role,Melbourne,Other US,Mid,On-site,108000.0,122470.0,"C++, Scala, Go, Python"
ML/AI Engineer,Melbourne,Other US,Mid,Hybrid,109000.0,120916.0,"Scala, C++, Python"
ML/AI Engineer,Melbourne,Other US,Mid,Hybrid,96000.0,120916.0,"Julia, C++, Java, Python"
ML/AI Engineer,Melbourne,Other US,Mid,On-site,99500.0,120776.0,"Go, Java, Python"
Other Tech Role,Melbourne,Other US,Mid,On-site,105500.0,122470.0,"C++, Scala, Python"
Data Engineer,Melbourne,Other US,Mid,Hybrid,117500.0,120816.0,"C++, Go, Java, Python"
ML/AI Engineer,Melbourne,Other US,Mid,Hybrid,116000.0,120916.0,"R, Bash, Python"
Other Tech Role,Melbourne,Other US,Mid,Hybrid,111000.0,120157.0,"Java, Scala, Python"
Other Tech Role,Melbourne,Other US,Mid,Hybrid,103000.0,120157.0,SQL
ML/AI Engineer,Melbourne,Other US,Mid,On-site,106500.0,120776.0,"Go, Python"
ML/AI Engineer,Melbourne,Other US,Mid,Hybrid,100500.0,120916.0,"Go, Julia, Scala, Python"
ML/AI Engineer,Melbourne,Other US,Mid,On-site,111000.0,120776.0,"R, C++, Python"
Other Tech Role,Melbourne,Other US,Mid,On-site,103500.0,122470.0,Python
Other Tech Role,Melbourne,Other US,Mid,On-site,108000.0,122470.0,"Scala, Python"
Other Tech Role,Melbourne,Other US,Mid,On-site,112000.0,122470.0,"Java, SQL, C++, Python"
Other Tech Role,Melbourne,Other US,Mid,Hybrid,114500.0,120157.0,"R, Scala, SQL, Python"
ML/AI Engineer,Melbourne,Other US,Mid,Hybrid,113500.0,120916.0,"C++, Python"
ML/AI Engineer,Melbourne,Other US,Mid,Hybrid,109000.0,120916.0,Python
Other Tech Role,Melbourne,Other US,Mid,Hybrid,104000.0,120157.0,"SQL, Bash, R"
Data Scientist,Melbourne,Other US,Mid,Hybrid,100500.0,119213.0,"Scala, Python, SQL"
Other Tech Role,Melbourne,Other US,Mid,On-site,103500.0,122470.0,"Bash, Python"
Other Tech Role,Melbourne,Other US,Mid,Hybrid,110000.0,120157.0,"Java, Go, Python"
ML/AI Engineer,Melbourne,Other US,Mid,On-site,102500.0,120776.0,"Go, Julia, Python"
Other Tech Role,Melbourne,Other US,Mid,Hybrid,106500.0,120157.0,"SQL, Python"
ML/AI Engineer,Melbourne,Other US,Mid,Hybrid,107500.0,120916.0,"Python, Go"
Other Tech Role,Melbourne,Other US,Mid,Hybrid,103500.0,120157.0,"Scala, Python"
Other Tech Role,Melbourne,Other US,Mid,Hybrid,111500.0,120157.0,"Java, SQL, Go, Python"
Data Scientist,Melbourne,Other US,Mid,On-site,110000.0,122488.0,"Java, Go, Python"
ML/AI Engineer,Melbourne,Other US,Mid,Hybrid,108500.0,120916.0,"Go, Python"
ML/AI Engineer,Melbourne,Other US,Mid,On-site,111500.0,120776.0,"C++, Julia, Python"
Other Tech Role,Melbourne,Other US,Mid,Hybrid,107500.0,120157.0,"Julia, Python"
Other Tech Role,Melbourne,Other US,Mid,Hybrid,111500.0,120157.0,"C++, Python, Julia"
Other Tech Role,Melbourne,Other US,Mid,Hybrid,102500.0,120157.0,"R, Go, C++, Python"
Other Tech Role,Melbourne,Other US,Mid,Hybrid,116000.0,120157.0,"SQL, Python"
ML/AI Engineer,Melbourne,Other US,Mid,On-site,102500.0,120776.0,"Scala, Bash, Python"
ML/AI Engineer,Melbourne,Other US,Mid,On-site,105000.0,120776.0,"C++, SQL, Java, Python"
ML/AI Engineer,Melbourne,Other US,Mid,Hybrid,97500.0,120916.0,"Java, Python"
Data Engineer,Melbourne,Other US,Mid,Hybrid,109000.0,120816.0,"Scala, Python"
ML/AI Engineer,Melbourne,Other US,Mid,Hybrid,105000.0,120916.0,"Scala, Python"
ML/AI Engineer,Melbourne,Other US,Mid,On-site,109000.0,120776.0,"SQL, Python"
Other Tech Role,Melbourne,Other US,Mid,Hybrid,98000.0,120157.0,"R, Python"
Other Tech Role,Melbourne,Other US,Mid,Hybrid,103500.0,120157.0,"SQL, Python"
ML/AI Engineer,Melbourne,Other US,Mid,Hybrid,114000.0,120916.0,"SQL, Go, R, Python"
ML/AI Engineer,Melbourne,Other US,Mid,On-site,105500.0,120776.0,"Julia, R, SQL, Python"
Other Tech Role,Melbourne,Other US,Mid,Hybrid,99000.0,120157.0,"Julia, Python"
Data Scientist,Melbourne,Other US,Mid,On-site,107000.0,122488.0,"SQL, Python"
ML/AI Engineer,Melbourne,Other US,Mid,Hybrid,105000.0,120916.0,"Julia, Python"
Other Tech Role,Melbourne,Other US,Mid,On-site,103000.0,122470.0,"C++, SQL, Python"
ML/AI Engineer,Melbourne,Other US,Mid,On-site,105000.0,120776.0,"Java, Bash, Python"
ML/AI Engineer,Melbourne,Other US,Mid,Hybrid,113000.0,120916.0,"C++, Go, Julia, Python"
ML/AI Engineer,Melbourne,Other US,Mid,On-site,116000.0,120776.0,"Java, Python"
ML/AI Engineer,Melbourne,Other US,Mid,Hybrid,106500.0,120916.0,"R, Go, Python"
Other Tech Role,Melbourne,Other US,Mid,On-site,103000.0,122470.0,"SQL, Julia, Bash, Python"
Other Tech Role,Melbourne,Other US,Mid,On-site,106000.0,122470.0,"R, Julia, Go, Python"
Other Tech Role,Melbourne,Other US,Mid,On-site,110500.0,122470.0,"SQL, Go, Julia, Python"
ML/AI Engineer,Melbourne,Other US,Mid,On-site,114000.0,120776.0,"C++, Scala, Python"
Other Tech Role,Melbourne,Other US,Mid,Hybrid,117000.0,120157.0,"R, Go, Python"
ML/AI Engineer,Melbourne,Other US,Mid,On-site,98000.0,120776.0,"Scala, Go, Python"
ML/AI Engineer,Melbourne,Other US,Mid,Hybrid,96000.0,120916.0,"Julia, Python"
Other Tech Role,Melbourne,Other US,Mid,Hybrid,106000.0,120157.0,"Julia, Java, Go, Python"
Data Engineer,Melbourne,Other US,Mid,Hybrid,109000.0,120816.0,Go
ML/AI Engineer,Melbourne,Other US,Mid,Hybrid,113000.0,120916.0,"Java, Python"
ML/AI Engineer,Melbourne,Other US,Mid,Hybrid,106500.0,120916.0,"R, Go, C++, Python"
Other Tech Role,Melbourne,Other US,Mid,Hybrid,108000.0,120157.0,"C++, Python, Go"
ML/AI Engineer,Melbourne,Other US,Mid,Hybrid,109500.0,120916.0,"Scala, Bash, Python"
ML/AI Engineer,Melbourne,Other US,Mid,On-site,98500.0,120776.0,"SQL, Python"
ML/AI Engineer,Melbourne,Other US,Mid,Hybrid,104500.0,120916.0,"Bash, SQL, Go, Python"
ML/AI Engineer,Melbourne,Other US,Mid,Hybrid,112500.0,120916.0,"R, Bash, Java"
ML/AI Engineer,Melbourne,Other US,Mid,Hybrid,112000.0,120916.0,"Bash, Scala, Python"
Other Tech Role,Melbourne,Other US,Mid,Hybrid,108500.0,120157.0,"Java, Scala, Python"
Other Tech Role,Melbourne,Other US,Mid,Hybrid,116500.0,120157.0,"Java, C++, Python"
Other Tech Role,Melbourne,Other US,Mid,Hybrid,117500.0,120157.0,"Java, Julia, Bash, Python"
ML/AI Engineer,Melbourne,Other US,Mid,On-site,104000.0,120776.0,"Scala, Python"
ML/AI Engineer,Melbourne,Other US,Mid,Hybrid,110500.0,120916.0,"R, Python"
ML/AI Engineer,Melbourne,Other US,Mid,Hybrid,101000.0,120916.0,"C++, Python"
Other Tech Role,Melbourne,Other US,Mid,Hybrid,104000.0,120157.0,"R, Python"
ML/AI Engineer,Melbourne,Other US,Mid,Hybrid,105000.0,120916.0,"Bash, Python"
ML/AI Engineer,Melbourne,Other US,Mid,Hybrid,115000.0,120916.0,"SQL, Python"
Other Tech Role,Melbourne,Other US,Mid,On-site,105000.0,122470.0,"Bash, Python"
ML/AI Engineer,Melbourne,Other US,Mid,Hybrid,112000.0,120916.0,"Java, Python"
ML/AI Engineer,Melbourne,Other US,Mid,On-site,110000.0,120776.0,"Scala, Python"
ML/AI Engineer,Melbourne,Other US,Mid,On-site,104000.0,120776.0,"Bash, Python"
Data Scientist,Melbourne,Other US,Mid,On-site,104000.0,122488.0,"R, C++, Python"
ML/AI Engineer,Melbourne,Other US,Mid,Hybrid,105000.0,120916.0,"Go, Python"
ML/AI Engineer,Melbourne,Other US,Mid,Hybrid,96000.0,120916.0,"Go, Python"
Other Tech Role,Melbourne,Other US,Mid,Hybrid,102000.0,120157.0,"C++, Julia, Java, Python"
Other Tech Role,Melbourne,Other US,Mid,Hybrid,114500.0,120157.0,"Scala, Python"
Other Tech Role,Melbourne,Other US,Mid,Hybrid,104500.0,120157.0,"Go, C++, Python"
Other Tech Role,Melbourne,Other US,Mid,Hybrid,101500.0,120157.0,Python
Data Engineer,Melbourne,Other US,Mid,Hybrid,109000.0,120816.0,"Julia, Scala, R, Python"
Data Scientist,Melbourne,Other US,Mid,On-site,110500.0,122488.0,"Python, Bash"
Other Tech Role,Melbourne,Other US,Mid,Hybrid,109000.0,120157.0,"Julia, Bash, Python"
Other Tech Role,Melbourne,Other US,Mid,Hybrid,107000.0,120157.0,"Scala, Python"
ML/AI Engineer,Melbourne,Other US,Mid,Hybrid,109000.0,120916.0,"Julia, C++, Python"
Other Tech Role,Melbourne,Other US,Mid,On-site,115500.0,122470.0,"Bash, Python"
Other Tech Role,Melbourne,Other US,Mid,Hybrid,104500.0,120157.0,"Python, Scala, Go"
ML/AI Engineer,Melbourne,Other US,Mid,Hybrid,110000.0,120916.0,"C++, Bash, Scala, Python"
ML/AI Engineer,Melbourne,Other US,Mid,On-site,105000.0,120776.0,"Java, Bash, SQL, Python"
ML/AI Engineer,Melbourne,Other US,Mid,On-site,104000.0,120776.0,"C++, Scala, Python"
ML/AI Engineer,Melbourne,Other US,Mid,Hybrid,101000.0,120916.0,"SQL, Go, Python"
Other Tech Role,Melbourne,Other US,Mid,Hybrid,103000.0,120157.0,"Scala, R, Python"
Other Tech Role,Melbourne,Other US,Mid,Hybrid,95000.0,120157.0,"Go, Python"
Data Engineer,Melbourne,Other US,Mid,On-site,106000.0,120396.0,"Java, R, Scala, Python"
Data Engineer,Melbourne,Other US,Mid,On-site,113500.0,120396.0,Bash
ML/AI Engineer,Melbourne,Other US,Mid,Hybrid,109000.0,120916.0,"R, Scala, Bash, Python"
ML/AI Engineer,Melbourne,Other US,Mid,Hybrid,104000.0,120916.0,"Julia, C++, Python"
Other Tech Role,Melbourne,Other US,Mid,On-site,101000.0,122470.0,"Scala, Julia, C++, Python"
Other Tech Role,Melbourne,Other US,Mid,On-site,102000.0,122470.0,"Go, C++, Python"
ML/AI Engineer,Melbourne,Other US,Mid,Hybrid,101000.0,120916.0,"C++, SQL, Go, Python"
Other Tech Role,Melbourne,Other US,Mid,On-site,103000.0,122470.0,"Scala, Go, C++, Python"
Other Tech Role,Melbourne,Other US,Mid,Hybrid,108000.0,120157.0,"Bash, Julia, Python"
ML/AI Engineer,Melbourne,Other US,Mid,Hybrid,113000.0,120916.0,"Java, SQL, R, Python"
ML/AI Engineer,Melbourne,Other US,Mid,Hybrid,107500.0,120916.0,"Julia, Python"
Other Tech Role,Melbourne,Other US,Mid,Hybrid,107500.0,120157.0,"Java, Julia, Python"
Other Tech Role,Melbourne,Other US,Mid,On-site,103000.0,122470.0,SQL
Other Tech Role,Melbourne,Other US,Mid,On-site,103500.0,122470.0,"Python, R, Java"
ML/AI Engineer,Melbourne,Other US,Mid,Hybrid,111000.0,120916.0,"C++, Python"
ML/AI Engineer,Melbourne,Other US,Mid,Hybrid,104500.0,120916.0,"Julia, R, Python"
ML/AI Engineer,Melbourne,Other US,Mid,On-site,102500.0,120776.0,"Bash, Python"
ML/AI Engineer,Melbourne,Other US,Mid,Hybrid,100500.0,120916.0,SQL
Other Tech Role,Melbourne,Other US,Mid,Hybrid,98500.0,120157.0,"Bash, Java, Python"
Data Engineer,Melbourne,Other US,Mid,Hybrid,100500.0,120816.0,"SQL, Python"
Other Tech Role,Melbourne,Other US,Mid,Hybrid,107000.0,120157.0,"Bash, Python, Java"
ML/AI Engineer,Melbourne,Other US,Mid,Hybrid,112000.0,120916.0,"Java, Bash, Python"
ML/AI Engineer,Melbourne,Other US,Mid,On-site,105500.0,120776.0,"SQL, Python"
ML/AI Engineer,Melbourne,Other US,Mid,Hybrid,106000.0,120916.0,"Go, Python"
ML/AI Engineer,Melbourne,Other US,Mid,On-site,107000.0,120776.0,"Java, Python"
Other Tech Role,Melbourne,Other US,Mid,On-site,101000.0,122470.0,"SQL, Python"
ML/AI Engineer,Melbourne,Other US,Mid,Hybrid,114000.0,120916.0,"Go, Scala, C++, Python"
Other Tech Role,Melbourne,Other US,Mid,Hybrid,112500.0,120157.0,"Java, Python"
Other Tech Role,Melbourne,Other US,Mid,On-site,102000.0,122470.0,"Julia, Python"
Other Tech Role,Melbourne,Other US,Mid,On-site,99500.0,122470.0,"Scala, Go, SQL, Python"
Data Engineer,Melbourne,Other US,Mid,On-site,111500.0,120396.0,"Scala, Go, Python"
ML/AI Engineer,Melbourne,Other US,Mid,Hybrid,103000.0,120916.0,"Julia, Python"
ML/AI Engineer,Melbourne,Other US,Mid,On-site,109500.0,120776.0,"Julia, Python"
Other Tech Role,Melbourne,Other US,Mid,Hybrid,101000.0,120157.0,"SQL, Python"
Other Tech Role,Melbourne,Other US,Mid,Hybrid,101000.0,120157.0,"Julia, Python"
Other Tech Role,Melbourne,Other US,Mid,Hybrid,110000.0,120157.0,Bash
ML/AI Engineer,Melbourne,Other US,Mid,On-site,102500.0,120776.0,"Java, Python"
Other Tech Role,Melbourne,Other US,Mid,Hybrid,101500.0,120157.0,"Scala, Julia, SQL, Python"
Other Tech Role,Melbourne,Other US,Mid,On-site,104500.0,122470.0,"R, Python, Bash"
Other Tech Role,Melbourne,Other US,Mid,Hybrid,103000.0,120157.0,"Python, SQL, Java"
Other Tech Role,Melbourne,Other US,Mid,On-site,116500.0,122470.0,"R, Java, Bash, Python"
Other Tech Role,Melbourne,Other US,Mid,Hybrid,103000.0,120157.0,"Go, C++, Python"
ML/AI Engineer,Melbourne,Other US,Mid,Hybrid,105500.0,120916.0,"SQL, C++, Scala, Python"
ML/AI Engineer,Melbourne,Other US,Mid,Hybrid,116500.0,120916.0,"Java, Scala, Python"
Other Tech Role,Melbourne,Other US,Mid,Hybrid,105500.0,120157.0,"Java, Python"
Other Tech Role,Melbourne,Other US,Mid,On-site,115000.0,122470.0,"Go, SQL, Julia, Python"
ML/AI Engineer,Melbourne,Other US,Mid,Hybrid,98000.0,120916.0,"Go, R, Python"
ML/AI Engineer,Melbourne,Other US,Mid,Hybrid,101500.0,120916.0,"Julia, Bash, Python"
ML/AI Engineer,Melbourne,Other US,Mid,Hybrid,106000.0,120916.0,"R, SQL, Scala, Python"
ML/AI Engineer,Melbourne,Other US,Mid,Hybrid,113000.0,120916.0,"Java, Julia, C++, Python"
Other Tech Role,Melbourne,Other US,Mid,Hybrid,102500.0,120157.0,"Scala, Python, Java"
Other Tech Role,Melbourne,Other US,Mid,On-site,112500.0,122470.0,"SQL, R"
ML/AI Engineer,Melbourne,Other US,Mid,Hybrid,113000.0,120916.0,"R, Bash, Python"
ML/AI Engineer,Melbourne,Other US,Mid,Hybrid,110000.0,120916.0,"Scala, SQL, Python"
ML/AI Engineer,Melbourne,Other US,Mid,Hybrid,106000.0,120916.0,"Julia, Go, Python"
ML/AI Engineer,Melbourne,Other US,Mid,Hybrid,110500.0,120916.0,"Bash, Python, Julia"
ML/AI Engineer,Melbourne,Other US,Mid,On-site,98500.0,120776.0,"Java, Go, R, Python"
ML/AI Engineer,Melbourne,Other US,Mid,On-site,111000.0,120776.0,"C++, Python, Bash"
ML/AI Engineer,Melbourne,Other US,Mid,Hybrid,111000.0,120916.0,"Python, SQL"
ML/AI Engineer,Melbourne,Other US,Mid,Hybrid,107500.0,120916.0,"SQL, Bash, Python"
Other Tech Role,Melbourne,Other US,Mid,On-site,102000.0,122470.0,"Go, Python"
Other Tech Role,Melbourne,Other US,Mid,Hybrid,103500.0,120157.0,"Scala, Python"
Other Tech Role,Melbourne,Other US,Mid,Hybrid,111500.0,120157.0,"Julia, C++, Bash, Python"
Other Tech Role,Melbourne,Other US,Mid,Hybrid,107500.0,120157.0,"Python, Bash, R"
Other Tech Role,Melbourne,Other US,Mid,Hybrid,117000.0,120157.0,"Julia, Java, Python"
ML/AI Engineer,Melbourne,Other US,Mid,Hybrid,109000.0,120916.0,"C++, R, Python"
Other Tech Role,Melbourne,Other US,Mid,On-site,97000.0,122470.0,"C++, Go, R, Python"
Data Engineer,Melbourne,Other US,Mid,On-site,105500.0,120396.0,"Bash, Scala, Python"
Other Tech Role,Melbourne,Other US,Mid,On-site,106500.0,122470.0,"SQL, Python"
ML/AI Engineer,Melbourne,Other US,Mid,Hybrid,99000.0,120916.0,"Bash, Java, Python"
ML/AI Engineer,Melbourne,Other US,Mid,On-site,103500.0,120776.0,"Scala, Python"
ML/AI Engineer,Melbourne,Other US,Mid,Hybrid,102000.0,120916.0,"SQL, Java, Python"
Other Tech Role,Melbourne,Other US,Mid,On-site,97000.0,122470.0,"C++, Bash, Python"
ML/AI Engineer,Melbourne,Other US,Mid,Hybrid,105000.0,120916.0,"R, Python"
ML/AI Engineer,Melbourne,Other US,Mid,Hybrid,104500.0,120916.0,"Go, C++, R, Python"
Other Tech Role,Melbourne,Other US,Mid,Hybrid,102000.0,120157.0,"Scala, Go, Python"
Data Engineer,Melbourne,Other US,Mid,On-site,100000.0,120396.0,"Julia, SQL, Python"
Data Scientist,Melbourne,Other US,Mid,On-site,110500.0,122488.0,"C++, Python, Scala"
Data Scientist,Melbourne,Other US,Mid,Hybrid,108000.0,119213.0,"Scala, Python"
ML/AI Engineer,Melbourne,Other US,Mid,On-site,100500.0,120776.0,"Julia, Python, Scala"
Other Tech Role,Melbourne,Other US,Mid,Hybrid,108500.0,120157.0,"Scala, Python"
ML/AI Engineer,Melbourne,Other US,Mid,Hybrid,112000.0,120916.0,"Scala, Python"
ML/AI Engineer,Melbourne,Other US,Mid,On-site,110000.0,120776.0,"Go, Python, R"
ML/AI Engineer,Melbourne,Other US,Mid,On-site,99000.0,120776.0,Python
ML/AI Engineer,Melbourne,Other US,Mid,On-site,108000.0,120776.0,"Scala, Python"
Other Tech Role,Melbourne,Other US,Mid,Hybrid,99500.0,120157.0,Python
Other Tech Role,Melbourne,Other US,Mid,On-site,105500.0,122470.0,"Bash, Scala, SQL, Python"
ML/AI Engineer,Melbourne,Other US,Mid,On-site,105500.0,120776.0,"Go, SQL, Java, Python"
ML/AI Engineer,Melbourne,Other US,Mid,On-site,104500.0,120776.0,"R, Go, C++, Python"
Other Tech Role,Melbourne,Other US,Mid,Hybrid,100500.0,120157.0,"SQL, Python"
Data Scientist,Melbourne,Other US,Mid,Hybrid,102000.0,119213.0,"C++, Julia, Python"
ML/AI Engineer,Melbourne,Other US,Mid,On-site,106000.0,120776.0,SQL
ML/AI Engineer,Melbourne,Other US,Mid,Hybrid,106500.0,120916.0,"Scala, Bash, SQL, Python"
Other Tech Role,Melbourne,Other US,Mid,Hybrid,100000.0,120157.0,"R, Python"
Other Tech Role,Melbourne,Other US,Mid,Hybrid,106500.0,120157.0,"Scala, Python"
Other Tech Role,Melbourne,Other US,Mid,On-site,114500.0,122470.0,"C++, Python"
ML/AI Engineer,Melbourne,Other US,Mid,On-site,106000.0,120776.0,"Go, Python"
ML/AI Engineer,Melbourne,Other US,Mid,Hybrid,98500.0,120916.0,"Bash, Scala, SQL, Python"
ML/AI Engineer,Melbourne,Other US,Mid,Hybrid,104000.0,120916.0,"Julia, Scala, Python"
Other Tech Role,Melbourne,Other US,Mid,Hybrid,108500.0,120157.0,"Julia, C++, Python"
Data Scientist,Melbourne,Other US,Mid,Hybrid,104000.0,119213.0,Python
Data Scientist,Melbourne,Other US,Mid,Hybrid,107500.0,119213.0,"Python, C++"
Other Tech Role,Melbourne,Other US,Mid,Hybrid,106500.0,120157.0,"Bash, SQL, R, Python"
ML/AI Engineer,Melbourne,Other US,Mid,Hybrid,99000.0,120916.0,"Bash, Python"
ML/AI Engineer,Melbourne,Other US,Mid,On-site,101000.0,120776.0,"Julia, Python"
ML/AI Engineer,Melbourne,Other US,Mid,On-site,113500.0,120776.0,"SQL, Scala, R, Python"
Other Tech Role,Melbourne,Other US,Mid,Hybrid,112000.0,120157.0,"Java, R, Python"
Data Engineer,Melbourne,Other US,Mid,On-site,104500.0,120396.0,"Go, Julia, Java, Python"
Data Scientist,Melbourne,Other US,Mid,Hybrid,109500.0,119213.0,"Scala, Julia, C++, Python"
ML/AI Engineer,Melbourne,Other US,Mid,Hybrid,114000.0,120916.0,"Julia, Java, Python"
Other Tech Role,Melbourne,Other US,Mid,Hybrid,107500.0,120157.0,Python
Other Tech Role,Melbourne,Other US,Mid,Hybrid,100000.0,120157.0,"R, Python"
ML/AI Engineer,Melbourne,Other US,Mid,Hybrid,116000.0,120916.0,Python
ML/AI Engineer,Melbourne,Other US,Mid,Hybrid,103500.0,120916.0,"Scala, Julia, Python"
ML/AI Engineer,Melbourne,Other US,Mid,Hybrid,109000.0,120916.0,"C++, SQL, Python"
ML/AI Engineer,Melbourne,Other US,Mid,Hybrid,108500.0,120916.0,"R, Go, SQL, Python"
ML/AI Engineer,Melbourne,Other US,Mid,Hybrid,105000.0,120916.0,"Scala, Python"
ML/AI Engineer,Melbourne,Other US,Mid,On-site,110000.0,120776.0,"Scala, Python"
Other Tech Role,Melbourne,Other US,Mid,Hybrid,106000.0,120157.0,"C++, Scala, Python"
Other Tech Role,Melbourne,Other US,Mid,Hybrid,100500.0,120157.0,"R, Julia, Python"
ML/AI Engineer,Melbourne,Other US,Mid,Hybrid,111000.0,120916.0,"Go, Bash, Scala, Python"
ML/AI Engineer,Melbourne,Other US,Mid,Hybrid,101000.0,120916.0,"Bash, Julia, Python"
ML/AI Engineer,Melbourne,Other US,Mid,Hybrid,100000.0,120916.0,"Go, Python, Julia"
ML/AI Engineer,Melbourne,Other US,Mid,Hybrid,103000.0,120916.0,"SQL, Python"
Other Tech Role,Melbourne,Other US,Mid,On-site,106000.0,122470.0,"SQL, Go, Python"
Other Tech Role,Melbourne,Other US,Mid,Hybrid,99000.0,120157.0,"Go, Bash, R, Python"
ML/AI Engineer,Melbourne,Other US,Mid,On-site,108000.0,120776.0,"R, Python"
Other Tech Role,Melbourne,Other US,Mid,Hybrid,100500.0,120157.0,"Scala, Bash, Python"
Other Tech Role,Melbourne,Other US,Mid,On-site,105000.0,122470.0,"Bash, Python"
Data Engineer,Melbourne,Other US,Mid,On-site,109500.0,120396.0,"Python, R, Bash"
Other Tech Role,Melbourne,Other US,Mid,On-site,104000.0,122470.0,"C++, Python, Scala"
Other Tech Role,Melbourne,Other US,Mid,Hybrid,111000.0,120157.0,"Java, Scala, Python"
ML/AI Engineer,Melbourne,Other US,Mid,On-site,98000.0,120776.0,"Julia, Java, Bash, Python"
ML/AI Engineer,Melbourne,Other US,Mid,Hybrid,108500.0,120916.0,"Go, C++, Python"
ML/AI Engineer,Melbourne,Other US,Mid,On-site,110500.0,120776.0,"Bash, Python"
Other Tech Role,Melbourne,Other US,Mid,Hybrid,114000.0,120157.0,"Julia, Bash, Python"
Other Tech Role,Melbourne,Other US,Mid,Hybrid,110500.0,120157.0,"Go, Python"
Data Engineer,Melbourne,Other US,Mid,Hybrid,106500.0,120816.0,"R, Julia, SQL, Python"
ML/AI Engineer,Melbourne,Other US,Mid,Hybrid,97500.0,120916.0,"Bash, C++, Python"
Other Tech Role,Melbourne,Other US,Mid,On-site,108000.0,122470.0,"Bash, Python"
ML/AI Engineer,Melbourne,Other US,Mid,Hybrid,118000.0,120916.0,"C++, Python, R"
ML/AI Engineer,Melbourne,Other US,Mid,Hybrid,108500.0,120916.0,"Python, R, SQL"
Other Tech Role,Melbourne,Other US,Mid,Hybrid,103000.0,120157.0,"Bash, Go, C++, Python"
Data Scientist,Melbourne,Other US,Mid,Hybrid,109500.0,119213.0,"C++, Python"
Data Scientist,Melbourne,Other US,Mid,On-site,111000.0,122488.0,"Go, Python"
Other Tech Role,Melbourne,Other US,Mid,On-site,106000.0,122470.0,"Scala, Bash, Python"
Other Tech Role,Melbourne,Other US,Mid,Hybrid,109500.0,120157.0,"R, Python, Go"
ML/AI Engineer,Melbourne,Other US,Mid,Hybrid,111000.0,120916.0,"Scala, Python"
ML/AI Engineer,Melbourne,Other US,Mid,Hybrid,113500.0,120916.0,"SQL, Scala, Python"
Other Tech Role,Melbourne,Other US,Mid,On-site,103500.0,122470.0,"Java, Go, R, Python"
ML/AI Engineer,Melbourne,Other US,Mid,Hybrid,106000.0,120916.0,"Go, Julia, Python"
ML/AI Engineer,Melbourne,Other US,Mid,Hybrid,106500.0,120916.0,Python
Other Tech Role,Melbourne,Other US,Mid,On-site,103000.0,122470.0,"SQL, Python"
ML/AI Engineer,Melbourne,Other US,Mid,On-site,98500.0,120776.0,"Go, Python"
ML/AI Engineer,Melbourne,Other US,Mid,Hybrid,104500.0,120916.0,"Scala, Python"
Other Tech Role,Melbourne,Other US,Mid,Hybrid,100500.0,120157.0,"Python, Bash"
Other Tech Role,Melbourne,Other US,Mid,On-site,103000.0,122470.0,Python
ML/AI Engineer,Melbourne,Other US,Mid,Hybrid,110500.0,120916.0,"Scala, C++, Python"
ML/AI Engineer,Melbourne,Other US,Mid,On-site,106000.0,120776.0,"Java, Bash, Python"
ML/AI Engineer,Melbourne,Other US,Mid,On-site,110000.0,120776.0,"Go, Java, Julia"
ML/AI Engineer,Melbourne,Other US,Mid,On-site,112000.0,120776.0,"Julia, Python"
ML/AI Engineer,Melbourne,Other US,Mid,Hybrid,107500.0,120916.0,"Python, Bash, Scala"
ML/AI Engineer,Melbourne,Other US,Mid,On-site,108000.0,120776.0,"Bash, Python"
ML/AI Engineer,Melbourne,Other US,Mid,Hybrid,114500.0,120916.0,"Scala, Python, Julia"
Other Tech Role,Melbourne,Other US,Mid,On-site,106500.0,122470.0,"Go, Bash, Python"
Other Tech Role,Melbourne,Other US,Mid,On-site,110000.0,122470.0,"Python, R, Scala"
Data Engineer,Melbourne,Other US,Mid,On-site,102500.0,120396.0,"Scala, R, Bash, Python"
Data Scientist,Melbourne,Other US,Mid,On-site,109000.0,122488.0,"Java, Scala, C++, Python"
Other Tech Role,Melbourne,Other US,Mid,Hybrid,112500.0,120157.0,"SQL, R, Go, Python"
ML/AI Engineer,Melbourne,Other US,Mid,On-site,104000.0,120776.0,Python
Other Tech Role,Melbourne,Other US,Mid,On-site,106000.0,122470.0,"SQL, Go, Scala, Python"
Other Tech Role,Melbourne,Other US,Mid,On-site,97500.0,122470.0,"C++, Scala, Bash, Python"
ML/AI Engineer,Melbourne,Other US,Mid,Hybrid,114000.0,120916.0,"C++, SQL, R, Python"
ML/AI Engineer,Melbourne,Other US,Mid,On-site,98000.0,120776.0,"Java, Python"
Data Scientist,Melbourne,Other US,Mid,Hybrid,106500.0,119213.0,"Java, Go, Python"
ML/AI Engineer,Melbourne,Other US,Mid,On-site,105500.0,120776.0,"C++, R, SQL, Python"
ML/AI Engineer,Melbourne,Other US,Mid,Hybrid,104000.0,120916.0,"SQL, Python"
Other Tech Role,Melbourne,Other US,Mid,Hybrid,107500.0,120157.0,"Bash, SQL, Julia, Python"
Other Tech Role,Melbourne,Other US,Mid,On-site,109500.0,122470.0,"Julia, Go, Python"
ML/AI Engineer,Melbourne,Other US,Mid,Hybrid,109500.0,120916.0,"Go, Julia, Python"
ML/AI Engineer,Melbourne,Other US,Mid,Hybrid,115500.0,120916.0,"R, C++, Go, Python"
ML/AI Engineer,Melbourne,Other US,Mid,Hybrid,98500.0,120916.0,"Bash, Julia, C++, Python"
ML/AI Engineer,Melbourne,Other US,Mid,Hybrid,110000.0,120916.0,"Java, Julia, Scala, Python"
Other Tech Role,Melbourne,Other US,Mid,Hybrid,111000.0,120157.0,"R, Bash, Python"
ML/AI Engineer,"New York, NY",Other US,Mid,Hybrid,140500.0,120916.0,"Scala, Python"
Other Tech Role,"New York, NY",Other US,Mid,Hybrid,139000.0,120157.0,"SQL, Scala"
Data Engineer,"New York, NY",Other US,Mid,On-site,144000.0,120396.0,"C++, Python"
Data Scientist,"New York, NY",Other US,Mid,Hybrid,151500.0,119213.0,"R, Python"
Other Tech Role,"New York, NY",Other US,Mid,Hybrid,145000.0,120157.0,"Julia, SQL, Python"
Data Engineer,"New York, NY",Other US,Mid,Hybrid,135500.0,120816.0,"SQL, Scala, Go, Python"
Data Engineer,"New York, NY",Other US,Mid,Hybrid,134500.0,120816.0,"C++, Python"
ML/AI Engineer,"New York, NY",Other US,Mid,Hybrid,146500.0,120916.0,"R, Python, Java"
Other Tech Role,"New York, NY",Other US,Mid,On-site,144000.0,122470.0,"Go, Python, Java"
ML/AI Engineer,"New York, NY",Other US,Mid,On-site,155000.0,120776.0,"SQL, Python"
Data Scientist,"New York, NY",Other US,Mid,Hybrid,131500.0,119213.0,"SQL, Go, R, Python"
Other Tech Role,"New York, NY",Other US,Mid,On-site,146000.0,122470.0,"Scala, Java, Python"
Other Tech Role,"New York, NY",Other US,Mid,On-site,149000.0,122470.0,"Bash, Python"
ML/AI Engineer,"New York, NY",Other US,Mid,Hybrid,142000.0,120916.0,"Julia, Bash, Go, Python"
ML/AI Engineer,"New York, NY",Other US,Mid,On-site,148000.0,120776.0,"Scala, Java, Go, Python"
Other Tech Role,"New York, NY",Other US,Mid,Hybrid,137500.0,120157.0,"Julia, SQL, Python"
Other Tech Role,"New York, NY",Other US,Mid,On-site,146000.0,122470.0,"Bash, SQL, Python"
Other Tech Role,"New York, NY",Other US,Mid,Hybrid,144000.0,120157.0,"Bash, Python"
ML/AI Engineer,"New York, NY",Other US,Mid,Hybrid,145500.0,120916.0,"Julia, Python"
ML/AI Engineer,"New York, NY",Other US,Mid,Hybrid,143000.0,120916.0,"C++, Go, Python"
Other Tech Role,"New York, NY",Other US,Mid,Hybrid,131000.0,120157.0,"Scala, Python"
Other Tech Role,"New York, NY",Other US,Mid,Hybrid,146500.0,120157.0,Python
ML/AI Engineer,"New York, NY",Other US,Mid,Hybrid,148500.0,120916.0,"Julia, Python"
Other Tech Role,"New York, NY",Other US,Mid,Hybrid,137000.0,120157.0,"C++, Python"
ML/AI Engineer,"New York, NY",Other US,Mid,Hybrid,139000.0,120916.0,"C++, Python"
Other Tech Role,"New York, NY",Other US,Mid,On-site,141000.0,122470.0,"Julia, Python, Go"
Other Tech Role,"New York, NY",Other US,Mid,Hybrid,149000.0,120157.0,"Bash, Python"
Other Tech Role,"New York, NY",Other US,Mid,Hybrid,144000.0,120157.0,"R, Bash, Python"
Other Tech Role,"New York, NY",Other US,Mid,Hybrid,137500.0,120157.0,"C++, SQL, Java, Python"
Data Scientist,"New York, NY",Other US,Mid,Hybrid,134000.0,119213.0,"Bash, Python"
ML/AI Engineer,"New York, NY",Other US,Mid,Hybrid,131000.0,120916.0,"C++, SQL, Python"
ML/AI Engineer,"New York, NY",Other US,Mid,Hybrid,151500.0,120916.0,"Bash, Scala, Go"
Other Tech Role,"New York, NY",Other US,Mid,Hybrid,141500.0,120157.0,"Julia, Python"
ML/AI Engineer,"New York, NY",Other US,Mid,Hybrid,155500.0,120916.0,"Go, Python"
ML/AI Engineer,"New York, NY",Other US,Mid,Hybrid,138000.0,120916.0,"R, Bash, Python"
ML/AI Engineer,"New York, NY",Other US,Mid,Hybrid,148000.0,120916.0,"Scala, C++, Julia, Python"
Other Tech Role,"New York, NY",Other US,Mid,On-site,135000.0,122470.0,"Go, Python"
Data Scientist,"New York, NY",Other US,Mid,On-site,133500.0,122488.0,"Go, Python, Scala"
Other Tech Role,"New York, NY",Other US,Mid,On-site,141000.0,122470.0,"C++, Go, Bash, Python"
Other Tech Role,"New York, NY",Other US,Mid,Hybrid,139500.0,120157.0,"C++, Python"
Other Tech Role,"New York, NY",Other US,Mid,Hybrid,146500.0,120157.0,"Python, Bash, Go"
ML/AI Engineer,"New York, NY",Other US,Mid,Hybrid,155000.0,120916.0,"Go, Python"
Other Tech Role,"New York, NY",Other US,Mid,Hybrid,149500.0,120157.0,"Bash, Java, Python"
ML/AI Engineer,"New York, NY",Other US,Mid,Hybrid,137500.0,120916.0,"Python, Julia"
ML/AI Engineer,"New York, NY",Other US,Mid,Hybrid,146500.0,120916.0,"Java, Python"
ML/AI Engineer,"New York, NY",Other US,Mid,On-site,141000.0,120776.0,"Bash, C++, Go, Python"
ML/AI Engineer,"New York, NY",Other US,Mid,Hybrid,135000.0,120916.0,"R, Python"
Other Tech Role,"New York, NY",Other US,Mid,Hybrid,137000.0,120157.0,"SQL, Julia, Python"
Other Tech Role,"New York, NY",Other US,Mid,Hybrid,138000.0,120157.0,"Python, Julia"
ML/AI Engineer,"New York, NY",Other US,Mid,On-site,144000.0,120776.0,"C++, Scala, Python"
ML/AI Engineer,"New York, NY",Other US,Mid,Hybrid,151000.0,120916.0,"Scala, Python"
Other Tech Role,"New York, NY",Other US,Mid,On-site,141500.0,122470.0,"Julia, SQL, Python"
ML/AI Engineer,"New York, NY",Other US,Mid,Hybrid,138500.0,120916.0,"Scala, Bash, Go, Python"
ML/AI Engineer,"New York, NY",Other US,Mid,Hybrid,140500.0,120916.0,"R, Python"
ML/AI Engineer,"New York, NY",Other US,Mid,Hybrid,141500.0,120916.0,"Bash, SQL, Python"
ML/AI Engineer,"New York, NY",Other US,Mid,Hybrid,145000.0,120916.0,"Scala, Python"
Data Scientist,"New York, NY",Other US,Mid,Hybrid,139500.0,119213.0,"Bash, Python, Julia"
Other Tech Role,"New York, NY",Other US,Mid,Hybrid,145500.0,120157.0,"Python, SQL, Julia"
Other Tech Role,"New York, NY",Other US,Mid,Hybrid,154000.0,120157.0,"Java, Julia, Python"
ML/AI Engineer,"New York, NY",Other US,Mid,Hybrid,154500.0,120916.0,"Go, C++, Python"
Other Tech Role,"New York, NY",Other US,Mid,On-site,145500.0,122470.0,"Bash, Scala, SQL, Python"
Other Tech Role,"New York, NY",Other US,Mid,On-site,159000.0,122470.0,"Java, Bash, Python"
Other Tech Role,"New York, NY",Other US,Mid,On-site,147500.0,122470.0,"Bash, Scala, C++, Python"
Other Tech Role,"New York, NY",Other US,Mid,Hybrid,142000.0,120157.0,"Go, Python"
Other Tech Role,"New York, NY",Other US,Mid,Hybrid,153000.0,120157.0,"Python, Go, Julia"
ML/AI Engineer,"New York, NY",Other US,Mid,On-site,148000.0,120776.0,"Java, Bash, Python"
Other Tech Role,"New York, NY",Other US,Mid,Hybrid,151500.0,120157.0,"Go, Julia, Scala, Python"
ML/AI Engineer,"New York, NY",Other US,Mid,Hybrid,142500.0,120916.0,"Julia, C++, Python"
ML/AI Engineer,"New York, NY",Other US,Mid,Hybrid,143500.0,120916.0,"Scala, Java, Bash, Python"
Other Tech Role,"New York, NY",Other US,Mid,Hybrid,139500.0,120157.0,"Java, Python, Julia"
Other Tech Role,"New York, NY",Other US,Mid,Hybrid,148000.0,120157.0,"Julia, Python, Scala"
ML/AI Engineer,"New York, NY",Other US,Mid,Hybrid,140500.0,120916.0,"Bash, SQL, Java, Python"
ML/AI Engineer,"New York, NY",Other US,Mid,Hybrid,144500.0,120916.0,"SQL, Scala, Python"
Other Tech Role,"New York, NY",Other US,Mid,On-site,143500.0,122470.0,"Julia, Python"
Other Tech Role,"New York, NY",Other US,Mid,On-site,156500.0,122470.0,"C++, Python"
ML/AI Engineer,"New York, NY",Other US,Mid,On-site,146500.0,120776.0,"Go, Python"
Data Engineer,"New York, NY",Other US,Mid,Hybrid,159000.0,120816.0,"SQL, C++, Python"
Other Tech Role,"New York, NY",Other US,Mid,On-site,156000.0,122470.0,"Bash, Go, Julia, Python"
ML/AI Engineer,"New York, NY",Other US,Mid,Hybrid,147500.0,120916.0,"Scala, Python, Go"
Other Tech Role,"New York, NY",Other US,Mid,On-site,130500.0,122470.0,"R, SQL, Python"
Other Tech Role,"New York, NY",Other US,Mid,Hybrid,145500.0,120157.0,"Java, C++, Julia, Python"
ML/AI Engineer,"New York, NY",Other US,Mid,On-site,136500.0,120776.0,"Go, Python"
ML/AI Engineer,"New York, NY",Other US,Mid,Hybrid,134500.0,120916.0,"Scala, Java, Julia, Python"
ML/AI Engineer,"New York, NY",Other US,Mid,On-site,142000.0,120776.0,"Go, Julia, SQL, Python"
Other Tech Role,"New York, NY",Other US,Mid,Hybrid,140000.0,120157.0,"R, Go, Python"
Data Engineer,"New York, NY",Other US,Mid,On-site,129000.0,120396.0,"R, Bash, Python"
ML/AI Engineer,"New York, NY",Other US,Mid,Hybrid,141500.0,120916.0,"Bash, Python"
Other Tech Role,"New York, NY",Other US,Mid,Hybrid,134000.0,120157.0,"C++, Python, Java"
ML/AI Engineer,"New York, NY",Other US,Mid,Hybrid,131000.0,120916.0,"Java, Python"
ML/AI Engineer,"New York, NY",Other US,Mid,Hybrid,156000.0,120916.0,"Python, C++"
Other Tech Role,"New York, NY",Other US,Mid,On-site,150500.0,122470.0,"R, Scala, Python"
Other Tech Role,"New York, NY",Other US,Mid,Hybrid,144500.0,120157.0,"Julia, Python"
ML/AI Engineer,"New York, NY",Other US,Mid,Hybrid,134500.0,120916.0,"C++, SQL, Go"
ML/AI Engineer,"New York, NY",Other US,Mid,Hybrid,145000.0,120916.0,Python
Other Tech Role,"New York, NY",Other US,Mid,Hybrid,136500.0,120157.0,"SQL, R"
ML/AI Engineer,"New York, NY",Other US,Mid,Hybrid,128500.0,120916.0,"C++, Julia, Python"
ML/AI Engineer,"New York, NY",Other US,Mid,Hybrid,135500.0,120916.0,"C++, Python"
ML/AI Engineer,"New York, NY",Other US,Mid,On-site,148000.0,120776.0,"C++, Python"
Other Tech Role,"New York, NY",Other US,Mid,Hybrid,134000.0,120157.0,"Python, R"
Other Tech Role,"New York, NY",Other US,Mid,On-site,149000.0,122470.0,"Bash, Python"
Other Tech Role,"New York, NY",Other US,Mid,Hybrid,136000.0,120157.0,"Julia, Python"
ML/AI Engineer,"New York, NY",Other US,Mid,On-site,145000.0,120776.0,"Bash, Scala, Python"
ML/AI Engineer,"New York, NY",Other US,Mid,On-site,139000.0,120776.0,"Julia, Scala"
Other Tech Role,"New York, NY",Other US,Mid,Hybrid,151500.0,120157.0,"Julia, SQL, Python"
Other Tech Role,"New York, NY",Other US,Mid,On-site,152500.0,122470.0,"Julia, R, Python"
Other Tech Role,"New York, NY",Other US,Mid,Hybrid,147500.0,120157.0,"C++, Java, Julia, Python"
ML/AI Engineer,"New York, NY",Other US,Mid,On-site,143500.0,120776.0,"C++, Java, SQL, Python"
ML/AI Engineer,"New York, NY",Other US,Mid,On-site,129500.0,120776.0,"SQL, Java, C++, Python"
ML/AI Engineer,"New York, NY",Other US,Mid,Hybrid,151000.0,120916.0,"C++, Go, Julia, Python"
Other Tech Role,"New York, NY",Other US,Mid,On-site,151500.0,122470.0,"C++, Scala"
Other Tech Role,"New York, NY",Other US,Mid,Hybrid,152000.0,120157.0,"Go, R, Python"
Other Tech Role,"New York, NY",Other US,Mid,On-site,154500.0,122470.0,"Go, Java, Bash, Python"
ML/AI Engineer,"New York, NY",Other US,Mid,Hybrid,142000.0,120916.0,"Scala, Julia, Python"
ML/AI Engineer,"New York, NY",Other US,Mid,Hybrid,147000.0,120916.0,"Bash, Python"
ML/AI Engineer,"New York, NY",Other US,Mid,On-site,156000.0,120776.0,"SQL, C++, Scala, Python"
Other Tech Role,"New York, NY",Other US,Mid,Hybrid,139500.0,120157.0,"C++, Python"
Other Tech Role,"New York, NY",Other US,Mid,Hybrid,157000.0,120157.0,"C++, SQL, Python"
ML/AI Engineer,"New York, NY",Other US,Mid,Hybrid,146000.0,120916.0,"Java, C++, Python"
Other Tech Role,"New York, NY",Other US,Mid,Hybrid,145000.0,120157.0,"R, Python"
ML/AI Engineer,"New York, NY",Other US,Mid,Hybrid,138500.0,120916.0,"R, Julia, Bash, Python"
Other Tech Role,"New York, NY",Other US,Mid,Hybrid,143000.0,120157.0,"R, Julia, Go, Python"
Data Engineer,"New York, NY",Other US,Mid,On-site,138500.0,120396.0,"Julia, SQL, Scala, Python"
Other Tech Role,"New York, NY",Other US,Mid,On-site,136500.0,122470.0,"C++, Scala, Python"
ML/AI Engineer,"New York, NY",Other US,Mid,Hybrid,147000.0,120916.0,"C++, Python"
Other Tech Role,"New York, NY",Other US,Mid,Hybrid,148500.0,120157.0,"R, Julia, C++, Python"
Other Tech Role,"New York, NY",Other US,Mid,Hybrid,145500.0,120157.0,"Python, R, C++"
ML/AI Engineer,"New York, NY",Other US,Mid,Hybrid,136000.0,120916.0,"SQL, Python"
Other Tech Role,"New York, NY",Other US,Mid,Hybrid,151500.0,120157.0,"Bash, C++, Python"
Other Tech Role,"New York, NY",Other US,Mid,On-site,129500.0,122470.0,"C++, Julia, R, Python"
Other Tech Role,"New York, NY",Other US,Mid,On-site,155000.0,122470.0,"Scala, Bash, Python"
ML/AI Engineer,"New York, NY",Other US,Mid,On-site,136000.0,120776.0,"Go, Bash, Python"
ML/AI Engineer,"New York, NY",Other US,Mid,On-site,148000.0,120776.0,"SQL, Bash, Python"
Other Tech Role,"New York, NY",Other US,Mid,Hybrid,149500.0,120157.0,"R, Go, Python"
Other Tech Role,"New York, NY",Other US,Mid,Hybrid,151000.0,120157.0,SQL
Data Scientist,"New York, NY",Other US,Mid,On-site,145500.0,122488.0,"Scala, Java, Python"
Other Tech Role,"New York, NY",Other US,Mid,Hybrid,140000.0,120157.0,"Bash, Python"
ML/AI Engineer,"New York, NY",Other US,Mid,On-site,144500.0,120776.0,"Bash, Python"
Other Tech Role,"New York, NY",Other US,Mid,On-site,135000.0,122470.0,"Scala, Bash, Python"
Data Engineer,"New York, NY",Other US,Mid,On-site,140500.0,120396.0,"C++, Julia, Python"
Other Tech Role,"New York, NY",Other US,Mid,On-site,156500.0,122470.0,"Scala, Python"
ML/AI Engineer,"New York, NY",Other US,Mid,Hybrid,134500.0,120916.0,"Go, Bash, Python"
ML/AI Engineer,"New York, NY",Other US,Mid,On-site,135500.0,120776.0,"Bash, Python"
Data Scientist,"New York, NY",Other US,Mid,On-site,146000.0,122488.0,"Java, Go, Julia, Python"
ML/AI Engineer,"New York, NY",Other US,Mid,Hybrid,131500.0,120916.0,"Julia, R, Python"
ML/AI Engineer,"New York, NY",Other US,Mid,Hybrid,145500.0,120916.0,"Java, C++"
Other Tech Role,"New York, NY",Other US,Mid,On-site,135000.0,122470.0,"SQL, Python"
Other Tech Role,"New York, NY",Other US,Mid,On-site,153000.0,122470.0,"Go, Python"
Other Tech Role,"New York, NY",Other US,Mid,Hybrid,135500.0,120157.0,"SQL, Julia, Java, Python"
Other Tech Role,"New York, NY",Other US,Mid,Hybrid,132000.0,120157.0,"Bash, C++, Python"
Other Tech Role,"New York, NY",Other US,Mid,On-site,147000.0,122470.0,"Bash, Python"
ML/AI Engineer,"New York, NY",Other US,Mid,Hybrid,150000.0,120916.0,"R, Python, Julia"
ML/AI Engineer,"New York, NY",Other US,Mid,On-site,151500.0,120776.0,"Java, Python"
Other Tech Role,"New York, NY",Other US,Mid,Hybrid,152500.0,120157.0,"SQL, Python"
Other Tech Role,"New York, NY",Other US,Mid,Hybrid,144500.0,120157.0,"Python, SQL, C++"
ML/AI Engineer,"New York, NY",Other US,Mid,Hybrid,142500.0,120916.0,"Julia, Python"
ML/AI Engineer,"New York, NY",Other US,Mid,Hybrid,156500.0,120916.0,"Scala, Python"
ML/AI Engineer,"New York, NY",Other US,Mid,On-site,147500.0,120776.0,"SQL, C++, Python"
ML/AI Engineer,Remote,Other US,Mid,Remote,144000.0,125542.0,Python
ML/AI Engineer,Remote,Other US,Mid,Remote,105000.0,125542.0,"Bash, Julia, Python"
ML/AI Engineer,Remote,Other US,Mid,Remote,103000.0,125542.0,"Julia, C++, Python"
ML/AI Engineer,Remote,Other US,Mid,Remote,139000.0,125542.0,"Go, Python"
ML/AI Engineer,Remote,Other US,Mid,Remote,105500.0,125542.0,"Java, Python"
ML/AI Engineer,Remote,Other US,Mid,Remote,150000.0,125542.0,"Julia, Go, SQL, Python"
ML/AI Engineer,Remote,Other US,Mid,Remote,108500.0,125542.0,"C++, Python"
ML/AI Engineer,Remote,Other US,Mid,Remote,111500.0,125542.0,"Julia, Go, Python"
ML/AI Engineer,Remote,Other US,Mid,Remote,128500.0,125542.0,"Go, C++, Python"
ML/AI Engineer,Remote,Other US,Mid,Remote,139500.0,125542.0,"Go, Python"
Other Tech Role,Remote,Other US,Mid,Remote,148500.0,124274.0,"Go, Python"
Other Tech Role,Remote,Other US,Mid,Remote,146500.0,124274.0,"SQL, Bash, Go, Python"
Other Tech Role,Remote,Other US,Mid,Remote,102500.0,124274.0,"R, SQL, Python"
Other Tech Role,Remote,Other US,Mid,Remote,143000.0,124274.0,"Julia, Python, R"
Other Tech Role,Remote,Other US,Mid,Remote,147500.0,124274.0,"Scala, Python"
Data Engineer,Remote,Other US,Mid,Remote,133500.0,122596.0,"Python, Java"
Data Engineer,Remote,Other US,Mid,Remote,109000.0,122596.0,"SQL, Scala, Bash, Python"
Other Tech Role,Remote,Other US,Mid,Remote,137500.0,124274.0,"Julia, Scala, Bash, Python"
Other Tech Role,Remote,Other US,Mid,Remote,141000.0,124274.0,"C++, Julia, Python"
Other Tech Role,Remote,Other US,Mid,Remote,111000.0,124274.0,"Go, Scala, Python"
ML/AI Engineer,Remote,Other US,Mid,Remote,139500.0,125542.0,"Bash, Java"
Other Tech Role,Remote,Other US,Mid,Remote,153000.0,124274.0,"Java, Python"
Other Tech Role,Remote,Other US,Mid,Remote,101000.0,124274.0,"R, Python"
ML/AI Engineer,Remote,Other US,Mid,Remote,157500.0,125542.0,"C++, Python"
ML/AI Engineer,Remote,Other US,Mid,Remote,101500.0,125542.0,"R, Julia, Python"
ML/AI Engineer,Remote,Other US,Mid,Remote,110500.0,125542.0,"Scala, Python"
ML/AI Engineer,Remote,Other US,Mid,Remote,104000.0,125542.0,"R, SQL, Python"
ML/AI Engineer,Remote,Other US,Mid,Remote,132500.0,125542.0,"Scala, Julia"
ML/AI Engineer,Remote,Other US,Mid,Remote,138000.0,125542.0,"Julia, Go, Python"
ML/AI Engineer,Remote,Other US,Mid,Remote,147500.0,125542.0,"Julia, C++, Python"
ML/AI Engineer,Remote,Other US,Mid,Remote,104000.0,125542.0,"Bash, SQL, Python"
Other Tech Role,Remote,Other US,Mid,Remote,107500.0,124274.0,"Java, Bash, Python"
Other Tech Role,Remote,Other US,Mid,Remote,115000.0,124274.0,"Java, Python"
Other Tech Role,Remote,Other US,Mid,Remote,145000.0,124274.0,"C++, Python"
Other Tech Role,Remote,Other US,Mid,Remote,152000.0,124274.0,"Bash, SQL, Python"
Other Tech Role,Remote,Other US,Mid,Remote,102000.0,124274.0,R
Other Tech Role,Remote,Other US,Mid,Remote,101000.0,124274.0,"C++, Java, R, Python"
ML/AI Engineer,Remote,Other US,Mid,Remote,141000.0,125542.0,"R, SQL, Python"
ML/AI Engineer,Remote,Other US,Mid,Remote,141500.0,125542.0,"Python, SQL"
ML/AI Engineer,Remote,Other US,Mid,Remote,151500.0,125542.0,"Scala, SQL, Bash, Python"
ML/AI Engineer,Remote,Other US,Mid,Remote,104500.0,125542.0,"Go, Python"
ML/AI Engineer,Remote,Other US,Mid,Remote,146500.0,125542.0,"Go, R, SQL, Python"
ML/AI Engineer,Remote,Other US,Mid,Remote,141500.0,125542.0,"SQL, R, C++, Python"
ML/AI Engineer,Remote,Other US,Mid,Remote,144500.0,125542.0,"Julia, Scala, Python"
ML/AI Engineer,Remote,Other US,Mid,Remote,101000.0,125542.0,"Bash, Python"
Other Tech Role,Remote,Other US,Mid,Remote,145500.0,124274.0,"Scala, Go"
Other Tech Role,Remote,Other US,Mid,Remote,110500.0,124274.0,"Julia, Python"
Other Tech Role,Remote,Other US,Mid,Remote,100500.0,124274.0,"Go, Java, R, Python"
Other Tech Role,Remote,Other US,Mid,Remote,109000.0,124274.0,"Python, SQL, Scala"
Other Tech Role,Remote,Other US,Mid,Remote,98500.0,124274.0,"C++, SQL, Julia, Python"
Data Engineer,Remote,Other US,Mid,Remote,138500.0,122596.0,"Julia, Python, Scala"
Data Engineer,Remote,Other US,Mid,Remote,108000.0,122596.0,Python
Data Engineer,Remote,Other US,Mid,Remote,101000.0,122596.0,"Bash, Go, Julia, Python"
Data Engineer,Remote,Other US,Mid,Remote,103000.0,122596.0,"Go, C++, Python"
Data Scientist,Remote,Other US,Mid,Remote,146000.0,130570.0,"Scala, Go, Python"
Data Scientist,Remote,Other US,Mid,Remote,145000.0,130570.0,"Python, Bash"
Data Scientist,Remote,Other US,Mid,Remote,149500.0,130570.0,"Scala, Python"
Data Scientist,Remote,Other US,Mid,Remote,159000.0,130570.0,"Bash, C++, Python"
Other Tech Role,Remote,Other US,Mid,Remote,131000.0,124274.0,"Java, R, Julia, Python"
Other Tech Role,Remote,Other US,Mid,Remote,141500.0,124274.0,"Scala, R, Java, Python"
Other Tech Role,Remote,Other US,Mid,Remote,110500.0,124274.0,"Go, Bash, Python"
ML/AI Engineer,Remote,Other US,Mid,Remote,132500.0,125542.0,"SQL, Python"
Other Tech Role,Remote,Other US,Mid,Remote,146500.0,124274.0,"Julia, SQL, Java, Python"
Other Tech Role,Remote,Other US,Mid,Remote,105000.0,124274.0,"R, Python"
ML/AI Engineer,Remote,Other US,Mid,Remote,133000.0,125542.0,"Python, SQL"
ML/AI Engineer,Remote,Other US,Mid,Remote,148500.0,125542.0,"C++, Python"
ML/AI Engineer,Remote,Other US,Mid,Remote,100500.0,125542.0,"Go, Scala, Python"
ML/AI Engineer,Remote,Other US,Mid,Remote,102000.0,125542.0,Python
ML/AI Engineer,Remote,Other US,Mid,Remote,107500.0,125542.0,"Go, Python"
ML/AI Engineer,Remote,Other US,Mid,Remote,112500.0,125542.0,Python
ML/AI Engineer,Remote,Other US,Mid,Remote,99500.0,125542.0,"Julia, Java, Scala"
ML/AI Engineer,Remote,Other US,Mid,Remote,136000.0,125542.0,"Python, Julia"
ML/AI Engineer,Remote,Other US,Mid,Remote,96000.0,125542.0,"Python, Java, Go"
Other Tech Role,Remote,Other US,Mid,Remote,157500.0,124274.0,"Go, Python"
Other Tech Role,Remote,Other US,Mid,Remote,99000.0,124274.0,"SQL, Python"
Other Tech Role,Remote,Other US,Mid,Remote,138500.0,124274.0,"R, Java, Python"
Other Tech Role,Remote,Other US,Mid,Remote,102000.0,124274.0,"R, Python"
Other Tech Role,Remote,Other US,Mid,Remote,107000.0,124274.0,"Julia, Bash, Python"
Other Tech Role,Remote,Other US,Mid,Remote,108500.0,124274.0,"C++, Python"
Other Tech Role,Remote,Other US,Mid,Remote,150000.0,124274.0,"C++, Bash, Python"
Other Tech Role,Remote,Other US,Mid,Remote,102500.0,124274.0,"Scala, Python"
Other Tech Role,Remote,Other US,Mid,Remote,103000.0,124274.0,"C++, Python"
Other Tech Role,Remote,Other US,Mid,Remote,114000.0,124274.0,"Java, Python"
ML/AI Engineer,Remote,Other US,Mid,Remote,156000.0,125542.0,"Scala, Java, Bash, Python"
ML/AI Engineer,Remote,Other US,Mid,Remote,108500.0,125542.0,"Java, Python, C++"
ML/AI Engineer,Remote,Other US,Mid,Remote,157500.0,125542.0,"Bash, R, Python"
ML/AI Engineer,Remote,Other US,Mid,Remote,98000.0,125542.0,"Java, Scala, Python"
ML/AI Engineer,Remote,Other US,Mid,Remote,107500.0,125542.0,"SQL, R, Python"
ML/AI Engineer,Remote,Other US,Mid,Remote,104000.0,125542.0,Python
Other Tech Role,Remote,Other US,Mid,Remote,154000.0,124274.0,"C++, Bash, Python"
Other Tech Role,Remote,Other US,Mid,Remote,115000.0,124274.0,"C++, Scala, Java, Python"
Other Tech Role,Remote,Other US,Mid,Remote,105000.0,124274.0,"Java, Scala, Bash, Python"
Other Tech Role,Remote,Other US,Mid,Remote,105000.0,124274.0,"Julia, Java, Python"
Other Tech Role,Remote,Other US,Mid,Remote,100000.0,124274.0,"Java, Python"
Data Scientist,Remote,Other US,Mid,Remote,99000.0,130570.0,"Julia, Python"
Other Tech Role,Remote,Other US,Mid,Remote,134000.0,124274.0,"Java, Python"
Other Tech Role,Remote,Other US,Mid,Remote,112000.0,124274.0,"C++, Go, Python"
ML/AI Engineer,Remote,Other US,Mid,Remote,151000.0,125542.0,"SQL, Scala, R, Python"
ML/AI Engineer,Remote,Other US,Mid,Remote,105000.0,125542.0,"Java, Julia, SQL, Python"
Other Tech Role,Remote,Other US,Mid,Remote,153500.0,124274.0,"Go, C++, Python"
ML/AI Engineer,Remote,Other US,Mid,Remote,135500.0,125542.0,"Go, SQL, Bash, Python"
ML/AI Engineer,Remote,Other US,Mid,Remote,112500.0,125542.0,"SQL, Scala, Bash, Python"
ML/AI Engineer,Remote,Other US,Mid,Remote,142500.0,125542.0,"Scala, SQL, Python"
ML/AI Engineer,Remote,Other US,Mid,Remote,144500.0,125542.0,"Bash, SQL, Python"
ML/AI Engineer,Remote,Other US,Mid,Remote,106000.0,125542.0,"Julia, Python"
ML/AI Engineer,Remote,Other US,Mid,Remote,109500.0,125542.0,"Go, Python, Bash"
ML/AI Engineer,Remote,Other US,Mid,Remote,145000.0,125542.0,"R, Go, Python"
ML/AI Engineer,Remote,Other US,Mid,Remote,152500.0,125542.0,"Bash, Python"
Other Tech Role,Remote,Other US,Mid,Remote,133500.0,124274.0,"C++, Scala, Python"
Other Tech Role,Remote,Other US,Mid,Remote,150500.0,124274.0,"Go, Julia, Python"
Other Tech Role,Remote,Other US,Mid,Remote,96500.0,124274.0,"Python, R, Scala"
Other Tech Role,Remote,Other US,Mid,Remote,105500.0,124274.0,"Julia, C++, Go, Python"
Other Tech Role,Remote,Other US,Mid,Remote,105000.0,124274.0,"Julia, Go, Python"
Other Tech Role,Remote,Other US,Mid,Remote,128500.0,124274.0,"C++, SQL, Scala, Python"
Other Tech Role,Remote,Other US,Mid,Remote,110500.0,124274.0,"SQL, Bash, Python"
Other Tech Role,Remote,Other US,Mid,Remote,149500.0,124274.0,"Python, R, Scala"
Other Tech Role,Remote,Other US,Mid,Remote,113500.0,124274.0,"Scala, Java, Python"
ML/AI Engineer,Remote,Other US,Mid,Remote,136500.0,125542.0,"C++, Python"
ML/AI Engineer,Remote,Other US,Mid,Remote,154500.0,125542.0,"Go, C++"
ML/AI Engineer,Remote,Other US,Mid,Remote,145500.0,125542.0,"Python, Go, SQL"
ML/AI Engineer,Remote,Other US,Mid,Remote,112500.0,125542.0,"Julia, SQL, Java, Python"
ML/AI Engineer,Remote,Other US,Mid,Remote,106500.0,125542.0,"SQL, Python"
Other Tech Role,Remote,Other US,Mid,Remote,140500.0,124274.0,"Scala, Java, R, Python"
Other Tech Role,Remote,Other US,Mid,Remote,147000.0,124274.0,"Java, Python"
Other Tech Role,Remote,Other US,Mid,Remote,156000.0,124274.0,"C++, Bash, Python"
Other Tech Role,Remote,Other US,Mid,Remote,113000.0,124274.0,"R, Java, SQL, Python"
Other Tech Role,Remote,Other US,Mid,Remote,149000.0,124274.0,"Julia, Python"
Other Tech Role,Remote,Other US,Mid,Remote,114500.0,124274.0,"Scala, Go, R, Python"
Data Engineer,Remote,Other US,Mid,Remote,158000.0,122596.0,"Scala, Java, Bash, Python"
Data Engineer,Remote,Other US,Mid,Remote,107000.0,122596.0,"R, Python"
Data Scientist,Remote,Other US,Mid,Remote,133500.0,130570.0,"C++, Scala, Python"
Data Scientist,Remote,Other US,Mid,Remote,141000.0,130570.0,"Bash, Python"
Data Scientist,Remote,Other US,Mid,Remote,114000.0,130570.0,"R, Scala, Python"
Other Tech Role,Remote,Other US,Mid,Remote,156500.0,124274.0,"Go, Java, Scala, Python"
ML/AI Engineer,Remote,Other US,Mid,Remote,148000.0,125542.0,"Go, Julia, C++, Python"
Other Tech Role,Remote,Other US,Mid,Remote,149000.0,124274.0,"R, C++"
Other Tech Role,Remote,Other US,Mid,Remote,159000.0,124274.0,"Java, R, Python"
ML/AI Engineer,Remote,Other US,Mid,Remote,135500.0,125542.0,"Go, Bash, Java, Python"
ML/AI Engineer,Remote,Other US,Mid,Remote,148500.0,125542.0,"Java, Python, Scala"
ML/AI Engineer,Remote,Other US,Mid,Remote,109000.0,125542.0,"Julia, Python"
ML/AI Engineer,Remote,Other US,Mid,Remote,143000.0,125542.0,Python
ML/AI Engineer,Remote,Other US,Mid,Remote,105000.0,125542.0,"Julia, Java, Python"
ML/AI Engineer,Remote,Other US,Mid,Remote,143000.0,125542.0,"Java, Julia, Scala, Python"
ML/AI Engineer,Remote,Other US,Mid,Remote,147500.0,125542.0,"Julia, C++, Python"
ML/AI Engineer,Remote,Other US,Mid,Remote,150000.0,125542.0,"Scala, Python"
ML/AI Engineer,Remote,Other US,Mid,Remote,100000.0,125542.0,"Julia, C++, Bash, Python"
Other Tech Role,Remote,Other US,Mid,Remote,134500.0,124274.0,"SQL, R, Python"
Other Tech Role,Remote,Other US,Mid,Remote,150500.0,124274.0,"Java, Python"
Other Tech Role,Remote,Other US,Mid,Remote,109500.0,124274.0,"Go, Bash, Python"
Other Tech Role,Remote,Other US,Mid,Remote,97000.0,124274.0,"Bash, Python"
Other Tech Role,Remote,Other US,Mid,Remote,138000.0,124274.0,"Bash, Python"
Other Tech Role,Remote,Other US,Mid,Remote,150000.0,124274.0,"Go, Scala, Python"
Other Tech Role,Remote,Other US,Mid,Remote,107000.0,124274.0,"Python, R"
Other Tech Role,Remote,Other US,Mid,Remote,97500.0,124274.0,"Python, SQL, Julia"
Other Tech Role,Remote,Other US,Mid,Remote,102500.0,124274.0,"SQL, Julia, Bash, Python"
Other Tech Role,Remote,Other US,Mid,Remote,96500.0,124274.0,"C++, Bash, Python"
ML/AI Engineer,Remote,Other US,Mid,Remote,146500.0,125542.0,"Go, Python"
ML/AI Engineer,Remote,Other US,Mid,Remote,145000.0,125542.0,"Scala, Python"
ML/AI Engineer,Remote,Other US,Mid,Remote,151500.0,125542.0,"Go, Java, Python"
ML/AI Engineer,Remote,Other US,Mid,Remote,141000.0,125542.0,"Scala, Python"
ML/AI Engineer,Remote,Other US,Mid,Remote,142000.0,125542.0,"Bash, Scala, SQL, Python"
ML/AI Engineer,Remote,Other US,Mid,Remote,141000.0,125542.0,"Bash, Python"
ML/AI Engineer,Remote,Other US,Mid,Remote,102000.0,125542.0,"Go, Bash, Python"
Other Tech Role,Remote,Other US,Mid,Remote,140500.0,124274.0,"R, Python"
Other Tech Role,Remote,Other US,Mid,Remote,144000.0,124274.0,"C++, SQL, Python"
Other Tech Role,Remote,Other US,Mid,Remote,137000.0,124274.0,"Java, Julia, SQL, Python"
Other Tech Role,Remote,Other US,Mid,Remote,144500.0,124274.0,"Bash, R, SQL, Python"
Other Tech Role,Remote,Other US,Mid,Remote,158000.0,124274.0,"Scala, Python"
Other Tech Role,Remote,Other US,Mid,Remote,148500.0,124274.0,"Java, C++, R, Python"
Other Tech Role,Remote,Other US,Mid,Remote,100000.0,124274.0,"SQL, Python"
Other Tech Role,Remote,Other US,Mid,Remote,99500.0,124274.0,"Python, Bash, R"
Other Tech Role,Remote,Other US,Mid,Remote,106000.0,124274.0,"Java, Go, C++, Python"
Other Tech Role,Remote,Other US,Mid,Remote,151000.0,124274.0,"Bash, Python"
Other Tech Role,Remote,Other US,Mid,Remote,107500.0,124274.0,"Python, R, C++"
ML/AI Engineer,Remote,Other US,Mid,Remote,132500.0,125542.0,"Bash, Java, Python"
ML/AI Engineer,Remote,Other US,Mid,Remote,139500.0,125542.0,"SQL, Python"
ML/AI Engineer,Remote,Other US,Mid,Remote,145500.0,125542.0,"Julia, Scala, R, Python"
Other Tech Role,Remote,Other US,Mid,Remote,137000.0,124274.0,"Java, Python"
Other Tech Role,Remote,Other US,Mid,Remote,144500.0,124274.0,"Java, Python"
Other Tech Role,Remote,Other US,Mid,Remote,141500.0,124274.0,"Java, Python"
ML/AI Engineer,Remote,Other US,Mid,Remote,136000.0,125542.0,"Scala, Python"
ML/AI Engineer,Remote,Other US,Mid,Remote,104500.0,125542.0,"R, Go, Python"
ML/AI Engineer,Remote,Other US,Mid,Remote,150000.0,125542.0,"R, SQL, Python"
ML/AI Engineer,Remote,Other US,Mid,Remote,105000.0,125542.0,"Scala, C++, R, Python"
ML/AI Engineer,Remote,Other US,Mid,Remote,149500.0,125542.0,"Julia, Python"
ML/AI Engineer,Remote,Other US,Mid,Remote,144500.0,125542.0,"Go, Python"
ML/AI Engineer,Remote,Other US,Mid,Remote,112500.0,125542.0,"Scala, Julia, Python"
Other Tech Role,Remote,Other US,Mid,Remote,102000.0,124274.0,"R, Bash, Java, Python"
Other Tech Role,Remote,Other US,Mid,Remote,133000.0,124274.0,"SQL, Python"
Other Tech Role,Remote,Other US,Mid,Remote,98000.0,124274.0,"Python, C++"
Other Tech Role,Remote,Other US,Mid,Remote,136000.0,124274.0,"R, Julia, Python"
Other Tech Role,Remote,Other US,Mid,Remote,149500.0,124274.0,"Scala, R, Python"
ML/AI Engineer,Remote,Other US,Mid,Remote,154000.0,125542.0,"SQL, Python"
ML/AI Engineer,Remote,Other US,Mid,Remote,110000.0,125542.0,"Scala, C++, Python"
ML/AI Engineer,Remote,Other US,Mid,Remote,129500.0,125542.0,"SQL, C++, Scala, Python"
ML/AI Engineer,Remote,Other US,Mid,Remote,138500.0,125542.0,"Scala, R, Python"
ML/AI Engineer,Remote,Other US,Mid,Remote,148500.0,125542.0,Python
ML/AI Engineer,Remote,Other US,Mid,Remote,136000.0,125542.0,"Java, Python"
ML/AI Engineer,Remote,Other US,Mid,Remote,152000.0,125542.0,"R, C++, Python"
ML/AI Engineer,Remote,Other US,Mid,Remote,105500.0,125542.0,"C++, Python"
Other Tech Role,Remote,Other US,Mid,Remote,156000.0,124274.0,"C++, Python"
Other Tech Role,Remote,Other US,Mid,Remote,111000.0,124274.0,"Java, Python, R"
Other Tech Role,Remote,Other US,Mid,Remote,112000.0,124274.0,"C++, Python"
Other Tech Role,Remote,Other US,Mid,Remote,100500.0,124274.0,"Julia, Java, Go, Python"
Other Tech Role,Remote,Other US,Mid,Remote,108000.0,124274.0,"Julia, Java, Scala, Python"
Data Engineer,Remote,Other US,Mid,Remote,145000.0,122596.0,"Java, Go, Python"
Data Engineer,Remote,Other US,Mid,Remote,139500.0,122596.0,"C++, Scala, Python"
Data Engineer,Remote,Other US,Mid,Remote,108500.0,122596.0,"Bash, R, Python"
Data Engineer,Remote,Other US,Mid,Remote,117500.0,122596.0,"C++, Go, Bash, Python"
Data Engineer,Remote,Other US,Mid,Remote,104000.0,122596.0,"Scala, R, Julia, Python"
Data Scientist,Remote,Other US,Mid,Remote,130000.0,130570.0,"Go, R, Java, Python"
Data Scientist,Remote,Other US,Mid,Remote,107500.0,130570.0,"Python, R"
Other Tech Role,Remote,Other US,Mid,Remote,150000.0,124274.0,"Bash, Python"
Other Tech Role,Remote,Other US,Mid,Remote,114000.0,124274.0,"R, Java, Python"
Other Tech Role,Remote,Other US,Mid,Remote,102500.0,124274.0,"C++, Python"
ML/AI Engineer,Remote,Other US,Mid,Remote,141000.0,125542.0,"Scala, SQL, Python"
ML/AI Engineer,Remote,Other US,Mid,Remote,100000.0,125542.0,"Bash, Python"
ML/AI Engineer,Remote,Other US,Mid,Remote,155000.0,125542.0,Python
ML/AI Engineer,Remote,Other US,Mid,Remote,108000.0,125542.0,"R, Python"
ML/AI Engineer,Remote,Other US,Mid,Remote,136000.0,125542.0,"SQL, Python"
Other Tech Role,Remote,Other US,Mid,Remote,102500.0,124274.0,"SQL, Scala, Python"
Other Tech Role,Remote,Other US,Mid,Remote,155000.0,124274.0,"Julia, Python"
Other Tech Role,Remote,Other US,Mid,Remote,106500.0,124274.0,"Scala, Python"
Other Tech Role,Remote,Other US,Mid,Remote,111000.0,124274.0,"Scala, SQL, Python"
Other Tech Role,Remote,Other US,Mid,Remote,140000.0,124274.0,"Scala, Bash, Python"
Other Tech Role,Remote,Other US,Mid,Remote,116500.0,124274.0,"Scala, Bash, Julia, Python"
Other Tech Role,Remote,Other US,Mid,Remote,143000.0,124274.0,"Java, Python"
Other Tech Role,Remote,Other US,Mid,Remote,149500.0,124274.0,"Julia, Python"
Other Tech Role,Remote,Other US,Mid,Remote,104000.0,124274.0,"Scala, Java, Python"
Other Tech Role,Remote,Other US,Mid,Remote,103500.0,124274.0,"Julia, Python"
Other Tech Role,Remote,Other US,Mid,Remote,104000.0,124274.0,"R, Python"
ML/AI Engineer,Remote,Other US,Mid,Remote,101000.0,125542.0,"Scala, Python"
ML/AI Engineer,Remote,Other US,Mid,Remote,134500.0,125542.0,"Scala, Go, Python"
ML/AI Engineer,Remote,Other US,Mid,Remote,138500.0,125542.0,"Julia, Python, Scala"
ML/AI Engineer,Remote,Other US,Mid,Remote,103500.0,125542.0,Python
ML/AI Engineer,Remote,Other US,Mid,Remote,104500.0,125542.0,"Java, SQL, Python"
ML/AI Engineer,Remote,Other US,Mid,Remote,105500.0,125542.0,"Scala, Python"
Other Tech Role,Remote,Other US,Mid,Remote,152000.0,124274.0,"Java, Python"
Other Tech Role,Remote,Other US,Mid,Remote,153500.0,124274.0,"C++, R, Julia, Python"
Data Engineer,Remote,Other US,Mid,Remote,143000.0,122596.0,"R, Java, Python"
Data Engineer,Remote,Other US,Mid,Remote,116000.0,122596.0,"SQL, Python, Scala"
Data Scientist,Remote,Other US,Mid,Remote,108000.0,130570.0,"Go, Bash, SQL, Python"
Other Tech Role,Remote,Other US,Mid,Remote,105500.0,124274.0,Python
Other Tech Role,Remote,Other US,Mid,Remote,100000.0,124274.0,"Go, R, Python"
ML/AI Engineer,Remote,Other US,Mid,Remote,157000.0,125542.0,"R, Python"
ML/AI Engineer,Remote,Other US,Mid,Remote,103000.0,125542.0,"C++, Java, R"
ML/AI Engineer,Remote,Other US,Mid,Remote,108000.0,125542.0,"Julia, Bash, Go, Python"
Other Tech Role,Remote,Other US,Mid,Remote,139000.0,124274.0,"Julia, Python"
ML/AI Engineer,Remote,Other US,Mid,Remote,139000.0,125542.0,"Scala, Python"
ML/AI Engineer,Remote,Other US,Mid,Remote,136500.0,125542.0,"Java, Python"
ML/AI Engineer,Remote,Other US,Mid,Remote,158500.0,125542.0,"Scala, Python"
ML/AI Engineer,Remote,Other US,Mid,Remote,98500.0,125542.0,"Go, Julia, Python"
Other Tech Role,Remote,Other US,Mid,Remote,142500.0,124274.0,"Scala, Python"
Other Tech Role,Remote,Other US,Mid,Remote,139500.0,124274.0,"Julia, Python, Scala"
Other Tech Role,Remote,Other US,Mid,Remote,145500.0,124274.0,"Python, Go, Scala"
Other Tech Role,Remote,Other US,Mid,Remote,137500.0,124274.0,"Scala, Bash, Python"
Other Tech Role,Remote,Other US,Mid,Remote,113500.0,124274.0,"Go, R, Python"
Other Tech Role,Remote,Other US,Mid,Remote,112000.0,124274.0,"Go, SQL, R, Python"
Other Tech Role,Remote,Other US,Mid,Remote,112500.0,124274.0,"Bash, Java, Go, Python"
ML/AI Engineer,Remote,Other US,Mid,Remote,149500.0,125542.0,"Bash, Python"
ML/AI Engineer,Remote,Other US,Mid,Remote,159000.0,125542.0,"Bash, Python"
ML/AI Engineer,Remote,Other US,Mid,Remote,101000.0,125542.0,"Bash, Julia, Python"
ML/AI Engineer,Remote,Other US,Mid,Remote,108000.0,125542.0,"Python, Go"
ML/AI Engineer,Remote,Other US,Mid,Remote,141500.0,125542.0,"Go, SQL, R, Python"
ML/AI Engineer,Remote,Other US,Mid,Remote,151500.0,125542.0,"Scala, R, Python"
Other Tech Role,Remote,Other US,Mid,Remote,138500.0,124274.0,"C++, Python"
Other Tech Role,Remote,Other US,Mid,Remote,110000.0,124274.0,"Julia, Bash, Java, Python"
Other Tech Role,Remote,Other US,Mid,Remote,105500.0,124274.0,"Bash, Julia, SQL, Python"
Other Tech Role,Remote,Other US,Mid,Remote,134500.0,124274.0,"C++, Julia, Python"
Other Tech Role,Remote,Other US,Mid,Remote,156500.0,124274.0,Go
Other Tech Role,Remote,Other US,Mid,Remote,114000.0,124274.0,"R, Python"
Data Engineer,Remote,Other US,Mid,Remote,144000.0,122596.0,Bash
Data Engineer,Remote,Other US,Mid,Remote,95500.0,122596.0,"Bash, SQL, Java, Python"
Data Engineer,Remote,Other US,Mid,Remote,101000.0,122596.0,"Go, R, Bash, Python"
Data Engineer,Remote,Other US,Mid,Remote,104000.0,122596.0,"Go, R, Scala, Python"
Data Scientist,Remote,Other US,Mid,Remote,148000.0,130570.0,"Go, Bash, SQL, Python"
Other Tech Role,Remote,Other US,Mid,Remote,143500.0,124274.0,"Scala, Python"
Other Tech Role,Remote,Other US,Mid,Remote,146000.0,124274.0,C++
Other Tech Role,Remote,Other US,Mid,Remote,145000.0,124274.0,"Scala, Julia"
Other Tech Role,Remote,Other US,Mid,Remote,144500.0,124274.0,"Go, R, Python"
Other Tech Role,Remote,Other US,Mid,Remote,105500.0,124274.0,"Scala, Java, Go, Python"
Other Tech Role,Remote,Other US,Mid,Remote,113000.0,124274.0,"Bash, Python"
ML/AI Engineer,Remote,Other US,Mid,Remote,109000.0,125542.0,"C++, Python"
Other Tech Role,Remote,Other US,Mid,Remote,138000.0,124274.0,"R, Go, Bash, Python"
Other Tech Role,Remote,Other US,Mid,Remote,148500.0,124274.0,"Java, Scala, Python"
Other Tech Role,Remote,Other US,Mid,Remote,96500.0,124274.0,"SQL, Python"
ML/AI Engineer,Remote,Other US,Mid,Remote,142500.0,125542.0,"SQL, Go, Python"
ML/AI Engineer,Remote,Other US,Mid,Remote,142000.0,125542.0,"Java, Python"
ML/AI Engineer,Remote,Other US,Mid,Remote,140000.0,125542.0,"Bash, Julia, R, Python"
ML/AI Engineer,Remote,Other US,Mid,Remote,103000.0,125542.0,"R, Python"
ML/AI Engineer,Remote,Other US,Mid,Remote,101500.0,125542.0,"SQL, Python"
ML/AI Engineer,Remote,Other US,Mid,Remote,104000.0,125542.0,"Go, Julia, Scala, Python"
ML/AI Engineer,Remote,Other US,Mid,Remote,110500.0,125542.0,"Go, SQL, Python"
ML/AI Engineer,Remote,Other US,Mid,Remote,110000.0,125542.0,"R, Java, SQL, Python"
ML/AI Engineer,Remote,Other US,Mid,Remote,135000.0,125542.0,"Scala, Go, Python"
ML/AI Engineer,Remote,Other US,Mid,Remote,135500.0,125542.0,"Julia, R, Python"
ML/AI Engineer,Remote,Other US,Mid,Remote,116000.0,125542.0,"Bash, Python"
Other Tech Role,Remote,Other US,Mid,Remote,148500.0,124274.0,"C++, SQL, Python"
Other Tech Role,Remote,Other US,Mid,Remote,106500.0,124274.0,"Go, Bash, Python"
Other Tech Role,Remote,Other US,Mid,Remote,113500.0,124274.0,"C++, R, Python"
Other Tech Role,Remote,Other US,Mid,Remote,146000.0,124274.0,"SQL, C++, Python"
Other Tech Role,Remote,Other US,Mid,Remote,145500.0,124274.0,"Go, Java, R, Python"
Other Tech Role,Remote,Other US,Mid,Remote,156500.0,124274.0,"C++, Python"
Other Tech Role,Remote,Other US,Mid,Remote,108500.0,124274.0,"SQL, Java, Python"
ML/AI Engineer,Remote,Other US,Mid,Remote,151000.0,125542.0,"Bash, Python"
ML/AI Engineer,Remote,Other US,Mid,Remote,98500.0,125542.0,"Julia, Scala, Python"
ML/AI Engineer,Remote,Other US,Mid,Remote,134000.0,125542.0,"Julia, Python"
ML/AI Engineer,Remote,Other US,Mid,Remote,100000.0,125542.0,"Java, Julia, Bash, Python"
ML/AI Engineer,Remote,Other US,Mid,Remote,111500.0,125542.0,"C++, Python, Scala"
Other Tech Role,Remote,Other US,Mid,Remote,152500.0,124274.0,"Java, Python"
Other Tech Role,Remote,Other US,Mid,Remote,101500.0,124274.0,"R, Scala, Python"
Other Tech Role,Remote,Other US,Mid,Remote,111500.0,124274.0,"C++, Python"
Other Tech Role,Remote,Other US,Mid,Remote,142500.0,124274.0,"Scala, Julia, Bash, Python"
Other Tech Role,Remote,Other US,Mid,Remote,155000.0,124274.0,"SQL, Java, Python"
Other Tech Role,Remote,Other US,Mid,Remote,107000.0,124274.0,"Go, Python"
Data Engineer,Remote,Other US,Mid,Remote,109000.0,122596.0,"Julia, Scala, SQL, Python"
Data Engineer,Remote,Other US,Mid,Remote,106500.0,122596.0,"Scala, Python"
Data Scientist,Remote,Other US,Mid,Remote,149500.0,130570.0,"R, Python"
Other Tech Role,Remote,Other US,Mid,Remote,131500.0,124274.0,"Julia, Java, Scala, Python"
Other Tech Role,Remote,Other US,Mid,Remote,106000.0,124274.0,"Go, Scala, Python"
Other Tech Role,Remote,Other US,Mid,Remote,109000.0,124274.0,"C++, Python"
ML/AI Engineer,Remote,Other US,Mid,Remote,139000.0,125542.0,"Julia, Python"
ML/AI Engineer,Remote,Other US,Mid,Remote,143000.0,125542.0,"C++, Python"
ML/AI Engineer,Remote,Other US,Mid,Remote,143500.0,125542.0,"R, Go, SQL, Python"
Other Tech Role,Remote,Other US,Mid,Remote,115500.0,124274.0,"SQL, Python"
ML/AI Engineer,Remote,Other US,Mid,Remote,139500.0,125542.0,"Java, Python"
ML/AI Engineer,Remote,Other US,Mid,Remote,153500.0,125542.0,"Julia, Python"
ML/AI Engineer,Remote,Other US,Mid,Remote,97000.0,125542.0,"Bash, R, Python"
ML/AI Engineer,Remote,Other US,Mid,Remote,106500.0,125542.0,"Julia, C++, Python"
ML/AI Engineer,Remote,Other US,Mid,Remote,134500.0,125542.0,"R, Julia, Bash"
ML/AI Engineer,Remote,Other US,Mid,Remote,109500.0,125542.0,"C++, Java, Go, Python"
ML/AI Engineer,Remote,Other US,Mid,Remote,131000.0,125542.0,"Bash, SQL, Python"
ML/AI Engineer,Remote,Other US,Mid,Remote,147000.0,125542.0,"R, Python"
ML/AI Engineer,Remote,Other US,Mid,Remote,98500.0,125542.0,"Bash, Python"
ML/AI Engineer,Remote,Other US,Mid,Remote,101000.0,125542.0,"R, Julia, Python"
ML/AI Engineer,Remote,Other US,Mid,Remote,144000.0,125542.0,"Go, Python, C++"
ML/AI Engineer,Remote,Other US,Mid,Remote,109000.0,125542.0,"R, C++, Python"
Other Tech Role,Remote,Other US,Mid,Remote,139000.0,124274.0,"Scala, Python"
Other Tech Role,Remote,Other US,Mid,Remote,148500.0,124274.0,"Java, Go, Python"
Other Tech Role,Remote,Other US,Mid,Remote,153500.0,124274.0,"R, Bash, Python"
Other Tech Role,Remote,Other US,Mid,Remote,100500.0,124274.0,"Bash, C++, Python"
Other Tech Role,Remote,Other US,Mid,Remote,105000.0,124274.0,"Julia, C++, Python"
Other Tech Role,Remote,Other US,Mid,Remote,102000.0,124274.0,"Java, R, C++, Python"
Other Tech Role,Remote,Other US,Mid,Remote,139000.0,124274.0,"Julia, Bash, Python"
Other Tech Role,Remote,Other US,Mid,Remote,154500.0,124274.0,"Go, R, Julia, Python"
Other Tech Role,Remote,Other US,Mid,Remote,145500.0,124274.0,"SQL, Python"
Other Tech Role,Remote,Other US,Mid,Remote,112500.0,124274.0,"Scala, Python"
Other Tech Role,Remote,Other US,Mid,Remote,109000.0,124274.0,"Bash, Scala, Java, Python"
Other Tech Role,Remote,Other US,Mid,Remote,105500.0,124274.0,"Python, Go"
ML/AI Engineer,Remote,Other US,Mid,Remote,149000.0,125542.0,"R, Julia"
ML/AI Engineer,Remote,Other US,Mid,Remote,108000.0,125542.0,"Java, Python"
ML/AI Engineer,Remote,Other US,Mid,Remote,132500.0,125542.0,"SQL, Python"
ML/AI Engineer,Remote,Other US,Mid,Remote,159000.0,125542.0,"Go, Java, Python"
ML/AI Engineer,Remote,Other US,Mid,Remote,102000.0,125542.0,"SQL, Scala, Python"
ML/AI Engineer,Remote,Other US,Mid,Remote,148000.0,125542.0,"Scala, Python"
ML/AI Engineer,Remote,Other US,Mid,Remote,103500.0,125542.0,"Python, R, Go"
ML/AI Engineer,Remote,Other US,Mid,Remote,105000.0,125542.0,"Bash, Python"
Other Tech Role,Remote,Other US,Mid,Remote,139500.0,124274.0,"R, Scala, Java, Python"
Other Tech Role,Remote,Other US,Mid,Remote,118000.0,124274.0,"Java, Go, Scala, Python"
Other Tech Role,Remote,Other US,Mid,Remote,98000.0,124274.0,"Scala, C++"
Data Engineer,Remote,Other US,Mid,Remote,137000.0,122596.0,"SQL, R, Python"
Data Engineer,Remote,Other US,Mid,Remote,146000.0,122596.0,"C++, SQL, Python"
Data Engineer,Remote,Other US,Mid,Remote,105000.0,122596.0,"C++, Go, R, Python"
Data Scientist,Remote,Other US,Mid,Remote,143500.0,130570.0,"R, Scala, Java, Python"
Other Tech Role,Remote,Other US,Mid,Remote,110500.0,124274.0,"Python, Java"
Other Tech Role,Remote,Other US,Mid,Remote,101000.0,124274.0,"Go, Python"
Other Tech Role,Remote,Other US,Mid,Remote,98500.0,124274.0,"R, Java, Scala, Python"
ML/AI Engineer,Remote,Other US,Mid,Remote,111000.0,125542.0,"Julia, Python"
ML/AI Engineer,Remote,Other US,Mid,Remote,106500.0,125542.0,"C++, Python"
Other Tech Role,Remote,Other US,Mid,Remote,148000.0,124274.0,"Go, C++, SQL, Python"
Other Tech Role,Remote,Other US,Mid,Remote,112500.0,124274.0,"C++, R, Bash, Python"
Other Tech Role,Remote,Other US,Mid,Remote,104000.0,124274.0,"Bash, SQL, Scala, Python"
ML/AI Engineer,Remote,Other US,Mid,Remote,111000.0,125542.0,"Go, Bash, Python"
ML/AI Engineer,Remote,Other US,Mid,Remote,104000.0,125542.0,"Python, R, SQL"
ML/AI Engineer,Remote,Other US,Mid,Remote,106500.0,125542.0,"C++, Python"
ML/AI Engineer,Remote,Other US,Mid,Remote,108500.0,125542.0,"Java, R, SQL, Python"
ML/AI Engineer,Remote,Other US,Mid,Remote,111500.0,125542.0,"Julia, Scala, R"
ML/AI Engineer,Remote,Other US,Mid,Remote,145000.0,125542.0,"Julia, SQL, Scala, Python"
ML/AI Engineer,Remote,Other US,Mid,Remote,107500.0,125542.0,"Scala, Python, Java"
Other Tech Role,Remote,Other US,Mid,Remote,113000.0,124274.0,"Java, Python"
Other Tech Role,Remote,Other US,Mid,Remote,144500.0,124274.0,"Go, Python"
Other Tech Role,Remote,Other US,Mid,Remote,133500.0,124274.0,"Bash, Python"
Other Tech Role,Remote,Other US,Mid,Remote,133500.0,124274.0,"R, Python"
Other Tech Role,Remote,Other US,Mid,Remote,113000.0,124274.0,"Bash, Java, Python"
Other Tech Role,Remote,Other US,Mid,Remote,112500.0,124274.0,"Bash, Scala, Go, Python"
Other Tech Role,Remote,Other US,Mid,Remote,99000.0,124274.0,"Go, Scala, Java, Python"
ML/AI Engineer,Remote,Other US,Mid,Remote,112500.0,125542.0,"SQL, Java, Go, Python"
ML/AI Engineer,Remote,Other US,Mid,Remote,99000.0,125542.0,"Scala, C++, Python"
ML/AI Engineer,Remote,Other US,Mid,Remote,150500.0,125542.0,"Scala, Julia, Java, Python"
ML/AI Engineer,Remote,Other US,Mid,Remote,112500.0,125542.0,"C++, Go, Python"
ML/AI Engineer,Remote,Other US,Mid,Remote,104500.0,125542.0,"Java, Python"
ML/AI Engineer,Remote,Other US,Mid,Remote,139500.0,125542.0,"Scala, Python"
ML/AI Engineer,Remote,Other US,Mid,Remote,143500.0,125542.0,"Scala, Python"
ML/AI Engineer,Remote,Other US,Mid,Remote,144000.0,125542.0,Python
ML/AI Engineer,Remote,Other US,Mid,Remote,154500.0,125542.0,"Go, Scala, C++, Python"
ML/AI Engineer,Remote,Other US,Mid,Remote,102000.0,125542.0,"C++, Python"
ML/AI Engineer,Remote,Other US,Mid,Remote,107000.0,125542.0,"Julia, Bash, SQL, Python"
Other Tech Role,Remote,Other US,Mid,Remote,136500.0,124274.0,"Bash, C++, Java"
Other Tech Role,Remote,Other US,Mid,Remote,152000.0,124274.0,"Java, C++, SQL, Python"
Other Tech Role,Remote,Other US,Mid,Remote,150500.0,124274.0,"Scala, Python"
Other Tech Role,Remote,Other US,Mid,Remote,153500.0,124274.0,"Bash, C++, Julia, Python"
Other Tech Role,Remote,Other US,Mid,Remote,110500.0,124274.0,"Go, Scala, Python"
Other Tech Role,Remote,Other US,Mid,Remote,98500.0,124274.0,"R, Java, SQL, Python"
Other Tech Role,Remote,Other US,Mid,Remote,101500.0,124274.0,"SQL, C++, Python"
Other Tech Role,Remote,Other US,Mid,Remote,137000.0,124274.0,"Java, Julia, R, Python"
Other Tech Role,Remote,Other US,Mid,Remote,108500.0,124274.0,"Java, R, Bash"
Data Engineer,Remote,Other US,Mid,Remote,112000.0,122596.0,"Scala, Python"
Data Scientist,Remote,Other US,Mid,Remote,143000.0,130570.0,"Go, Scala, Python"
ML/AI Engineer,Remote,Other US,Mid,Remote,142500.0,125542.0,"Julia, Scala, Python"
ML/AI Engineer,Remote,Other US,Mid,Remote,104500.0,125542.0,"SQL, Scala, Python"
Other Tech Role,Remote,Other US,Mid,Remote,133500.0,124274.0,"C++, Julia, Python"
Other Tech Role,Remote,Other US,Mid,Remote,140000.0,124274.0,"Bash, Python"
Other Tech Role,Remote,Other US,Mid,Remote,103500.0,124274.0,"Julia, Java, Python"
ML/AI Engineer,Remote,Other US,Mid,Remote,142000.0,125542.0,"SQL, Julia, Python"
ML/AI Engineer,Remote,Other US,Mid,Remote,138000.0,125542.0,"R, Java, Julia, Python"
ML/AI Engineer,Remote,Other US,Mid,Remote,107000.0,125542.0,"R, Julia, Python"
ML/AI Engineer,Remote,Other US,Mid,Remote,142500.0,125542.0,"SQL, Python, Go"
ML/AI Engineer,Remote,Other US,Mid,Remote,151500.0,125542.0,"R, Python, Julia"
ML/AI Engineer,Remote,Other US,Mid,Remote,139000.0,125542.0,"Python, Bash, Java"
ML/AI Engineer,Remote,Other US,Mid,Remote,106000.0,125542.0,"R, Python"
ML/AI Engineer,Remote,Other US,Mid,Remote,112000.0,125542.0,"R, Java, SQL, Python"
Other Tech Role,Remote,Other US,Mid,Remote,136000.0,124274.0,Python
Other Tech Role,Remote,Other US,Mid,Remote,152000.0,124274.0,"C++, Python"
Other Tech Role,Remote,Other US,Mid,Remote,142500.0,124274.0,"Java, Julia, C++, Python"
Other Tech Role,Remote,Other US,Mid,Remote,148500.0,124274.0,"R, Python"
Other Tech Role,Remote,Other US,Mid,Remote,155500.0,124274.0,"R, Julia, Python"
Other Tech Role,Remote,Other US,Mid,Remote,153000.0,124274.0,"Bash, Python"
Other Tech Role,Remote,Other US,Mid,Remote,117000.0,124274.0,"Julia, R, Python"
Other Tech Role,Remote,Other US,Mid,Remote,108000.0,124274.0,"Bash, Python"
Other Tech Role,Remote,Other US,Mid,Remote,107000.0,124274.0,"Python, Julia"
Other Tech Role,Remote,Other US,Mid,Remote,141000.0,124274.0,"SQL, Bash, Go, Python"
Other Tech Role,Remote,Other US,Mid,Remote,97500.0,124274.0,"SQL, R, Python"
Other Tech Role,Remote,Other US,Mid,Remote,96500.0,124274.0,"Julia, Go, R, Python"
Other Tech Role,Remote,Other US,Mid,Remote,105000.0,124274.0,"Java, Python"
Other Tech Role,Remote,Other US,Mid,Remote,107500.0,124274.0,"C++, Python"
ML/AI Engineer,Remote,Other US,Mid,Remote,103000.0,125542.0,"R, Python"
ML/AI Engineer,Remote,Other US,Mid,Remote,143000.0,125542.0,"Java, Python"
ML/AI Engineer,Remote,Other US,Mid,Remote,147000.0,125542.0,"C++, SQL, Python"
ML/AI Engineer,Remote,Other US,Mid,Remote,105000.0,125542.0,"C++, Bash, Go, Python"
ML/AI Engineer,Remote,Other US,Mid,Remote,139500.0,125542.0,"Java, Python"
ML/AI Engineer,Remote,Other US,Mid,Remote,106000.0,125542.0,"Julia, Python"
ML/AI Engineer,Remote,Other US,Mid,Remote,115000.0,125542.0,"C++, Bash, Julia"
Other Tech Role,Remote,Other US,Mid,Remote,148000.0,124274.0,"C++, Bash, Python"
Other Tech Role,Remote,Other US,Mid,Remote,143500.0,124274.0,"Python, Go"
Other Tech Role,Remote,Other US,Mid,Remote,110000.0,124274.0,"Python, R, Scala"
Data Engineer,Remote,Other US,Mid,Remote,141500.0,122596.0,"C++, SQL, Python"
Data Engineer,Remote,Other US,Mid,Remote,142000.0,122596.0,"Python, Scala, Go"
Data Engineer,Remote,Other US,Mid,Remote,142500.0,122596.0,"Bash, Java, Julia, Python"
Data Engineer,Remote,Other US,Mid,Remote,112000.0,122596.0,"Java, Scala, Julia, Python"
Data Scientist,Remote,Other US,Mid,Remote,140500.0,130570.0,"SQL, Go, Java, Python"
Other Tech Role,Remote,Other US,Mid,Remote,115000.0,124274.0,"Scala, Python"
ML/AI Engineer,Remote,Other US,Mid,Remote,136500.0,125542.0,"Go, Java, C++, Python"
ML/AI Engineer,Remote,Other US,Mid,Remote,133000.0,125542.0,"SQL, Julia, Python"
ML/AI Engineer,Remote,Other US,Mid,Remote,142000.0,125542.0,"C++, Python"
ML/AI Engineer,Remote,Other US,Mid,Remote,151500.0,125542.0,"R, Go, Python"
ML/AI Engineer,Remote,Other US,Mid,Remote,102500.0,125542.0,"Bash, Python, Go"
ML/AI Engineer,Remote,Other US,Mid,Remote,104500.0,125542.0,"Java, Bash, Python"
ML/AI Engineer,Remote,Other US,Mid,Remote,107500.0,125542.0,"Go, R, C++, Python"
Other Tech Role,Remote,Other US,Mid,Remote,139500.0,124274.0,"Go, Python"
ML/AI Engineer,Remote,Other US,Mid,Remote,140500.0,125542.0,Python
ML/AI Engineer,Remote,Other US,Mid,Remote,109500.0,125542.0,"SQL, Bash, Java, Python"
ML/AI Engineer,Remote,Other US,Mid,Remote,106500.0,125542.0,"Julia, Python"
ML/AI Engineer,Remote,Other US,Mid,Remote,104000.0,125542.0,"C++, SQL, Python"
ML/AI Engineer,Remote,Other US,Mid,Remote,102000.0,125542.0,Python
ML/AI Engineer,Remote,Other US,Mid,Remote,103500.0,125542.0,"Bash, Julia, Python"
Other Tech Role,Remote,Other US,Mid,Remote,132000.0,124274.0,"Bash, Python"
Other Tech Role,Remote,Other US,Mid,Remote,142500.0,124274.0,"Java, Python"
Other Tech Role,Remote,Other US,Mid,Remote,146500.0,124274.0,"Java, Bash, Python"
Other Tech Role,Remote,Other US,Mid,Remote,154000.0,124274.0,"C++, Python"
Other Tech Role,Remote,Other US,Mid,Remote,100500.0,124274.0,"Java, Bash, Go, Python"
Other Tech Role,Remote,Other US,Mid,Remote,107500.0,124274.0,"Go, Python"
ML/AI Engineer,Remote,Other US,Mid,Remote,145500.0,125542.0,Java
ML/AI Engineer,Remote,Other US,Mid,Remote,105500.0,125542.0,"SQL, Go, Python"
ML/AI Engineer,Remote,Other US,Mid,Remote,138500.0,125542.0,"Go, Python"
ML/AI Engineer,Remote,Other US,Mid,Remote,147500.0,125542.0,"Python, SQL"
ML/AI Engineer,Remote,Other US,Mid,Remote,145000.0,125542.0,"Bash, Python"
ML/AI Engineer,Remote,Other US,Mid,Remote,148000.0,125542.0,"R, Bash, Python"
ML/AI Engineer,Remote,Other US,Mid,Remote,97000.0,125542.0,"Go, Python"
ML/AI Engineer,Remote,Other US,Mid,Remote,151500.0,125542.0,"Julia, Python, R"
ML/AI Engineer,Remote,Other US,Mid,Remote,144500.0,125542.0,"SQL, Python"
Other Tech Role,Remote,Other US,Mid,Remote,140000.0,124274.0,"Java, Python"
Other Tech Role,Remote,Other US,Mid,Remote,111500.0,124274.0,"Scala, Go, Python"
Other Tech Role,Remote,Other US,Mid,Remote,105500.0,124274.0,"Scala, Bash, Python"
Data Engineer,Remote,Other US,Mid,Remote,108500.0,122596.0,"Julia, R, Python"
Data Scientist,Remote,Other US,Mid,Remote,136500.0,130570.0,"R, SQL, Bash, Python"
Data Scientist,Remote,Other US,Mid,Remote,107500.0,130570.0,"C++, Python"
Other Tech Role,Remote,Other US,Mid,Remote,118000.0,124274.0,"Julia, Java, Python"
Other Tech Role,Remote,Other US,Mid,Remote,104500.0,124274.0,"C++, Scala, Go, Python"
Other Tech Role,Remote,Other US,Mid,Remote,98500.0,124274.0,"Java, Bash, Python"
ML/AI Engineer,Remote,Other US,Mid,Remote,140500.0,125542.0,"SQL, Scala, Julia, Python"
ML/AI Engineer,Remote,Other US,Mid,Remote,103500.0,125542.0,"Julia, Python"
ML/AI Engineer,Remote,Other US,Mid,Remote,109000.0,125542.0,"Java, Scala, Python"
ML/AI Engineer,Remote,Other US,Mid,Remote,109500.0,125542.0,"Go, SQL, Python"
Other Tech Role,Remote,Other US,Mid,Remote,139000.0,124274.0,"C++, Julia, Python"
Other Tech Role,Remote,Other US,Mid,Remote,96000.0,124274.0,"Scala, Python"
Other Tech Role,Remote,Other US,Mid,Remote,106500.0,124274.0,"Java, C++, Julia, Python"
ML/AI Engineer,Remote,Other US,Mid,Remote,107000.0,125542.0,"SQL, Python"
ML/AI Engineer,Remote,Other US,Mid,Remote,100500.0,125542.0,"Go, Python"
ML/AI Engineer,Remote,Other US,Mid,Remote,111500.0,125542.0,"SQL, Python"
ML/AI Engineer,Remote,Other US,Mid,Remote,145000.0,125542.0,"Go, Python, C++"
ML/AI Engineer,Remote,Other US,Mid,Remote,132000.0,125542.0,"Go, Bash, Python"
ML/AI Engineer,Remote,Other US,Mid,Remote,151000.0,125542.0,"Scala, Go, Python"
ML/AI Engineer,Remote,Other US,Mid,Remote,153000.0,125542.0,"R, SQL, Julia, Python"
Other Tech Role,Remote,Other US,Mid,Remote,148500.0,124274.0,"C++, Python"
Other Tech Role,Remote,Other US,Mid,Remote,155000.0,124274.0,"SQL, Python"
Other Tech Role,Remote,Other US,Mid,Remote,107000.0,124274.0,"Java, Python"
Other Tech Role,Remote,Other US,Mid,Remote,140500.0,124274.0,"Bash, SQL, Julia, Python"
Other Tech Role,Remote,Other US,Mid,Remote,139500.0,124274.0,"C++, Go, Python"
ML/AI Engineer,Remote,Other US,Mid,Remote,146500.0,125542.0,"SQL, Java, R, Python"
ML/AI Engineer,Remote,Other US,Mid,Remote,136500.0,125542.0,"R, Go, SQL, Python"
ML/AI Engineer,Remote,Other US,Mid,Remote,145000.0,125542.0,"Julia, Python, Go"
ML/AI Engineer,Remote,Other US,Mid,Remote,112000.0,125542.0,"R, Bash, Scala, Python"
ML/AI Engineer,Remote,Other US,Mid,Remote,107500.0,125542.0,"Go, Python, Java"
ML/AI Engineer,Remote,Other US,Mid,Remote,109500.0,125542.0,"SQL, Python, Scala"
ML/AI Engineer,Remote,Other US,Mid,Remote,107500.0,125542.0,"Julia, R, Go, Python"
ML/AI Engineer,Remote,Other US,Mid,Remote,153000.0,125542.0,"Bash, Python"
ML/AI Engineer,Remote,Other US,Mid,Remote,109500.0,125542.0,"SQL, R, Julia, Python"
Other Tech Role,Remote,Other US,Mid,Remote,151000.0,124274.0,"Bash, Python"
Other Tech Role,Remote,Other US,Mid,Remote,108000.0,124274.0,"SQL, Java, Go, Python"
Other Tech Role,Remote,Other US,Mid,Remote,135000.0,124274.0,"C++, Scala, Python"
Other Tech Role,Remote,Other US,Mid,Remote,139500.0,124274.0,"C++, Python, R"
Data Engineer,Remote,Other US,Mid,Remote,111500.0,122596.0,"Java, Scala, Python"
Other Tech Role,Remote,Other US,Mid,Remote,128500.0,124274.0,Python
ML/AI Engineer,Remote,Other US,Mid,Remote,138500.0,125542.0,Python
ML/AI Engineer,Remote,Other US,Mid,Remote,157000.0,125542.0,"Julia, Python"
Other Tech Role,Remote,Other US,Mid,Remote,138000.0,124274.0,"Java, C++, Python"
Other Tech Role,Remote,Other US,Mid,Remote,108500.0,124274.0,"SQL, R, Python"
Other Tech Role,Remote,Other US,Mid,Remote,97000.0,124274.0,"Julia, Python"
ML/AI Engineer,Remote,Other US,Mid,Remote,151500.0,125542.0,"Bash, Python"
ML/AI Engineer,Remote,Other US,Mid,Remote,157000.0,125542.0,"Bash, R, C++, Python"
ML/AI Engineer,Remote,Other US,Mid,Remote,148500.0,125542.0,"R, C++, Python"
ML/AI Engineer,Remote,Other US,Mid,Remote,115500.0,125542.0,"R, Bash, Python"
ML/AI Engineer,Remote,Other US,Mid,Remote,101000.0,125542.0,"Go, Python"
ML/AI Engineer,Remote,Other US,Mid,Remote,100000.0,125542.0,"C++, Bash, SQL, Python"
ML/AI Engineer,Remote,Other US,Mid,Remote,106000.0,125542.0,"R, Python"
ML/AI Engineer,Remote,Other US,Mid,Remote,147500.0,125542.0,"Bash, Python"
ML/AI Engineer,Remote,Other US,Mid,Remote,110000.0,125542.0,"Java, Scala, SQL, Python"
ML/AI Engineer,Remote,Other US,Mid,Remote,111500.0,125542.0,"Go, Bash, Julia, Python"
ML/AI Engineer,Remote,Other US,Mid,Remote,113500.0,125542.0,"C++, Python"
ML/AI Engineer,Remote,Other US,Mid,Remote,100000.0,125542.0,"Scala, R, Python"
Other Tech Role,Remote,Other US,Mid,Remote,139000.0,124274.0,"Bash, Python"
Other Tech Role,Remote,Other US,Mid,Remote,102000.0,124274.0,"SQL, R, Julia, Python"
Other Tech Role,Remote,Other US,Mid,Remote,108000.0,124274.0,"C++, R, Python"
Other Tech Role,Remote,Other US,Mid,Remote,138500.0,124274.0,"Java, Scala, Python"
Other Tech Role,Remote,Other US,Mid,Remote,150000.0,124274.0,"C++, Java, Julia, Python"
Other Tech Role,Remote,Other US,Mid,Remote,106000.0,124274.0,"Scala, SQL, Bash, Python"
Other Tech Role,Remote,Other US,Mid,Remote,101500.0,124274.0,"R, Python"
Other Tech Role,Remote,Other US,Mid,Remote,111500.0,124274.0,"Java, SQL, Python"
Other Tech Role,Remote,Other US,Mid,Remote,107000.0,124274.0,"Scala, Java, C++"
Other Tech Role,Remote,Other US,Mid,Remote,147500.0,124274.0,"Java, Python"
Other Tech Role,Remote,Other US,Mid,Remote,98500.0,124274.0,"Go, Bash, Python"
ML/AI Engineer,Remote,Other US,Mid,Remote,150500.0,125542.0,"Julia, Python"
ML/AI Engineer,Remote,Other US,Mid,Remote,139000.0,125542.0,"R, Python"
ML/AI Engineer,Remote,Other US,Mid,Remote,101500.0,125542.0,"SQL, Bash, Python"
ML/AI Engineer,Remote,Other US,Mid,Remote,139500.0,125542.0,"Java, Python"
ML/AI Engineer,Remote,Other US,Mid,Remote,141500.0,125542.0,Python
ML/AI Engineer,Remote,Other US,Mid,Remote,153500.0,125542.0,"Bash, C++, Python"
ML/AI Engineer,Remote,Other US,Mid,Remote,110000.0,125542.0,"Go, C++, Julia, Python"
ML/AI Engineer,Remote,Other US,Mid,Remote,107000.0,125542.0,"Java, Python"
ML/AI Engineer,Remote,Other US,Mid,Remote,110000.0,125542.0,Python
ML/AI Engineer,Remote,Other US,Mid,Remote,149000.0,125542.0,"Julia, Scala, Java, Python"
ML/AI Engineer,Remote,Other US,Mid,Remote,144000.0,125542.0,"Julia, Python"
Other Tech Role,Remote,Other US,Mid,Remote,102000.0,124274.0,"Bash, Python"
Other Tech Role,Remote,Other US,Mid,Remote,152000.0,124274.0,"SQL, Python"
Data Engineer,Remote,Other US,Mid,Remote,140500.0,122596.0,"Go, R, SQL, Python"
Data Engineer,Remote,Other US,Mid,Remote,110000.0,122596.0,"Go, Bash"
Data Scientist,Remote,Other US,Mid,Remote,107500.0,130570.0,"SQL, Python"
Data Scientist,Remote,Other US,Mid,Remote,106500.0,130570.0,"Julia, SQL, Python"
Other Tech Role,Remote,Other US,Mid,Remote,137000.0,124274.0,"Java, Bash, Python"
Other Tech Role,Remote,Other US,Mid,Remote,145500.0,124274.0,"Go, C++, Python"
Other Tech Role,Remote,Other US,Mid,Remote,152000.0,124274.0,"Bash, Python"
Other Tech Role,Remote,Other US,Mid,Remote,106500.0,124274.0,"Java, Bash, Python"
Other Tech Role,Remote,Other US,Mid,Remote,131000.0,124274.0,"Julia, Python"
Other Tech Role,Remote,Other US,Mid,Remote,118000.0,124274.0,"Go, Python"
Other Tech Role,Remote,Other US,Mid,Remote,106500.0,124274.0,"Java, Python"
ML/AI Engineer,Remote,Other US,Mid,Remote,130500.0,125542.0,"SQL, Java, Scala, Python"
ML/AI Engineer,Remote,Other US,Mid,Remote,151000.0,125542.0,"Bash, Java, Python"
ML/AI Engineer,Remote,Other US,Mid,Remote,100000.0,125542.0,"Julia, Scala, Python"
ML/AI Engineer,Remote,Other US,Mid,Remote,100500.0,125542.0,"Julia, Python"
ML/AI Engineer,Remote,Other US,Mid,Remote,147000.0,125542.0,"Python, Julia"
ML/AI Engineer,Remote,Other US,Mid,Remote,149000.0,125542.0,"Julia, Python"
ML/AI Engineer,Remote,Other US,Mid,Remote,108500.0,125542.0,Python
ML/AI Engineer,Remote,Other US,Mid,Remote,109500.0,125542.0,Python
ML/AI Engineer,Remote,Other US,Mid,Remote,100500.0,125542.0,"C++, Go, Java, Python"
Other Tech Role,Remote,Other US,Mid,Remote,109000.0,124274.0,"C++, Python"
Other Tech Role,Remote,Other US,Mid,Remote,109500.0,124274.0,"Julia, Java, Python"
Other Tech Role,Remote,Other US,Mid,Remote,143000.0,124274.0,"R, Java, Julia, Python"
Other Tech Role,Remote,Other US,Mid,Remote,115000.0,124274.0,"Java, Bash, C++, Python"
Other Tech Role,Remote,Other US,Mid,Remote,99000.0,124274.0,"Go, Python, Scala"
Other Tech Role,Remote,Other US,Mid,Remote,112000.0,124274.0,"C++, Scala, Python"
Other Tech Role,Remote,Other US,Mid,Remote,134500.0,124274.0,"Bash, Python"
Other Tech Role,Remote,Other US,Mid,Remote,102000.0,124274.0,"Julia, Go, Bash, Python"
ML/AI Engineer,Remote,Other US,Mid,Remote,158500.0,125542.0,"R, Go, Python"
ML/AI Engineer,Remote,Other US,Mid,Remote,112000.0,125542.0,"R, Bash"
ML/AI Engineer,Remote,Other US,Mid,Remote,140000.0,125542.0,"SQL, Python"
ML/AI Engineer,Remote,Other US,Mid,Remote,105500.0,125542.0,"Go, Python"
ML/AI Engineer,Remote,Other US,Mid,Remote,134000.0,125542.0,"Julia, R, Python"
ML/AI Engineer,Remote,Other US,Mid,Remote,139500.0,125542.0,"C++, Bash, R, Python"
ML/AI Engineer,Remote,Other US,Mid,Remote,139500.0,125542.0,"SQL, Bash, Python"
ML/AI Engineer,Remote,Other US,Mid,Remote,116500.0,125542.0,"Go, Python"
Other Tech Role,Remote,Other US,Mid,Remote,152500.0,124274.0,"SQL, Julia, Python"
Other Tech Role,Remote,Other US,Mid,Remote,109000.0,124274.0,"Bash, Julia, Python"
Other Tech Role,Remote,Other US,Mid,Remote,132000.0,124274.0,"Java, Python"
Other Tech Role,Remote,Other US,Mid,Remote,115000.0,124274.0,"Scala, Python"
Other Tech Role,Remote,Other US,Mid,Remote,96500.0,124274.0,Python
Other Tech Role,Remote,Other US,Mid,Remote,98000.0,124274.0,"Java, Python, Julia"
Other Tech Role,Remote,Other US,Mid,Remote,107500.0,124274.0,"Python, C++, Go"
Other Tech Role,Remote,Other US,Mid,Remote,104000.0,124274.0,"Python, C++, Julia"
Data Engineer,Remote,Other US,Mid,Remote,148500.0,122596.0,"Python, C++"
Data Engineer,Remote,Other US,Mid,Remote,101000.0,122596.0,"SQL, Python"
Other Tech Role,Remote,Other US,Mid,Remote,148000.0,124274.0,"Python, SQL, R"
Other Tech Role,Remote,Other US,Mid,Remote,144500.0,124274.0,"Scala, C++, Python"
Other Tech Role,Remote,Other US,Mid,Remote,112500.0,124274.0,"Go, Bash, Python"
Other Tech Role,Remote,Other US,Mid,Remote,99500.0,124274.0,"SQL, Java, Python"
Other Tech Role,Remote,Other US,Mid,Remote,107000.0,124274.0,"Go, Bash, Java, Python"
Other Tech Role,Remote,Other US,Mid,Remote,104500.0,124274.0,Go
ML/AI Engineer,Remote,Other US,Mid,Remote,132500.0,125542.0,"Scala, Python"
Other Tech Role,Remote,Other US,Mid,Remote,146000.0,124274.0,Python
Other Tech Role,Remote,Other US,Mid,Remote,149500.0,124274.0,"Python, Java, SQL"
Other Tech Role,Remote,Other US,Mid,Remote,108500.0,124274.0,"Java, Bash, Python"
Other Tech Role,Remote,Other US,Mid,Remote,108500.0,124274.0,"Java, C++, Python"
ML/AI Engineer,Remote,Other US,Mid,Remote,105000.0,125542.0,"Go, C++, Scala, Python"
ML/AI Engineer,Remote,Other US,Mid,Remote,147500.0,125542.0,"R, Scala, Python"
ML/AI Engineer,Remote,Other US,Mid,Remote,99500.0,125542.0,"Java, Python"
ML/AI Engineer,Remote,Other US,Mid,Remote,144000.0,125542.0,"Scala, R, Python"
ML/AI Engineer,Remote,Other US,Mid,Remote,102000.0,125542.0,"Bash, Python"
Other Tech Role,Remote,Other US,Mid,Remote,139000.0,124274.0,"C++, Python"
Other Tech Role,Remote,Other US,Mid,Remote,97000.0,124274.0,"Scala, Julia, Python"
Other Tech Role,Remote,Other US,Mid,Remote,105000.0,124274.0,"SQL, Go, Python"
Other Tech Role,Remote,Other US,Mid,Remote,131000.0,124274.0,"Scala, Go, C++, Python"
Other Tech Role,Remote,Other US,Mid,Remote,151500.0,124274.0,"C++, SQL, Julia, Python"
Other Tech Role,Remote,Other US,Mid,Remote,159000.0,124274.0,"Java, C++, Python"
Other Tech Role,Remote,Other US,Mid,Remote,96000.0,124274.0,"Scala, Python"
Other Tech Role,Remote,Other US,Mid,Remote,109500.0,124274.0,"Python, Go, R"
ML/AI Engineer,Remote,Other US,Mid,Remote,112500.0,125542.0,"C++, Julia, Bash"
ML/AI Engineer,Remote,Other US,Mid,Remote,143000.0,125542.0,"C++, Go, Python"
ML/AI Engineer,Remote,Other US,Mid,Remote,149500.0,125542.0,"Bash, Python"
ML/AI Engineer,Remote,Other US,Mid,Remote,102000.0,125542.0,"Go, Java, SQL, Python"
ML/AI Engineer,Remote,Other US,Mid,Remote,111500.0,125542.0,"SQL, Python"
ML/AI Engineer,Remote,Other US,Mid,Remote,107500.0,125542.0,"Bash, Go, R, Python"
ML/AI Engineer,Remote,Other US,Mid,Remote,102000.0,125542.0,"C++, Go, Python"
Other Tech Role,Remote,Other US,Mid,Remote,147500.0,124274.0,"R, Go, Bash, Python"
Other Tech Role,Remote,Other US,Mid,Remote,115500.0,124274.0,"C++, Python"
Other Tech Role,Remote,Other US,Mid,Remote,99500.0,124274.0,"Python, Julia, C++"
Other Tech Role,Remote,Other US,Mid,Remote,147500.0,124274.0,"Scala, Java, Python"
Data Engineer,Remote,Other US,Mid,Remote,137000.0,122596.0,"Go, Python"
Data Scientist,Remote,Other US,Mid,Remote,152500.0,130570.0,"Julia, Python"
Data Scientist,Remote,Other US,Mid,Remote,108000.0,130570.0,"Bash, Scala, Julia, Python"
Other Tech Role,Remote,Other US,Mid,Remote,156000.0,124274.0,"C++, Python"
Other Tech Role,Remote,Other US,Mid,Remote,118000.0,124274.0,"R, Python"
Other Tech Role,Remote,Other US,Mid,Remote,107000.0,124274.0,"SQL, Bash"
ML/AI Engineer,Remote,Other US,Mid,Remote,142000.0,125542.0,"Bash, Python, Scala"
ML/AI Engineer,Remote,Other US,Mid,Remote,156000.0,125542.0,"Scala, C++, Bash, Python"
ML/AI Engineer,Remote,Other US,Mid,Remote,111000.0,125542.0,"R, Bash, Java, Python"
ML/AI Engineer,Remote,Other US,Mid,Remote,118000.0,125542.0,Python
ML/AI Engineer,Remote,Other US,Mid,Remote,105500.0,125542.0,"Go, Python, Julia"
Other Tech Role,Remote,Other US,Mid,Remote,101500.0,124274.0,"Python, Scala"
Other Tech Role,Remote,Other US,Mid,Remote,103000.0,124274.0,"Scala, Python"
ML/AI Engineer,Remote,Other US,Mid,Remote,139000.0,125542.0,"Bash, Python"
ML/AI Engineer,Remote,Other US,Mid,Remote,150500.0,125542.0,"Java, SQL, Go, Python"
ML/AI Engineer,Remote,Other US,Mid,Remote,98000.0,125542.0,"Bash, Scala, Python"
ML/AI Engineer,Remote,Other US,Mid,Remote,143000.0,125542.0,"SQL, Python"
ML/AI Engineer,Remote,Other US,Mid,Remote,149000.0,125542.0,"Go, R, SQL, Python"
ML/AI Engineer,Remote,Other US,Mid,Remote,108500.0,125542.0,"R, Go, C++, Python"
ML/AI Engineer,Remote,Other US,Mid,Remote,114500.0,125542.0,"SQL, R, Java, Python"
Other Tech Role,Remote,Other US,Mid,Remote,143000.0,124274.0,Python
Other Tech Role,Remote,Other US,Mid,Remote,136000.0,124274.0,"Julia, Python"
Other Tech Role,Remote,Other US,Mid,Remote,104000.0,124274.0,"Julia, Java, Python"
Other Tech Role,Remote,Other US,Mid,Remote,133500.0,124274.0,"R, Python"
Other Tech Role,Remote,Other US,Mid,Remote,108500.0,124274.0,"Bash, Java"
ML/AI Engineer,Remote,Other US,Mid,Remote,117500.0,125542.0,"Scala, Java, Python"
ML/AI Engineer,Remote,Other US,Mid,Remote,106500.0,125542.0,"Bash, Java, SQL, Python"
ML/AI Engineer,Remote,Other US,Mid,Remote,103000.0,125542.0,"Java, R, Python"
ML/AI Engineer,Remote,Other US,Mid,Remote,145000.0,125542.0,"Go, Python"
ML/AI Engineer,Remote,Other US,Mid,Remote,135500.0,125542.0,"Scala, Julia, Python"
ML/AI Engineer,Remote,Other US,Mid,Remote,115000.0,125542.0,"R, Python"
Other Tech Role,Remote,Other US,Mid,Remote,135500.0,124274.0,"Java, C++"
Other Tech Role,Remote,Other US,Mid,Remote,97000.0,124274.0,"Julia, Java"
Other Tech Role,Remote,Other US,Mid,Remote,103000.0,124274.0,"R, Python"
Other Tech Role,Remote,Other US,Mid,Remote,109000.0,124274.0,"C++, Java, Python"
Data Engineer,Remote,Other US,Mid,Remote,138500.0,122596.0,"Scala, R, Python"
Data Engineer,Remote,Other US,Mid,Remote,136500.0,122596.0,"Go, Python"
Data Scientist,Remote,Other US,Mid,Remote,152000.0,130570.0,Python
ML/AI Engineer,Remote,Other US,Mid,Remote,143500.0,125542.0,"R, SQL, Julia, Python"
Other Tech Role,Remote,Other US,Mid,Remote,141000.0,124274.0,"Scala, Python"
Other Tech Role,Remote,Other US,Mid,Remote,107000.0,124274.0,"Bash, Python, SQL"
ML/AI Engineer,Remote,Other US,Mid,Remote,149000.0,125542.0,"C++, Python"
ML/AI Engineer,Remote,Other US,Mid,Remote,157000.0,125542.0,"Java, Go, Python"
ML/AI Engineer,Remote,Other US,Mid,Remote,113000.0,125542.0,"Scala, SQL, Python"
ML/AI Engineer,Remote,Other US,Mid,Remote,98500.0,125542.0,"C++, Go, Python"
ML/AI Engineer,Remote,Other US,Mid,Remote,130500.0,125542.0,"Julia, C++, Python"
ML/AI Engineer,Remote,Other US,Mid,Remote,137500.0,125542.0,"SQL, Python"
ML/AI Engineer,Remote,Other US,Mid,Remote,102500.0,125542.0,"Java, Python"
ML/AI Engineer,Remote,Other US,Mid,Remote,108500.0,125542.0,"R, Python"
Other Tech Role,Remote,Other US,Mid,Remote,147000.0,124274.0,"Bash, Python"
Other Tech Role,Remote,Other US,Mid,Remote,153000.0,124274.0,"Java, Python"
Other Tech Role,Remote,Other US,Mid,Remote,153500.0,124274.0,"Bash, Python"
Other Tech Role,Remote,Other US,Mid,Remote,116500.0,124274.0,"C++, SQL, Bash, Python"
Other Tech Role,Remote,Other US,Mid,Remote,97000.0,124274.0,"R, Julia, Python"
Other Tech Role,Remote,Other US,Mid,Remote,106500.0,124274.0,"Java, SQL, Python"
Other Tech Role,Remote,Other US,Mid,Remote,104500.0,124274.0,"SQL, Scala, Python"
Other Tech Role,Remote,Other US,Mid,Remote,102000.0,124274.0,"Bash, R, Scala, Python"
Other Tech Role,Remote,Other US,Mid,Remote,104500.0,124274.0,"C++, R, Python"
Other Tech Role,Remote,Other US,Mid,Remote,113000.0,124274.0,"C++, Bash, Python"
ML/AI Engineer,Remote,Other US,Mid,Remote,142000.0,125542.0,"Java, Python"
ML/AI Engineer,Remote,Other US,Mid,Remote,146000.0,125542.0,"R, Python"
ML/AI Engineer,Remote,Other US,Mid,Remote,145000.0,125542.0,"Go, R, Python"
ML/AI Engineer,Remote,Other US,Mid,Remote,138000.0,125542.0,"Scala, Java, Go, Python"
ML/AI Engineer,Remote,Other US,Mid,Remote,131000.0,125542.0,"Scala, Python"
Other Tech Role,Remote,Other US,Mid,Remote,144000.0,124274.0,"SQL, C++, Java, Python"
Other Tech Role,Remote,Other US,Mid,Remote,106000.0,124274.0,"Scala, Python"
Other Tech Role,Remote,Other US,Mid,Remote,137000.0,124274.0,"Bash, C++, Python"
Other Tech Role,Remote,Other US,Mid,Remote,103000.0,124274.0,"Bash, Python"
Data Engineer,Remote,Other US,Mid,Remote,129000.0,122596.0,"Java, Go, Bash, Python"
Data Engineer,Remote,Other US,Mid,Remote,150500.0,122596.0,"Julia, SQL, Python"
Data Engineer,Remote,Other US,Mid,Remote,108500.0,122596.0,"SQL, R, Python"
Data Scientist,Remote,Other US,Mid,Remote,135000.0,130570.0,"Java, Bash, Python"
Data Scientist,Remote,Other US,Mid,Remote,137000.0,130570.0,"R, Go, Scala, Python"
Data Scientist,Remote,Other US,Mid,Remote,155000.0,130570.0,"R, Python"
Other Tech Role,Remote,Other US,Mid,Remote,101000.0,124274.0,"Scala, Python"
Other Tech Role,Remote,Other US,Mid,Remote,102500.0,124274.0,"SQL, Python"
ML/AI Engineer,Remote,Other US,Mid,Remote,142000.0,125542.0,"SQL, Scala, Bash"
ML/AI Engineer,Remote,Other US,Mid,Remote,108500.0,125542.0,"Java, Scala, Bash, Python"
Other Tech Role,Remote,Other US,Mid,Remote,146000.0,124274.0,"Julia, Go, R, Python"
Other Tech Role,Remote,Other US,Mid,Remote,102500.0,124274.0,"Java, Go, Python"
ML/AI Engineer,Remote,Other US,Mid,Remote,137500.0,125542.0,"Scala, R, Python"
ML/AI Engineer,Remote,Other US,Mid,Remote,109000.0,125542.0,"Python, Bash, Java"
ML/AI Engineer,Remote,Other US,Mid,Remote,105500.0,125542.0,"Go, Python"
ML/AI Engineer,Remote,Other US,Mid,Remote,154500.0,125542.0,"Scala, Python"
ML/AI Engineer,Remote,Other US,Mid,Remote,137000.0,125542.0,"Julia, R, Python"
ML/AI Engineer,Remote,Other US,Mid,Remote,146500.0,125542.0,"Scala, Java, Julia, Python"
ML/AI Engineer,Remote,Other US,Mid,Remote,107000.0,125542.0,Python
ML/AI Engineer,Remote,Other US,Mid,Remote,101500.0,125542.0,"R, Python"
ML/AI Engineer,Remote,Other US,Mid,Remote,131000.0,125542.0,"R, Bash, C++, Python"
Other Tech Role,Remote,Other US,Mid,Remote,156000.0,124274.0,"SQL, Python"
Other Tech Role,Remote,Other US,Mid,Remote,101500.0,124274.0,"SQL, Julia, Python"
Other Tech Role,Remote,Other US,Mid,Remote,107500.0,124274.0,"SQL, Java, Julia, Python"
Other Tech Role,Remote,Other US,Mid,Remote,138500.0,124274.0,"C++, Python"
Other Tech Role,Remote,Other US,Mid,Remote,115500.0,124274.0,"Bash, Scala, Python"
Other Tech Role,Remote,Other US,Mid,Remote,111000.0,124274.0,"Julia, Python, Bash"
Other Tech Role,Remote,Other US,Mid,Remote,133500.0,124274.0,"Scala, Java, Python"
Other Tech Role,Remote,Other US,Mid,Remote,150500.0,124274.0,"Python, R"
Other Tech Role,Remote,Other US,Mid,Remote,150500.0,124274.0,"SQL, Scala, Bash, Python"
Other Tech Role,Remote,Other US,Mid,Remote,100500.0,124274.0,"Java, Bash, Python"
Other Tech Role,Remote,Other US,Mid,Remote,146000.0,124274.0,"Python, Java"
Other Tech Role,Remote,Other US,Mid,Remote,107000.0,124274.0,"Python, Bash"
Other Tech Role,Remote,Other US,Mid,Remote,102000.0,124274.0,"Go, Python"
ML/AI Engineer,Remote,Other US,Mid,Remote,143500.0,125542.0,"Java, Julia, Go, Python"
ML/AI Engineer,Remote,Other US,Mid,Remote,112000.0,125542.0,"SQL, Java, C++"
ML/AI Engineer,Remote,Other US,Mid,Remote,137500.0,125542.0,"Julia, Scala, Python"
ML/AI Engineer,Remote,Other US,Mid,Remote,101500.0,125542.0,"R, Python"
ML/AI Engineer,Remote,Other US,Mid,Remote,110000.0,125542.0,Python
Other Tech Role,Remote,Other US,Mid,Remote,142500.0,124274.0,"Julia, Java, Bash, Python"
Other Tech Role,Remote,Other US,Mid,Remote,137000.0,124274.0,"R, Python"
Other Tech Role,Remote,Other US,Mid,Remote,108000.0,124274.0,"SQL, C++, Python"
Data Engineer,Remote,Other US,Mid,Remote,132000.0,122596.0,"Julia, Python"
Data Engineer,Remote,Other US,Mid,Remote,149500.0,122596.0,"Julia, Python"
Data Engineer,Remote,Other US,Mid,Remote,146000.0,122596.0,"Bash, R, Java, Python"
Data Scientist,Remote,Other US,Mid,Remote,148000.0,130570.0,"R, Scala, Java, Python"
Data Scientist,Remote,Other US,Mid,Remote,145000.0,130570.0,"Java, Python"
Data Scientist,Remote,Other US,Mid,Remote,107000.0,130570.0,Python
Other Tech Role,Remote,Other US,Mid,Remote,149500.0,124274.0,"Python, Bash"
ML/AI Engineer,Remote,Other US,Mid,Remote,152500.0,125542.0,"C++, Python, SQL"
Other Tech Role,Remote,Other US,Mid,Remote,146500.0,124274.0,"Python, Go, SQL"
Other Tech Role,Remote,Other US,Mid,Remote,97500.0,124274.0,Python
ML/AI Engineer,Remote,Other US,Mid,Remote,105500.0,125542.0,"Scala, Python"
ML/AI Engineer,Remote,Other US,Mid,Remote,138500.0,125542.0,Python
ML/AI Engineer,Remote,Other US,Mid,Remote,143500.0,125542.0,"SQL, Python"
ML/AI Engineer,Remote,Other US,Mid,Remote,139000.0,125542.0,"Bash, R, Python"
ML/AI Engineer,Remote,Other US,Mid,Remote,142500.0,125542.0,"Scala, SQL, Julia, Python"
ML/AI Engineer,Remote,Other US,Mid,Remote,96500.0,125542.0,"C++, SQL, Scala, Python"
ML/AI Engineer,Remote,Other US,Mid,Remote,102000.0,125542.0,"Bash, SQL, R, Python"
ML/AI Engineer,Remote,Other US,Mid,Remote,145500.0,125542.0,"Go, Python, Scala"
ML/AI Engineer,Remote,Other US,Mid,Remote,151500.0,125542.0,"R, Java, Bash, Python"
ML/AI Engineer,Remote,Other US,Mid,Remote,104000.0,125542.0,"Java, Bash, Python"
ML/AI Engineer,Remote,Other US,Mid,Remote,159000.0,125542.0,"C++, Scala, Python"
Other Tech Role,Remote,Other US,Mid,Remote,102500.0,124274.0,"Scala, Python, C++"
Other Tech Role,Remote,Other US,Mid,Remote,104000.0,124274.0,"Go, Python"
Other Tech Role,Remote,Other US,Mid,Remote,146500.0,124274.0,"Bash, Python"
Other Tech Role,Remote,Other US,Mid,Remote,99500.0,124274.0,"C++, Python"
Other Tech Role,Remote,Other US,Mid,Remote,110000.0,124274.0,"Scala, SQL, Python"
Other Tech Role,Remote,Other US,Mid,Remote,148000.0,124274.0,"Bash, Python"
Other Tech Role,Remote,Other US,Mid,Remote,106500.0,124274.0,"SQL, Go, Python"
ML/AI Engineer,Remote,Other US,Mid,Remote,139500.0,125542.0,"SQL, Python"
ML/AI Engineer,Remote,Other US,Mid,Remote,105500.0,125542.0,"Go, Python"
ML/AI Engineer,Remote,Other US,Mid,Remote,143500.0,125542.0,"C++, R, Java, Python"
ML/AI Engineer,Remote,Other US,Mid,Remote,147500.0,125542.0,"Julia, R, Java, Python"
ML/AI Engineer,Remote,Other US,Mid,Remote,115000.0,125542.0,"Python, R"
ML/AI Engineer,Remote,Other US,Mid,Remote,114000.0,125542.0,"R, Java, Python"
ML/AI Engineer,Remote,Other US,Mid,Remote,106000.0,125542.0,"Bash, Python"
ML/AI Engineer,Remote,Other US,Mid,Remote,108500.0,125542.0,"Julia, Go, Python"
ML/AI Engineer,Remote,Other US,Mid,Remote,143500.0,125542.0,"C++, Julia, Python"
ML/AI Engineer,Remote,Other US,Mid,Remote,101500.0,125542.0,"Bash, SQL, Julia, Python"
Other Tech Role,Remote,Other US,Mid,Remote,139500.0,124274.0,"Bash, Python"
Other Tech Role,Remote,Other US,Mid,Remote,148500.0,124274.0,"Python, C++, Scala"
Other Tech Role,Remote,Other US,Mid,Remote,109000.0,124274.0,R
Other Tech Role,Remote,Other US,Mid,Remote,106000.0,124274.0,"Julia, Python"
Other Tech Role,Remote,Other US,Mid,Remote,97500.0,124274.0,"C++, R, Bash, Python"
Data Scientist,Remote,Other US,Mid,Remote,140000.0,130570.0,"Bash, Python"
Data Scientist,Remote,Other US,Mid,Remote,103000.0,130570.0,"Bash, C++, Julia, Python"
Other Tech Role,Remote,Other US,Mid,Remote,110000.0,124274.0,"Julia, Bash, Python"
ML/AI Engineer,Remote,Other US,Mid,Remote,112500.0,125542.0,"Java, Bash, Go, Python"
ML/AI Engineer,Remote,Other US,Mid,Remote,111500.0,125542.0,"Julia, Scala, Python"
Other Tech Role,Remote,Other US,Mid,Remote,134000.0,124274.0,"Julia, Python"
Other Tech Role,Remote,Other US,Mid,Remote,138500.0,124274.0,"SQL, Go, Scala, Python"
Other Tech Role,Remote,Other US,Mid,Remote,97500.0,124274.0,"Go, Python"
ML/AI Engineer,Remote,Other US,Mid,Remote,109000.0,125542.0,"Go, Python"
ML/AI Engineer,Remote,Other US,Mid,Remote,142500.0,125542.0,"Bash, Go, Python"
ML/AI Engineer,Remote,Other US,Mid,Remote,149000.0,125542.0,"Java, Python"
ML/AI Engineer,Remote,Other US,Mid,Remote,143500.0,125542.0,"Python, C++, Go"
ML/AI Engineer,Remote,Other US,Mid,Remote,116000.0,125542.0,"Java, SQL, Python"
ML/AI Engineer,Remote,Other US,Mid,Remote,103000.0,125542.0,"Python, Java"
Other Tech Role,Remote,Other US,Mid,Remote,135500.0,124274.0,"Bash, Scala, Java, Python"
Other Tech Role,Remote,Other US,Mid,Remote,105500.0,124274.0,"Python, SQL, Go"
Other Tech Role,Remote,Other US,Mid,Remote,107500.0,124274.0,"Go, Bash, C++, Python"
Other Tech Role,Remote,Other US,Mid,Remote,134000.0,124274.0,"Julia, Scala, Go"
Other Tech Role,Remote,Other US,Mid,Remote,146000.0,124274.0,"Bash, Python"
Other Tech Role,Remote,Other US,Mid,Remote,135000.0,124274.0,"Julia, R, Scala, Python"
Other Tech Role,Remote,Other US,Mid,Remote,138500.0,124274.0,"C++, Python"
Other Tech Role,Remote,Other US,Mid,Remote,151000.0,124274.0,"Bash, Python"
Other Tech Role,Remote,Other US,Mid,Remote,105000.0,124274.0,"R, Go, Python"
Other Tech Role,Remote,Other US,Mid,Remote,110000.0,124274.0,"Go, Java, Scala, Python"
ML/AI Engineer,Remote,Other US,Mid,Remote,108000.0,125542.0,"Scala, Go, Bash, Python"
ML/AI Engineer,Remote,Other US,Mid,Remote,117000.0,125542.0,"C++, Python"
ML/AI Engineer,Remote,Other US,Mid,Remote,102500.0,125542.0,"C++, Python, Julia"
ML/AI Engineer,Remote,Other US,Mid,Remote,148000.0,125542.0,"Bash, Scala, Go, Python"
ML/AI Engineer,Remote,Other US,Mid,Remote,114000.0,125542.0,"Julia, Scala, Python"
Other Tech Role,Remote,Other US,Mid,Remote,132500.0,124274.0,"C++, Python"
Other Tech Role,Remote,Other US,Mid,Remote,134000.0,124274.0,"SQL, Bash, R, Python"
Other Tech Role,Remote,Other US,Mid,Remote,142000.0,124274.0,"Go, C++, Python"
Other Tech Role,Remote,Other US,Mid,Remote,137000.0,124274.0,Java
Other Tech Role,Remote,Other US,Mid,Remote,141000.0,124274.0,"Julia, Java, Go, Python"
Other Tech Role,Remote,Other US,Mid,Remote,103000.0,124274.0,"Go, Python"
Data Engineer,Remote,Other US,Mid,Remote,100500.0,122596.0,"Scala, Julia, R, Python"
Data Engineer,Remote,Other US,Mid,Remote,111000.0,122596.0,"Go, Python, SQL"
Data Scientist,Remote,Other US,Mid,Remote,151500.0,130570.0,"SQL, Go, Julia, Python"
Data Scientist,Remote,Other US,Mid,Remote,153000.0,130570.0,"R, Python"
Data Scientist,Remote,Other US,Mid,Remote,106000.0,130570.0,"SQL, Python"
Other Tech Role,Remote,Other US,Mid,Remote,139500.0,124274.0,"C++, Scala, Bash, Python"
Other Tech Role,Remote,Other US,Mid,Remote,112000.0,124274.0,"Go, Scala, SQL, Python"
Other Tech Role,Remote,Other US,Mid,Remote,107000.0,124274.0,"Go, Python"
ML/AI Engineer,Remote,Other US,Mid,Remote,137500.0,125542.0,"R, Python"
ML/AI Engineer,Remote,Other US,Mid,Remote,104000.0,125542.0,"Bash, Python"
Other Tech Role,Remote,Other US,Mid,Remote,148500.0,124274.0,"Bash, Python"
Other Tech Role,Remote,Other US,Mid,Remote,152000.0,124274.0,"Scala, Go, Julia, Python"
ML/AI Engineer,Remote,Other US,Mid,Remote,144500.0,125542.0,"Python, R, Scala"
ML/AI Engineer,Remote,Other US,Mid,Remote,132000.0,125542.0,"C++, Scala, Bash, Python"
ML/AI Engineer,Remote,Other US,Mid,Remote,104500.0,125542.0,"Python, R"
ML/AI Engineer,Remote,Other US,Mid,Remote,103500.0,125542.0,"Go, Java, R, Python"
ML/AI Engineer,Remote,Other US,Mid,Remote,106500.0,125542.0,"Julia, Python"
ML/AI Engineer,Remote,Other US,Mid,Remote,107500.0,125542.0,Python
ML/AI Engineer,Remote,Other US,Mid,Remote,135000.0,125542.0,"Bash, Go, C++, Python"
ML/AI Engineer,Remote,Other US,Mid,Remote,145500.0,125542.0,"Java, Scala, Python"
ML/AI Engineer,Remote,Other US,Mid,Remote,149000.0,125542.0,"Go, Julia, Java, Python"
Other Tech Role,Remote,Other US,Mid,Remote,139000.0,124274.0,"Julia, Scala, Python"
Other Tech Role,Remote,Other US,Mid,Remote,106000.0,124274.0,"Java, R, Bash, Python"
Other Tech Role,Remote,Other US,Mid,Remote,110500.0,124274.0,"Java, Python"
Other Tech Role,Remote,Other US,Mid,Remote,110500.0,124274.0,"Python, Bash"
Other Tech Role,Remote,Other US,Mid,Remote,141000.0,124274.0,"Python, R, C++"
Other Tech Role,Remote,Other US,Mid,Remote,145500.0,124274.0,"Julia, Python"
Other Tech Role,Remote,Other US,Mid,Remote,141000.0,124274.0,"Java, C++, Python"
Other Tech Role,Remote,Other US,Mid,Remote,142000.0,124274.0,"C++, Python, Scala"
Other Tech Role,Remote,Other US,Mid,Remote,143000.0,124274.0,"C++, Python"
ML/AI Engineer,Remote,Other US,Mid,Remote,110500.0,125542.0,"SQL, Python"
ML/AI Engineer,Remote,Other US,Mid,Remote,107000.0,125542.0,"R, SQL, Julia, Python"
ML/AI Engineer,Remote,Other US,Mid,Remote,107000.0,125542.0,"Scala, Julia, SQL, Python"
ML/AI Engineer,Remote,Other US,Mid,Remote,144500.0,125542.0,"Java, Python"
ML/AI Engineer,Remote,Other US,Mid,Remote,158500.0,125542.0,"Python, C++"
ML/AI Engineer,Remote,Other US,Mid,Remote,115500.0,125542.0,"Scala, Python"
ML/AI Engineer,Remote,Other US,Mid,Remote,102500.0,125542.0,"Java, Scala, Python"
ML/AI Engineer,Remote,Other US,Mid,Remote,136000.0,125542.0,"Go, R, Java, Python"
ML/AI Engineer,Remote,Other US,Mid,Remote,101500.0,125542.0,"Scala, Python"
ML/AI Engineer,Remote,Other US,Mid,Remote,149500.0,125542.0,"Bash, Java, Python"
ML/AI Engineer,Remote,Other US,Mid,Remote,111000.0,125542.0,"Bash, Go, SQL, Python"
ML/AI Engineer,Remote,Other US,Mid,Remote,110000.0,125542.0,"C++, Python"
ML/AI Engineer,Remote,Other US,Mid,Remote,103000.0,125542.0,"R, Python"
Other Tech Role,Remote,Other US,Mid,Remote,151000.0,124274.0,"Java, R, Go, Python"
Other Tech Role,Remote,Other US,Mid,Remote,142500.0,124274.0,"C++, Julia, Python"
Other Tech Role,Remote,Other US,Mid,Remote,148500.0,124274.0,"C++, Python"
Data Engineer,Remote,Other US,Mid,Remote,143000.0,122596.0,"Bash, Python"
Data Engineer,Remote,Other US,Mid,Remote,146000.0,122596.0,"Bash, C++, Python"
Data Engineer,Remote,Other US,Mid,Remote,142500.0,122596.0,"Julia, Java, Python"
Data Engineer,Remote,Other US,Mid,Remote,105000.0,122596.0,"Julia, Python"
Data Scientist,Remote,Other US,Mid,Remote,152500.0,130570.0,"C++, Go, Python"
Data Scientist,Remote,Other US,Mid,Remote,111000.0,130570.0,"Scala, C++, Python"
Data Scientist,Remote,Other US,Mid,Remote,111500.0,130570.0,"Java, Python"
Other Tech Role,Remote,Other US,Mid,Remote,147500.0,124274.0,"Java, Scala, Bash, Python"
Other Tech Role,Remote,Other US,Mid,Remote,106500.0,124274.0,"Bash, Python"
ML/AI Engineer,Remote,Other US,Mid,Remote,99000.0,125542.0,"C++, Scala, Python"
ML/AI Engineer,Remote,Other US,Mid,Remote,105500.0,125542.0,"C++, Go, Python"
ML/AI Engineer,Remote,Other US,Mid,Remote,103500.0,125542.0,"Bash, Python"
Other Tech Role,Remote,Other US,Mid,Remote,141500.0,124274.0,Python
Other Tech Role,Remote,Other US,Mid,Remote,146000.0,124274.0,"Java, C++, Python"
Other Tech Role,Remote,Other US,Mid,Remote,116500.0,124274.0,"Scala, SQL, R, Python"
Other Tech Role,Remote,Other US,Mid,Remote,98500.0,124274.0,"Python, Go"
ML/AI Engineer,Remote,Other US,Mid,Remote,103000.0,125542.0,"R, Bash, Python"
ML/AI Engineer,Remote,Other US,Mid,Remote,154000.0,125542.0,"Julia, Java, Python"
ML/AI Engineer,Remote,Other US,Mid,Remote,149500.0,125542.0,"SQL, Python"
ML/AI Engineer,Remote,Other US,Mid,Remote,138500.0,125542.0,"Python, Scala"
ML/AI Engineer,Remote,Other US,Mid,Remote,134000.0,125542.0,"SQL, Julia, Python"
ML/AI Engineer,Remote,Other US,Mid,Remote,139500.0,125542.0,"Julia, R, Scala, Python"
ML/AI Engineer,Remote,Other US,Mid,Remote,145500.0,125542.0,"Java, Python"
Other Tech Role,Remote,Other US,Mid,Remote,133000.0,124274.0,Python
Other Tech Role,Remote,Other US,Mid,Remote,149500.0,124274.0,"Go, R, Java, Python"
Other Tech Role,Remote,Other US,Mid,Remote,146500.0,124274.0,"R, SQL, Bash, Python"
Other Tech Role,Remote,Other US,Mid,Remote,112000.0,124274.0,"Bash, C++, Python"
Other Tech Role,Remote,Other US,Mid,Remote,99000.0,124274.0,"Julia, Go, Python"
Other Tech Role,Remote,Other US,Mid,Remote,140000.0,124274.0,"R, Python"
Other Tech Role,Remote,Other US,Mid,Remote,135500.0,124274.0,"Java, Bash, Scala, Python"
Other Tech Role,Remote,Other US,Mid,Remote,106000.0,124274.0,"C++, Python"
Other Tech Role,Remote,Other US,Mid,Remote,131500.0,124274.0,"Python, Julia"
Other Tech Role,Remote,Other US,Mid,Remote,153500.0,124274.0,"Julia, Go, Python"
Other Tech Role,Remote,Other US,Mid,Remote,103500.0,124274.0,"Python, SQL, R"
Other Tech Role,Remote,Other US,Mid,Remote,106500.0,124274.0,"Scala, Java, Python"
ML/AI Engineer,Remote,Other US,Mid,Remote,100500.0,125542.0,"Bash, R, Python"
ML/AI Engineer,Remote,Other US,Mid,Remote,107500.0,125542.0,"R, Python"
ML/AI Engineer,Remote,Other US,Mid,Remote,138500.0,125542.0,"Python, R"
ML/AI Engineer,Remote,Other US,Mid,Remote,113500.0,125542.0,"R, Python"
ML/AI Engineer,Remote,Other US,Mid,Remote,112500.0,125542.0,"Go, Python"
ML/AI Engineer,Remote,Other US,Mid,Remote,143500.0,125542.0,"R, Python"
ML/AI Engineer,Remote,Other US,Mid,Remote,142500.0,125542.0,"R, C++, Python"
ML/AI Engineer,Remote,Other US,Mid,Remote,141000.0,125542.0,"Bash, Julia, Python"
ML/AI Engineer,Remote,Other US,Mid,Remote,154000.0,125542.0,"Scala, Go, Bash, Python"
Other Tech Role,Remote,Other US,Mid,Remote,155500.0,124274.0,"Bash, Java, Scala, Python"
Other Tech Role,Remote,Other US,Mid,Remote,138000.0,124274.0,"Bash, C++, Python"
Other Tech Role,Remote,Other US,Mid,Remote,146500.0,124274.0,"Scala, Python, Go"
Other Tech Role,Remote,Other US,Mid,Remote,110500.0,124274.0,"Julia, Go, Python"
Other Tech Role,Remote,Other US,Mid,Remote,99000.0,124274.0,"Scala, Python"
ML/AI Engineer,Remote,Other US,Mid,Remote,155500.0,125542.0,"Bash, SQL, Python"
ML/AI Engineer,Remote,Other US,Mid,Remote,103000.0,125542.0,"Bash, Go, Python"
ML/AI Engineer,Remote,Other US,Mid,Remote,104000.0,125542.0,"Go, Bash, R, Python"
ML/AI Engineer,Remote,Other US,Mid,Remote,150500.0,125542.0,"R, Java, Bash, Python"
ML/AI Engineer,Remote,Other US,Mid,Remote,104000.0,125542.0,"Julia, R, Go, Python"
ML/AI Engineer,Remote,Other US,Mid,Remote,108000.0,125542.0,"Java, C++, Python"
ML/AI Engineer,Remote,Other US,Mid,Remote,111000.0,125542.0,"Bash, Scala, Julia, Python"
ML/AI Engineer,Remote,Other US,Mid,Remote,111000.0,125542.0,"Java, SQL, Python"
Other Tech Role,Remote,Other US,Mid,Remote,143000.0,124274.0,"Java, Go, Scala, Python"
Other Tech Role,Remote,Other US,Mid,Remote,148500.0,124274.0,"Julia, Python"
Other Tech Role,Remote,Other US,Mid,Remote,157500.0,124274.0,"Python, Java, Julia"
Other Tech Role,Remote,Other US,Mid,Remote,112000.0,124274.0,"Java, SQL, Python"
Other Tech Role,Remote,Other US,Mid,Remote,141000.0,124274.0,"Go, Scala, Python"
Other Tech Role,Remote,Other US,Mid,Remote,147000.0,124274.0,"R, SQL"
Other Tech Role,Remote,Other US,Mid,Remote,108000.0,124274.0,"Python, Java, Julia"
Other Tech Role,Remote,Other US,Mid,Remote,140500.0,124274.0,"Python, SQL"
ML/AI Engineer,Remote,Other US,Mid,Remote,135000.0,125542.0,"Scala, Python"
ML/AI Engineer,Remote,Other US,Mid,Remote,148000.0,125542.0,"R, Bash, C++, Python"
ML/AI Engineer,Remote,Other US,Mid,Remote,157500.0,125542.0,"Scala, R, Python"
ML/AI Engineer,Remote,Other US,Mid,Remote,139500.0,125542.0,"Python, SQL, Julia"
ML/AI Engineer,Remote,Other US,Mid,Remote,144000.0,125542.0,"Go, Python"
ML/AI Engineer,Remote,Other US,Mid,Remote,146500.0,125542.0,"Bash, Python"
ML/AI Engineer,Remote,Other US,Mid,Remote,104500.0,125542.0,"Julia, Python"
ML/AI Engineer,Remote,Other US,Mid,Remote,109000.0,125542.0,"Bash, C++, Julia, Python"
ML/AI Engineer,Remote,Other US,Mid,Remote,149500.0,125542.0,"R, Python"
ML/AI Engineer,Remote,Other US,Mid,Remote,155000.0,125542.0,"C++, Python"
ML/AI Engineer,Remote,Other US,Mid,Remote,156500.0,125542.0,"Go, C++, Python"
ML/AI Engineer,Remote,Other US,Mid,Remote,113500.0,125542.0,"R, Java, Julia, Python"
ML/AI Engineer,Remote,Other US,Mid,Remote,114000.0,125542.0,"Julia, Java, R, Python"
ML/AI Engineer,Remote,Other US,Mid,Remote,104000.0,125542.0,"Java, Julia, Python"
Other Tech Role,Remote,Other US,Mid,Remote,98000.0,124274.0,"Go, SQL, C++, Python"
Other Tech Role,Remote,Other US,Mid,Remote,152500.0,124274.0,"Scala, Python"
Data Engineer,Remote,Other US,Mid,Remote,146500.0,122596.0,"Java, Scala, Python"
Data Engineer,Remote,Other US,Mid,Remote,114000.0,122596.0,"C++, Go, Python"
Data Scientist,Remote,Other US,Mid,Remote,143500.0,130570.0,"Scala, Python"
Other Tech Role,Remote,Other US,Mid,Remote,151500.0,124274.0,"Bash, Python"
Other Tech Role,Remote,Other US,Mid,Remote,109500.0,124274.0,"R, Julia, Python"
ML/AI Engineer,Remote,Other US,Mid,Remote,145000.0,125542.0,"R, Java, SQL, Python"
ML/AI Engineer,Remote,Other US,Mid,Remote,111000.0,125542.0,"Bash, Python"
Other Tech Role,Remote,Other US,Mid,Remote,146000.0,124274.0,"Scala, Java, Python"
ML/AI Engineer,Remote,Other US,Mid,Remote,148000.0,125542.0,"Bash, Python, C++"
ML/AI Engineer,Remote,Other US,Mid,Remote,107500.0,125542.0,"R, Python"
ML/AI Engineer,Remote,Other US,Mid,Remote,110500.0,125542.0,"Java, Python"
ML/AI Engineer,Remote,Other US,Mid,Remote,101500.0,125542.0,"R, Julia, Python"
ML/AI Engineer,Remote,Other US,Mid,Remote,113000.0,125542.0,"C++, Julia, Go, Python"
ML/AI Engineer,Remote,Other US,Mid,Remote,102500.0,125542.0,"C++, Julia, SQL, Python"
ML/AI Engineer,Remote,Other US,Mid,Remote,140500.0,125542.0,SQL
ML/AI Engineer,Remote,Other US,Mid,Remote,131000.0,125542.0,"SQL, Python"
ML/AI Engineer,Remote,Other US,Mid,Remote,142000.0,125542.0,"C++, Bash, Python"
ML/AI Engineer,Remote,Other US,Mid,Remote,115500.0,125542.0,"C++, Python"
Other Tech Role,Remote,Other US,Mid,Remote,95000.0,124274.0,"Bash, C++, Python"
Other Tech Role,Remote,Other US,Mid,Remote,131000.0,124274.0,"Scala, Python"
Other Tech Role,Remote,Other US,Mid,Remote,140000.0,124274.0,"Go, R, C++, Python"
Other Tech Role,Remote,Other US,Mid,Remote,106500.0,124274.0,"Python, Julia"
Other Tech Role,Remote,Other US,Mid,Remote,97000.0,124274.0,"R, Python"
Other Tech Role,Remote,Other US,Mid,Remote,101000.0,124274.0,"C++, Python"
Other Tech Role,Remote,Other US,Mid,Remote,109000.0,124274.0,"Bash, Go"
Other Tech Role,Remote,Other US,Mid,Remote,102000.0,124274.0,"Scala, Python"
ML/AI Engineer,Remote,Other US,Mid,Remote,129500.0,125542.0,"SQL, Scala, Python"
ML/AI Engineer,Remote,Other US,Mid,Remote,151500.0,125542.0,"Java, Bash, Python"
ML/AI Engineer,Remote,Other US,Mid,Remote,111500.0,125542.0,"C++, Python"
ML/AI Engineer,Remote,Other US,Mid,Remote,131000.0,125542.0,"Python, SQL"
ML/AI Engineer,Remote,Other US,Mid,Remote,152500.0,125542.0,"Julia, R, Python"
Other Tech Role,Remote,Other US,Mid,Remote,149500.0,124274.0,"Julia, Java, Python"
Other Tech Role,Remote,Other US,Mid,Remote,105500.0,124274.0,"SQL, Python"
Other Tech Role,Remote,Other US,Mid,Remote,134000.0,124274.0,Java
Other Tech Role,Remote,Other US,Mid,Remote,137500.0,124274.0,"SQL, R, Python"
Other Tech Role,Remote,Other US,Mid,Remote,145500.0,124274.0,"Python, Julia, C++"
Other Tech Role,Remote,Other US,Mid,Remote,143500.0,124274.0,"C++, Java, Scala, Python"
Other Tech Role,Remote,Other US,Mid,Remote,158000.0,124274.0,"Scala, Python"
Other Tech Role,Remote,Other US,Mid,Remote,108500.0,124274.0,"SQL, R, Bash, Python"
Data Engineer,Remote,Other US,Mid,Remote,149000.0,122596.0,"Bash, Python"
Data Engineer,Remote,Other US,Mid,Remote,99500.0,122596.0,"Julia, Java, Python"
Data Engineer,Remote,Other US,Mid,Remote,112500.0,122596.0,"Python, C++, R"
Other Tech Role,Remote,Other US,Mid,Remote,140500.0,124274.0,Python
Other Tech Role,Remote,Other US,Mid,Remote,142500.0,124274.0,Python
ML/AI Engineer,Remote,Other US,Mid,Remote,105000.0,125542.0,"Bash, Python"
ML/AI Engineer,Remote,Other US,Mid,Remote,108000.0,125542.0,"Java, SQL, Go"
Other Tech Role,Remote,Other US,Mid,Remote,136500.0,124274.0,"Julia, Python, Scala"
Other Tech Role,Remote,Other US,Mid,Remote,101000.0,124274.0,"Python, SQL"
Other Tech Role,Remote,Other US,Mid,Remote,107500.0,124274.0,"Go, SQL, R, Python"
Other Tech Role,Remote,Other US,Mid,Remote,107500.0,124274.0,"Bash, Go, Python"
Other Tech Role,Remote,Other US,Mid,Remote,104000.0,124274.0,"Python, Go, Julia"
Other Tech Role,Remote,Other US,Mid,Remote,104500.0,124274.0,"C++, SQL, Python"
Other Tech Role,Remote,Other US,Mid,Remote,135000.0,124274.0,"Julia, Python"
Other Tech Role,Remote,Other US,Mid,Remote,153000.0,124274.0,"C++, Python"
Other Tech Role,Remote,Other US,Mid,Remote,98500.0,124274.0,"C++, Python"
Other Tech Role,Remote,Other US,Mid,Remote,100500.0,124274.0,"Java, Python"
ML/AI Engineer,Remote,Other US,Mid,Remote,106000.0,125542.0,"Python, Go"
ML/AI Engineer,Remote,Other US,Mid,Remote,105000.0,125542.0,"Scala, Bash, Go, Python"
ML/AI Engineer,Remote,Other US,Mid,Remote,107500.0,125542.0,"Bash, Python, R"
ML/AI Engineer,Remote,Other US,Mid,Remote,141500.0,125542.0,"Java, SQL, Bash"
ML/AI Engineer,Remote,Other US,Mid,Remote,149000.0,125542.0,"SQL, Java, Go, Python"
ML/AI Engineer,Remote,Other US,Mid,Remote,144500.0,125542.0,"Python, Julia, Scala"
ML/AI Engineer,Remote,Other US,Mid,Remote,111500.0,125542.0,"Scala, Python"
ML/AI Engineer,Remote,Other US,Mid,Remote,114500.0,125542.0,"Python, Bash, Scala"
Other Tech Role,Remote,Other US,Mid,Remote,111500.0,124274.0,"C++, R, SQL, Python"
Other Tech Role,Remote,Other US,Mid,Remote,115500.0,124274.0,"Julia, Python"
Other Tech Role,Remote,Other US,Mid,Remote,96000.0,124274.0,"Scala, Python"
Other Tech Role,Remote,Other US,Mid,Remote,103500.0,124274.0,"SQL, C++, Julia, Python"
Data Engineer,Remote,Other US,Mid,Remote,103500.0,122596.0,"Bash, Python"
Data Engineer,Remote,Other US,Mid,Remote,112500.0,122596.0,"Python, Go"
Data Scientist,Remote,Other US,Mid,Remote,148000.0,130570.0,"SQL, Python"
Other Tech Role,Remote,Other US,Mid,Remote,142500.0,124274.0,"SQL, Python"
Other Tech Role,Remote,Other US,Mid,Remote,105000.0,124274.0,"R, Julia, Python"
ML/AI Engineer,Remote,Other US,Mid,Remote,137500.0,125542.0,"SQL, Python"
ML/AI Engineer,Remote,Other US,Mid,Remote,107000.0,125542.0,"Java, Scala"
ML/AI Engineer,Remote,Other US,Mid,Remote,103500.0,125542.0,"R, Java, Python"
ML/AI Engineer,Remote,Other US,Mid,Remote,110500.0,125542.0,"Go, R, Python"
Other Tech Role,Remote,Other US,Mid,Remote,144000.0,124274.0,"C++, Python"
Other Tech Role,Remote,Other US,Mid,Remote,142500.0,124274.0,"Julia, Go, Scala, Python"
Other Tech Role,Remote,Other US,Mid,Remote,97500.0,124274.0,"SQL, Go, Python"
ML/AI Engineer,Remote,Other US,Mid,Remote,109500.0,125542.0,"SQL, Python, Julia"
ML/AI Engineer,Remote,Other US,Mid,Remote,98500.0,125542.0,Go
ML/AI Engineer,Remote,Other US,Mid,Remote,137000.0,125542.0,"C++, Bash, Python"
ML/AI Engineer,Remote,Other US,Mid,Remote,148500.0,125542.0,"Go, Julia, Python"
ML/AI Engineer,Remote,Other US,Mid,Remote,135000.0,125542.0,"Scala, Python"
ML/AI Engineer,Remote,Other US,Mid,Remote,108000.0,125542.0,"Julia, Python"
ML/AI Engineer,Remote,Other US,Mid,Remote,143000.0,125542.0,"Go, Bash, Python"
ML/AI Engineer,Remote,Other US,Mid,Remote,147500.0,125542.0,"Julia, Java, C++, Python"
ML/AI Engineer,Remote,Other US,Mid,Remote,147500.0,125542.0,"SQL, Python"
Other Tech Role,Remote,Other US,Mid,Remote,100500.0,124274.0,"C++, Python"
Other Tech Role,Remote,Other US,Mid,Remote,102500.0,124274.0,"C++, Python"
Other Tech Role,Remote,Other US,Mid,Remote,140000.0,124274.0,"Scala, Bash, C++, Python"
Other Tech Role,Remote,Other US,Mid,Remote,143500.0,124274.0,"Python, Go, R"
Other Tech Role,Remote,Other US,Mid,Remote,110500.0,124274.0,"Bash, Python, Scala"
Other Tech Role,Remote,Other US,Mid,Remote,143500.0,124274.0,Scala
Other Tech Role,Remote,Other US,Mid,Remote,105000.0,124274.0,"Bash, Python"
Other Tech Role,Remote,Other US,Mid,Remote,135000.0,124274.0,"SQL, Python"
ML/AI Engineer,Remote,Other US,Mid,Remote,138500.0,125542.0,"SQL, Python"
ML/AI Engineer,Remote,Other US,Mid,Remote,141500.0,125542.0,"Julia, Python"
ML/AI Engineer,Remote,Other US,Mid,Remote,151500.0,125542.0,"C++, Julia, Python"
ML/AI Engineer,Remote,Other US,Mid,Remote,101500.0,125542.0,"Julia, R, Python"
ML/AI Engineer,Remote,Other US,Mid,Remote,134500.0,125542.0,"Python, R, Java"
ML/AI Engineer,Remote,Other US,Mid,Remote,108500.0,125542.0,"C++, Python"
ML/AI Engineer,Remote,Other US,Mid,Remote,117000.0,125542.0,"Python, Java, Bash"
ML/AI Engineer,Remote,Other US,Mid,Remote,143000.0,125542.0,"Scala, Python"
ML/AI Engineer,Remote,Other US,Mid,Remote,148000.0,125542.0,Julia
ML/AI Engineer,Remote,Other US,Mid,Remote,97500.0,125542.0,"Python, R, C++"
ML/AI Engineer,Remote,Other US,Mid,Remote,105500.0,125542.0,"SQL, Python"
ML/AI Engineer,Remote,Other US,Mid,Remote,109000.0,125542.0,"SQL, Julia, Scala, Python"
ML/AI Engineer,Remote,Other US,Mid,Remote,110000.0,125542.0,"Go, Julia, C++, Python"
Other Tech Role,Remote,Other US,Mid,Remote,150500.0,124274.0,"Scala, Python"
Other Tech Role,Remote,Other US,Mid,Remote,113500.0,124274.0,"Java, Scala, Go, Python"
Data Engineer,Remote,Other US,Mid,Remote,151500.0,122596.0,"Java, Python"
Data Engineer,Remote,Other US,Mid,Remote,99500.0,122596.0,"Go, Java, Python"
Data Engineer,Remote,Other US,Mid,Remote,106500.0,122596.0,"R, Python"
Other Tech Role,Remote,Other US,Mid,Remote,151000.0,124274.0,"SQL, Scala, Python"
Other Tech Role,Remote,Other US,Mid,Remote,102000.0,124274.0,"Scala, C++, Python"
ML/AI Engineer,Remote,Other US,Mid,Remote,143500.0,125542.0,"Python, Julia, Go"
ML/AI Engineer,Remote,Other US,Mid,Remote,99500.0,125542.0,"Scala, Julia, SQL, Python"
Other Tech Role,Remote,Other US,Mid,Remote,142000.0,124274.0,"Python, Bash"
Other Tech Role,Remote,Other US,Mid,Remote,117500.0,124274.0,"Julia, Bash, Python"
ML/AI Engineer,Remote,Other US,Mid,Remote,140000.0,125542.0,"R, Python"
ML/AI Engineer,Remote,Other US,Mid,Remote,153500.0,125542.0,"R, Python"
ML/AI Engineer,Remote,Other US,Mid,Remote,110000.0,125542.0,"Scala, Java, C++"
ML/AI Engineer,Remote,Other US,Mid,Remote,111500.0,125542.0,"Julia, Python"
ML/AI Engineer,Remote,Other US,Mid,Remote,114500.0,125542.0,"Python, C++, Java"
ML/AI Engineer,Remote,Other US,Mid,Remote,101000.0,125542.0,"Java, Julia, Python"
ML/AI Engineer,Remote,Other US,Mid,Remote,106000.0,125542.0,"Java, Julia, Python"
ML/AI Engineer,Remote,Other US,Mid,Remote,108500.0,125542.0,"Scala, Python"
ML/AI Engineer,Remote,Other US,Mid,Remote,144500.0,125542.0,"Java, Scala, C++, Python"
ML/AI Engineer,Remote,Other US,Mid,Remote,148000.0,125542.0,"R, Java, Python"
ML/AI Engineer,Remote,Other US,Mid,Remote,106500.0,125542.0,"Bash, Julia, Go, Python"
Other Tech Role,Remote,Other US,Mid,Remote,111000.0,124274.0,"SQL, R, Bash, Python"
Other Tech Role,Remote,Other US,Mid,Remote,104500.0,124274.0,"Python, Julia"
Other Tech Role,Remote,Other US,Mid,Remote,99000.0,124274.0,"Bash, Python"
Other Tech Role,Remote,Other US,Mid,Remote,103500.0,124274.0,"C++, Python"
Other Tech Role,Remote,Other US,Mid,Remote,136000.0,124274.0,"R, Python"
Other Tech Role,Remote,Other US,Mid,Remote,113000.0,124274.0,Bash
ML/AI Engineer,Remote,Other US,Mid,Remote,154000.0,125542.0,"Bash, Python"
ML/AI Engineer,Remote,Other US,Mid,Remote,133000.0,125542.0,"Python, Scala, SQL"
ML/AI Engineer,Remote,Other US,Mid,Remote,133500.0,125542.0,"C++, Python, R"
ML/AI Engineer,Remote,Other US,Mid,Remote,135500.0,125542.0,Python
ML/AI Engineer,Remote,Other US,Mid,Remote,147500.0,125542.0,"Bash, Python"
ML/AI Engineer,Remote,Other US,Mid,Remote,115500.0,125542.0,"Java, Julia, Scala, Python"
ML/AI Engineer,Remote,Other US,Mid,Remote,113500.0,125542.0,"Python, Go, R"
ML/AI Engineer,Remote,Other US,Mid,Remote,100000.0,125542.0,"Julia, R"
ML/AI Engineer,Remote,Other US,Mid,Remote,139000.0,125542.0,"Python, Java"
ML/AI Engineer,Remote,Other US,Mid,Remote,107500.0,125542.0,"Java, Go, Python"
ML/AI Engineer,Remote,Other US,Mid,Remote,109500.0,125542.0,"Go, Java, Bash"
Other Tech Role,Remote,Other US,Mid,Remote,144000.0,124274.0,"Julia, SQL, Python"
Data Engineer,Remote,Other US,Mid,Remote,99500.0,122596.0,"C++, Java, Go, Python"
Data Scientist,Remote,Other US,Mid,Remote,137500.0,130570.0,"Scala, Go, Python"
Data Scientist,Remote,Other US,Mid,Remote,138000.0,130570.0,"Python, Julia, SQL"
Other Tech Role,Remote,Other US,Mid,Remote,142000.0,124274.0,"Scala, Go, Python"
Other Tech Role,Remote,Other US,Mid,Remote,143000.0,124274.0,"C++, R, Python"
Other Tech Role,Remote,Other US,Mid,Remote,144000.0,124274.0,"C++, Julia, Python"
Other Tech Role,Remote,Other US,Mid,Remote,150500.0,124274.0,Python
ML/AI Engineer,Remote,Other US,Mid,Remote,134500.0,125542.0,"C++, Java, SQL, Python"
ML/AI Engineer,Remote,Other US,Mid,Remote,98500.0,125542.0,"Java, Python"
Other Tech Role,Remote,Other US,Mid,Remote,141000.0,124274.0,"Bash, Julia, Python"
ML/AI Engineer,Remote,Other US,Mid,Remote,104500.0,125542.0,"Julia, Java, Python"
ML/AI Engineer,Remote,Other US,Mid,Remote,152500.0,125542.0,"Julia, SQL, Python"
ML/AI Engineer,Remote,Other US,Mid,Remote,137500.0,125542.0,"Bash, R, Python"
Other Tech Role,Remote,Other US,Mid,Remote,132500.0,124274.0,"Go, Python, R"
Other Tech Role,Remote,Other US,Mid,Remote,139000.0,124274.0,"Scala, Python"
Other Tech Role,Remote,Other US,Mid,Remote,111500.0,124274.0,"SQL, R, Python"
Other Tech Role,Remote,Other US,Mid,Remote,96500.0,124274.0,"Scala, Go, Python"
Other Tech Role,Remote,Other US,Mid,Remote,99500.0,124274.0,"SQL, Bash, Java"
Other Tech Role,Remote,Other US,Mid,Remote,104000.0,124274.0,"Scala, Julia, Bash, Python"
Other Tech Role,Remote,Other US,Mid,Remote,101500.0,124274.0,"SQL, Bash, Python"
Other Tech Role,Remote,Other US,Mid,Remote,139000.0,124274.0,"Python, Scala, R"
Other Tech Role,Remote,Other US,Mid,Remote,110500.0,124274.0,"Scala, R, Go, Python"
Other Tech Role,Remote,Other US,Mid,Remote,143000.0,124274.0,"SQL, Python, Go"
ML/AI Engineer,Remote,Other US,Mid,Remote,141000.0,125542.0,"Go, Python"
ML/AI Engineer,Remote,Other US,Mid,Remote,154000.0,125542.0,"C++, Python"
ML/AI Engineer,Remote,Other US,Mid,Remote,101000.0,125542.0,"Go, Java, Python"
ML/AI Engineer,Remote,Other US,Mid,Remote,131500.0,125542.0,"Bash, Python"
ML/AI Engineer,Remote,Other US,Mid,Remote,100500.0,125542.0,"C++, Go, Julia, Python"
ML/AI Engineer,Remote,Other US,Mid,Remote,109500.0,125542.0,"Java, Go, C++, Python"
Other Tech Role,Remote,Other US,Mid,Remote,149000.0,124274.0,Python
Other Tech Role,Remote,Other US,Mid,Remote,110000.0,124274.0,"Scala, Python"
Other Tech Role,Remote,Other US,Mid,Remote,97000.0,124274.0,"Java, Python"
Data Engineer,Remote,Other US,Mid,Remote,143500.0,122596.0,"Scala, Go, Python"
Data Engineer,Remote,Other US,Mid,Remote,108000.0,122596.0,"Java, Python"
Data Scientist,Remote,Other US,Mid,Remote,107000.0,130570.0,"Go, Python"
Data Scientist,Remote,Other US,Mid,Remote,117000.0,130570.0,"Julia, Go, R"
Data Scientist,Remote,Other US,Mid,Remote,99500.0,130570.0,"Bash, Java, C++, Python"
ML/AI Engineer,Remote,Other US,Mid,Remote,117500.0,125542.0,"Java, Bash, Python"
ML/AI Engineer,Remote,Other US,Mid,Remote,99000.0,125542.0,"Julia, Python"
ML/AI Engineer,Remote,Other US,Mid,Remote,151500.0,125542.0,"SQL, Scala, Python"
ML/AI Engineer,Remote,Other US,Mid,Remote,100000.0,125542.0,"R, Java, Python"
ML/AI Engineer,Remote,Other US,Mid,Remote,110000.0,125542.0,"Go, R, Python"
ML/AI Engineer,Remote,Other US,Mid,Remote,139000.0,125542.0,Python
ML/AI Engineer,Remote,Other US,Mid,Remote,143500.0,125542.0,"Java, Python, Go"
Other Tech Role,Remote,Other US,Mid,Remote,136000.0,124274.0,"Java, Python"
Other Tech Role,Remote,Other US,Mid,Remote,131500.0,124274.0,"Go, SQL, Python"
Other Tech Role,Remote,Other US,Mid,Remote,102000.0,124274.0,"Bash, Python"
Other Tech Role,Remote,Other US,Mid,Remote,107000.0,124274.0,"Python, Java, Scala"
Other Tech Role,Remote,Other US,Mid,Remote,104500.0,124274.0,"Go, Python"
Other Tech Role,Remote,Other US,Mid,Remote,141000.0,124274.0,"Go, Python, SQL"
Other Tech Role,Remote,Other US,Mid,Remote,144500.0,124274.0,"C++, Python"
Other Tech Role,Remote,Other US,Mid,Remote,111500.0,124274.0,SQL
Other Tech Role,Remote,Other US,Mid,Remote,106000.0,124274.0,"Java, C++, R, Python"
Other Tech Role,Remote,Other US,Mid,Remote,112000.0,124274.0,"Python, Bash, Julia"
Other Tech Role,Remote,Other US,Mid,Remote,105000.0,124274.0,"SQL, Julia, C++, Python"
ML/AI Engineer,Remote,Other US,Mid,Remote,101500.0,125542.0,"Scala, Python"
ML/AI Engineer,Remote,Other US,Mid,Remote,111500.0,125542.0,"SQL, Go, Julia, Python"
ML/AI Engineer,Remote,Other US,Mid,Remote,151500.0,125542.0,"Scala, Python"
ML/AI Engineer,Remote,Other US,Mid,Remote,133500.0,125542.0,"R, Python, Go"
ML/AI Engineer,Remote,Other US,Mid,Remote,135500.0,125542.0,"Go, Python"
ML/AI Engineer,Remote,Other US,Mid,Remote,146000.0,125542.0,"Scala, Python"
ML/AI Engineer,Remote,Other US,Mid,Remote,100500.0,125542.0,"SQL, Java, Bash, Python"
ML/AI Engineer,Remote,Other US,Mid,Remote,150500.0,125542.0,"Julia, Scala, Python"
ML/AI Engineer,Remote,Other US,Mid,Remote,101000.0,125542.0,"Go, Scala, Python"
Other Tech Role,Remote,Other US,Mid,Remote,131500.0,124274.0,"Java, Bash, Scala, Python"
Other Tech Role,Remote,Other US,Mid,Remote,110500.0,124274.0,Python
Other Tech Role,Remote,Other US,Mid,Remote,143500.0,124274.0,"Go, Python"
Data Engineer,Remote,Other US,Mid,Remote,109500.0,122596.0,"Go, Python"
Data Scientist,Remote,Other US,Mid,Remote,160000.0,130570.0,"Java, Go, Python"
Data Scientist,Remote,Other US,Mid,Remote,103000.0,130570.0,"C++, Go, Python"
Other Tech Role,Remote,Other US,Mid,Remote,105500.0,124274.0,"C++, Java, Python"
Other Tech Role,Remote,Other US,Mid,Remote,109500.0,124274.0,"Julia, Go, Python"
Other Tech Role,Remote,Other US,Mid,Remote,105000.0,124274.0,"Go, Python"
Other Tech Role,Remote,Other US,Mid,Remote,98500.0,124274.0,"SQL, Python"
ML/AI Engineer,Remote,Other US,Mid,Remote,151500.0,125542.0,"C++, Scala"
Other Tech Role,Remote,Other US,Mid,Remote,143500.0,124274.0,"SQL, R, Python"
Other Tech Role,Remote,Other US,Mid,Remote,102000.0,124274.0,"SQL, Go"
Other Tech Role,Remote,Other US,Mid,Remote,101000.0,124274.0,"Python, Java, Bash"
ML/AI Engineer,Remote,Other US,Mid,Remote,146000.0,125542.0,"SQL, Julia, R, Python"
ML/AI Engineer,Remote,Other US,Mid,Remote,140000.0,125542.0,"Bash, Python"
ML/AI Engineer,Remote,Other US,Mid,Remote,109500.0,125542.0,Python
ML/AI Engineer,Remote,Other US,Mid,Remote,105000.0,125542.0,"Java, R, C++, Python"
ML/AI Engineer,Remote,Other US,Mid,Remote,132500.0,125542.0,"Java, Scala, Julia, Python"
ML/AI Engineer,Remote,Other US,Mid,Remote,142500.0,125542.0,"Java, Bash, C++, Python"
ML/AI Engineer,Remote,Other US,Mid,Remote,149500.0,125542.0,"Java, Python"
ML/AI Engineer,Remote,Other US,Mid,Remote,113000.0,125542.0,"Scala, C++, Java, Python"
ML/AI Engineer,Remote,Other US,Mid,Remote,110000.0,125542.0,"Python, R"
Other Tech Role,Remote,Other US,Mid,Remote,144500.0,124274.0,"Scala, Java, Python"
Other Tech Role,Remote,Other US,Mid,Remote,111000.0,124274.0,"Scala, C++, Python"
Other Tech Role,Remote,Other US,Mid,Remote,107000.0,124274.0,"C++, Go, Python"
ML/AI Engineer,Remote,Other US,Mid,Remote,107000.0,125542.0,"C++, Scala, Bash, Python"
ML/AI Engineer,Remote,Other US,Mid,Remote,100500.0,125542.0,"Scala, Java, Python"
ML/AI Engineer,Remote,Other US,Mid,Remote,104000.0,125542.0,"R, SQL, Python"
ML/AI Engineer,Remote,Other US,Mid,Remote,134000.0,125542.0,"SQL, Julia, Python"
ML/AI Engineer,Remote,Other US,Mid,Remote,148500.0,125542.0,"R, SQL, Python"
ML/AI Engineer,Remote,Other US,Mid,Remote,109000.0,125542.0,"C++, Julia, Python"
Other Tech Role,Remote,Other US,Mid,Remote,154500.0,124274.0,"C++, Julia, Java, Python"
Other Tech Role,Remote,Other US,Mid,Remote,151000.0,124274.0,"Bash, Scala, Python"
Other Tech Role,Remote,Other US,Mid,Remote,147000.0,124274.0,"Bash, SQL, Python"
Other Tech Role,Remote,Other US,Mid,Remote,110000.0,124274.0,"Bash, C++, Python"
Data Engineer,Remote,Other US,Mid,Remote,152000.0,122596.0,"Go, Scala, Python"
Data Scientist,Remote,Other US,Mid,Remote,138500.0,130570.0,"Julia, Java, SQL, Python"
Data Scientist,Remote,Other US,Mid,Remote,141500.0,130570.0,"Scala, SQL, Bash, Python"
Data Scientist,Remote,Other US,Mid,Remote,154000.0,130570.0,"C++, Julia, Go, Python"
Data Scientist,Remote,Other US,Mid,Remote,103000.0,130570.0,"Scala, Bash, Java, Python"
Other Tech Role,Remote,Other US,Mid,Remote,145500.0,124274.0,"SQL, Go, C++, Python"
ML/AI Engineer,Remote,Other US,Mid,Remote,110500.0,125542.0,"Julia, C++, Java, Python"
Other Tech Role,Remote,Other US,Mid,Remote,155000.0,124274.0,"C++, R, Java, Python"
Other Tech Role,Remote,Other US,Mid,Remote,109500.0,124274.0,"Java, R, Python"
ML/AI Engineer,Remote,Other US,Mid,Remote,138500.0,125542.0,"Scala, Bash, Python"
ML/AI Engineer,Remote,Other US,Mid,Remote,135000.0,125542.0,"C++, Scala, Python"
ML/AI Engineer,Remote,Other US,Mid,Remote,140000.0,125542.0,"Python, R"
ML/AI Engineer,Remote,Other US,Mid,Remote,100500.0,125542.0,"SQL, R, Scala, Python"
ML/AI Engineer,Remote,Other US,Mid,Remote,147500.0,125542.0,"Go, Julia, Python"
ML/AI Engineer,Remote,Other US,Mid,Remote,146000.0,125542.0,"Julia, C++, Python"
ML/AI Engineer,Remote,Other US,Mid,Remote,102500.0,125542.0,"C++, Go, Python"
ML/AI Engineer,Remote,Other US,Mid,Remote,107000.0,125542.0,"SQL, Julia, C++, Python"
Other Tech Role,Remote,Other US,Mid,Remote,145000.0,124274.0,"Scala, Python"
Other Tech Role,Remote,Other US,Mid,Remote,110500.0,124274.0,"Julia, Python"
Other Tech Role,Remote,Other US,Mid,Remote,134500.0,124274.0,"C++, Julia, Java, Python"
Other Tech Role,Remote,Other US,Mid,Remote,106000.0,124274.0,"Julia, SQL, Python"
Other Tech Role,Remote,Other US,Mid,Remote,113500.0,124274.0,"C++, Python"
Other Tech Role,Remote,Other US,Mid,Remote,139000.0,124274.0,"Julia, Bash, Python"
Other Tech Role,Remote,Other US,Mid,Remote,143000.0,124274.0,"Bash, R, Scala, Python"
Other Tech Role,Remote,Other US,Mid,Remote,132000.0,124274.0,"Julia, R, Python"
Other Tech Role,Remote,Other US,Mid,Remote,142500.0,124274.0,"R, Bash, Python"
Other Tech Role,Remote,Other US,Mid,Remote,145000.0,124274.0,"Bash, Scala, Python"
Other Tech Role,Remote,Other US,Mid,Remote,109000.0,124274.0,"C++, Bash, Python"
Other Tech Role,Remote,Other US,Mid,Remote,105000.0,124274.0,"Julia, SQL, R, Python"
ML/AI Engineer,Remote,Other US,Mid,Remote,143500.0,125542.0,"Java, Python"
ML/AI Engineer,Remote,Other US,Mid,Remote,145000.0,125542.0,"C++, SQL, Python"
ML/AI Engineer,Remote,Other US,Mid,Remote,108000.0,125542.0,"Java, Bash, Python"
ML/AI Engineer,Remote,Other US,Mid,Remote,116500.0,125542.0,"Julia, Bash, Go, Python"
ML/AI Engineer,Remote,Other US,Mid,Remote,132000.0,125542.0,"Scala, Python"
ML/AI Engineer,Remote,Other US,Mid,Remote,139500.0,125542.0,"SQL, Java, C++, Python"
ML/AI Engineer,Remote,Other US,Mid,Remote,148000.0,125542.0,"R, Python"
ML/AI Engineer,Remote,Other US,Mid,Remote,110000.0,125542.0,"R, C++, Python"
Other Tech Role,Remote,Other US,Mid,Remote,130000.0,124274.0,"Bash, C++, Go, Python"
Other Tech Role,Remote,Other US,Mid,Remote,108500.0,124274.0,"Scala, SQL, Python"
Other Tech Role,Remote,Other US,Mid,Remote,156000.0,124274.0,"R, Bash, Scala, Python"
Other Tech Role,Remote,Other US,Mid,Remote,110500.0,124274.0,"Go, Python"
Other Tech Role,Remote,Other US,Mid,Remote,97000.0,124274.0,"Julia, Scala, Python"
Other Tech Role,Remote,Other US,Mid,Remote,103000.0,124274.0,"Go, SQL, Python"
Other Tech Role,Remote,Other US,Mid,Remote,112500.0,124274.0,"Bash, Julia, Java, Python"
Data Scientist,Remote,Other US,Mid,Remote,137000.0,130570.0,"R, Bash, Python"
Data Scientist,Remote,Other US,Mid,Remote,145000.0,130570.0,"SQL, Scala, Java, Python"
Data Scientist,Remote,Other US,Mid,Remote,96000.0,130570.0,"Julia, Go, Scala, Python"
Other Tech Role,Remote,Other US,Mid,Remote,143000.0,124274.0,"Julia, Python, Bash"
Other Tech Role,Remote,Other US,Mid,Remote,107000.0,124274.0,"Python, SQL"
ML/AI Engineer,Remote,Other US,Mid,Remote,145500.0,125542.0,"Java, C++, Python"
ML/AI Engineer,Remote,Other US,Mid,Remote,103500.0,125542.0,"Go, Julia, Python"
Other Tech Role,Remote,Other US,Mid,Remote,149000.0,124274.0,"Julia, R, Python"
Other Tech Role,Remote,Other US,Mid,Remote,108000.0,124274.0,"Python, R"
Other Tech Role,Remote,Other US,Mid,Remote,118000.0,124274.0,"Java, Python, R"
Other Tech Role,Remote,Other US,Mid,Remote,98000.0,124274.0,"Go, Bash, Python"
ML/AI Engineer,Remote,Other US,Mid,Remote,138500.0,125542.0,"SQL, Julia, Python"
ML/AI Engineer,Remote,Other US,Mid,Remote,103500.0,125542.0,"Python, Scala"
ML/AI Engineer,Remote,Other US,Mid,Remote,106000.0,125542.0,"SQL, R, Python"
ML/AI Engineer,Remote,Other US,Mid,Remote,108000.0,125542.0,"SQL, Go, R, Python"
ML/AI Engineer,Remote,Other US,Mid,Remote,151500.0,125542.0,"R, Python"
ML/AI Engineer,Remote,Other US,Mid,Remote,115000.0,125542.0,"SQL, C++, Python"
ML/AI Engineer,Remote,Other US,Mid,Remote,113000.0,125542.0,"Scala, Go, Python"
ML/AI Engineer,Remote,Other US,Mid,Remote,109500.0,125542.0,"Scala, Python"
ML/AI Engineer,Remote,Other US,Mid,Remote,105500.0,125542.0,"Go, Python"
Other Tech Role,Remote,Other US,Mid,Remote,142000.0,124274.0,"Julia, Java, Go, Python"
Other Tech Role,Remote,Other US,Mid,Remote,148500.0,124274.0,Python
Other Tech Role,Remote,Other US,Mid,Remote,151500.0,124274.0,"C++, Python"
Other Tech Role,Remote,Other US,Mid,Remote,109500.0,124274.0,"Scala, Python"
Other Tech Role,Remote,Other US,Mid,Remote,112500.0,124274.0,"C++, Go, Python"
Other Tech Role,Remote,Other US,Mid,Remote,102500.0,124274.0,"R, Java, Python"
Other Tech Role,Remote,Other US,Mid,Remote,105000.0,124274.0,"R, Bash, Julia, Python"
ML/AI Engineer,Remote,Other US,Mid,Remote,144000.0,125542.0,"C++, Python"
ML/AI Engineer,Remote,Other US,Mid,Remote,115500.0,125542.0,"Bash, R, Scala"
ML/AI Engineer,Remote,Other US,Mid,Remote,113500.0,125542.0,"C++, Python"
ML/AI Engineer,Remote,Other US,Mid,Remote,113000.0,125542.0,"SQL, Scala, R, Python"
ML/AI Engineer,Remote,Other US,Mid,Remote,106500.0,125542.0,"Julia, Java, Python"
ML/AI Engineer,Remote,Other US,Mid,Remote,138500.0,125542.0,"Go, Python"
ML/AI Engineer,Remote,Other US,Mid,Remote,109500.0,125542.0,"Go, SQL, Python"
ML/AI Engineer,Remote,Other US,Mid,Remote,107500.0,125542.0,"SQL, C++, Go, Python"
ML/AI Engineer,Remote,Other US,Mid,Remote,107000.0,125542.0,"Scala, SQL, Python"
ML/AI Engineer,Remote,Other US,Mid,Remote,104000.0,125542.0,"Julia, Go, Python"
Other Tech Role,Remote,Other US,Mid,Remote,97500.0,124274.0,"C++, Python"
Other Tech Role,Remote,Other US,Mid,Remote,136000.0,124274.0,"Bash, SQL, Python"
Data Engineer,Remote,Other US,Mid,Remote,137500.0,122596.0,"Scala, Java, Python"
Data Engineer,Remote,Other US,Mid,Remote,145000.0,122596.0,"Bash, Go, Python"
Data Engineer,Remote,Other US,Mid,Remote,153000.0,122596.0,"Go, Python"
Data Engineer,Remote,Other US,Mid,Remote,113500.0,122596.0,"C++, Go, Java, Python"
Data Scientist,Remote,Other US,Mid,Remote,114500.0,130570.0,"Julia, Python"
Data Scientist,Remote,Other US,Mid,Remote,108500.0,130570.0,Python
Other Tech Role,Remote,Other US,Mid,Remote,141500.0,124274.0,"SQL, Python"
Other Tech Role,Remote,Other US,Mid,Remote,151000.0,124274.0,"Go, Python"
Other Tech Role,Remote,Other US,Mid,Remote,143000.0,124274.0,"C++, Python"
Other Tech Role,Remote,Other US,Mid,Remote,114000.0,124274.0,"Go, Scala, R, Python"
ML/AI Engineer,Remote,Other US,Mid,Remote,137000.0,125542.0,"Scala, Python"
ML/AI Engineer,Remote,Other US,Mid,Remote,133500.0,125542.0,"C++, Python"
ML/AI Engineer,Remote,Other US,Mid,Remote,101000.0,125542.0,"SQL, Python"
ML/AI Engineer,Remote,Other US,Mid,Remote,110000.0,125542.0,"Bash, Python"
ML/AI Engineer,Remote,Other US,Mid,Remote,156000.0,125542.0,"Java, Scala, Bash, Python"
ML/AI Engineer,Remote,Other US,Mid,Remote,103500.0,125542.0,"Julia, C++, Python"
ML/AI Engineer,Remote,Other US,Mid,Remote,132000.0,125542.0,"Scala, Bash, C++"
ML/AI Engineer,Remote,Other US,Mid,Remote,106000.0,125542.0,"Julia, Scala"
ML/AI Engineer,Remote,Other US,Mid,Remote,139000.0,125542.0,"Python, Scala, Julia"
ML/AI Engineer,Remote,Other US,Mid,Remote,148500.0,125542.0,"R, Go, Python"
ML/AI Engineer,Remote,Other US,Mid,Remote,145500.0,125542.0,"Python, Bash"
Other Tech Role,Remote,Other US,Mid,Remote,145500.0,124274.0,"C++, Bash, Go, Python"
Other Tech Role,Remote,Other US,Mid,Remote,111000.0,124274.0,"Go, Bash, SQL, Python"
Other Tech Role,Remote,Other US,Mid,Remote,136500.0,124274.0,"Java, Julia, Python"
Other Tech Role,Remote,Other US,Mid,Remote,138000.0,124274.0,"Bash, Python"
Other Tech Role,Remote,Other US,Mid,Remote,111500.0,124274.0,"SQL, Julia, Go, Python"
Other Tech Role,Remote,Other US,Mid,Remote,140500.0,124274.0,"SQL, Bash, Python"
Other Tech Role,Remote,Other US,Mid,Remote,156000.0,124274.0,"Python, Scala, Java"
ML/AI Engineer,Remote,Other US,Mid,Remote,135500.0,125542.0,"Bash, SQL, Python"
ML/AI Engineer,Remote,Other US,Mid,Remote,111500.0,125542.0,"Go, C++, Python"
ML/AI Engineer,Remote,Other US,Mid,Remote,104000.0,125542.0,"C++, R, Bash, Python"
ML/AI Engineer,Remote,Other US,Mid,Remote,140500.0,125542.0,"Scala, C++, Julia, Python"
ML/AI Engineer,Remote,Other US,Mid,Remote,108000.0,125542.0,"Bash, Python"
ML/AI Engineer,Remote,Other US,Mid,Remote,105500.0,125542.0,"Go, Scala, Python"
ML/AI Engineer,Remote,Other US,Mid,Remote,131500.0,125542.0,"Scala, Python"
ML/AI Engineer,Remote,Other US,Mid,Remote,131500.0,125542.0,"Bash, Scala, Julia, Python"
ML/AI Engineer,Remote,Other US,Mid,Remote,141000.0,125542.0,"SQL, Scala, R, Python"
ML/AI Engineer,Remote,Other US,Mid,Remote,137500.0,125542.0,"C++, Java, Python"
Other Tech Role,Remote,Other US,Mid,Remote,110000.0,124274.0,"C++, Python"
Other Tech Role,Remote,Other US,Mid,Remote,103000.0,124274.0,"C++, Java, Python"
Other Tech Role,Remote,Other US,Mid,Remote,136500.0,124274.0,"Java, C++, SQL, Python"
Other Tech Role,Remote,Other US,Mid,Remote,112500.0,124274.0,"Scala, Python"
Data Engineer,Remote,Other US,Mid,Remote,146000.0,122596.0,"C++, Go, Python"
Data Engineer,Remote,Other US,Mid,Remote,148500.0,122596.0,"Julia, Python"
Data Engineer,Remote,Other US,Mid,Remote,113500.0,122596.0,"Bash, R, Python"
Data Engineer,Remote,Other US,Mid,Remote,100000.0,122596.0,"R, Python"
Data Engineer,Remote,Other US,Mid,Remote,111500.0,122596.0,"Go, Python"
Data Scientist,Remote,Other US,Mid,Remote,145000.0,130570.0,"C++, Python"
Other Tech Role,Remote,Other US,Mid,Remote,98500.0,124274.0,"Scala, Python"
Other Tech Role,Remote,Other US,Mid,Remote,108500.0,124274.0,"Bash, C++, Python"
ML/AI Engineer,Remote,Other US,Mid,Remote,150500.0,125542.0,"R, Scala"
ML/AI Engineer,Remote,Other US,Mid,Remote,150000.0,125542.0,"C++, Bash, Java, Python"
Other Tech Role,Remote,Other US,Mid,Remote,107500.0,124274.0,"C++, R, Java, Python"
Other Tech Role,Remote,Other US,Mid,Remote,109500.0,124274.0,"Go, Scala, Bash, Python"
Other Tech Role,Remote,Other US,Mid,Remote,102000.0,124274.0,"SQL, Python"
ML/AI Engineer,Remote,Other US,Mid,Remote,152000.0,125542.0,"Go, SQL, Python"
ML/AI Engineer,Remote,Other US,Mid,Remote,144500.0,125542.0,"Bash, C++, Java, Python"
ML/AI Engineer,Remote,Other US,Mid,Remote,104500.0,125542.0,"Scala, Python"
Other Tech Role,Remote,Other US,Mid,Remote,140500.0,124274.0,"Scala, Python"
Other Tech Role,Remote,Other US,Mid,Remote,107500.0,124274.0,"Julia, Go, Python"
Other Tech Role,Remote,Other US,Mid,Remote,97500.0,124274.0,"R, SQL, Python"
Other Tech Role,Remote,Other US,Mid,Remote,112500.0,124274.0,"Julia, Python, C++"
Other Tech Role,Remote,Other US,Mid,Remote,108000.0,124274.0,"Julia, Scala, C++, Python"
Other Tech Role,Remote,Other US,Mid,Remote,116500.0,124274.0,"Bash, Python"
Other Tech Role,Remote,Other US,Mid,Remote,102500.0,124274.0,"R, C++, Python"
Other Tech Role,Remote,Other US,Mid,Remote,116000.0,124274.0,"Go, Python, SQL"
Other Tech Role,Remote,Other US,Mid,Remote,140500.0,124274.0,"C++, SQL, Python"
ML/AI Engineer,Remote,Other US,Mid,Remote,98000.0,125542.0,"Julia, Python"
ML/AI Engineer,Remote,Other US,Mid,Remote,105000.0,125542.0,Python
ML/AI Engineer,Remote,Other US,Mid,Remote,134500.0,125542.0,"Go, Bash, Python"
ML/AI Engineer,Remote,Other US,Mid,Remote,142500.0,125542.0,"C++, Python"
ML/AI Engineer,Remote,Other US,Mid,Remote,147000.0,125542.0,"Bash, Python"
ML/AI Engineer,Remote,Other US,Mid,Remote,149000.0,125542.0,"Go, Python"
Other Tech Role,Remote,Other US,Mid,Remote,140500.0,124274.0,"R, Python"
Other Tech Role,Remote,Other US,Mid,Remote,144500.0,124274.0,"Go, SQL, Java, Python"
Other Tech Role,Remote,Other US,Mid,Remote,107500.0,124274.0,"C++, Java, SQL, Python"
Other Tech Role,Remote,Other US,Mid,Remote,107000.0,124274.0,"SQL, Bash, Scala, Python"
Data Engineer,Remote,Other US,Mid,Remote,140000.0,122596.0,"R, Python"
Data Engineer,Remote,Other US,Mid,Remote,112000.0,122596.0,"Bash, SQL, Go, Python"
Data Scientist,Remote,Other US,Mid,Remote,143000.0,130570.0,"Go, Scala, R, Python"
Data Scientist,Remote,Other US,Mid,Remote,100500.0,130570.0,"Go, Python"
Other Tech Role,Remote,Other US,Mid,Remote,113500.0,124274.0,"R, SQL, Go, Python"
Other Tech Role,Remote,Other US,Mid,Remote,109500.0,124274.0,"C++, Scala, Python"
Other Tech Role,Remote,Other US,Mid,Remote,103500.0,124274.0,"Bash, C++, Python"
Other Tech Role,Remote,Other US,Mid,Remote,130500.0,124274.0,"Go, Python"
Other Tech Role,Remote,Other US,Mid,Remote,145000.0,124274.0,"R, Python"
Other Tech Role,Remote,Other US,Mid,Remote,156000.0,124274.0,"Bash, Python"
Other Tech Role,Remote,Other US,Mid,Remote,156000.0,124274.0,"Julia, SQL, C++, Python"
Other Tech Role,Remote,Other US,Mid,Remote,102500.0,124274.0,"SQL, Python, C++"
ML/AI Engineer,Remote,Other US,Mid,Remote,98000.0,125542.0,"Go, Bash, Scala, Python"
ML/AI Engineer,Remote,Other US,Mid,Remote,148500.0,125542.0,"Scala, Python"
ML/AI Engineer,Remote,Other US,Mid,Remote,111000.0,125542.0,"R, Scala, Go, Python"
ML/AI Engineer,Remote,Other US,Mid,Remote,137000.0,125542.0,"Julia, Python, Bash"
ML/AI Engineer,Remote,Other US,Mid,Remote,101000.0,125542.0,"Bash, SQL, Python"
ML/AI Engineer,Remote,Other US,Mid,Remote,112000.0,125542.0,"Bash, Java, Python"
Other Tech Role,Remote,Other US,Mid,Remote,146000.0,124274.0,"Julia, Python"
Other Tech Role,Remote,Other US,Mid,Remote,147500.0,124274.0,"SQL, R, Python"
Other Tech Role,Remote,Other US,Mid,Remote,106000.0,124274.0,"Python, Java"
Other Tech Role,Remote,Other US,Mid,Remote,147000.0,124274.0,Go
Other Tech Role,Remote,Other US,Mid,Remote,109500.0,124274.0,"C++, Go, Scala, Python"
ML/AI Engineer,Remote,Other US,Mid,Remote,158500.0,125542.0,"Go, C++, Python"
ML/AI Engineer,Remote,Other US,Mid,Remote,107500.0,125542.0,"Python, Go, SQL"
ML/AI Engineer,Remote,Other US,Mid,Remote,109000.0,125542.0,"Scala, Python"
ML/AI Engineer,Remote,Other US,Mid,Remote,99500.0,125542.0,"Java, Bash, Go"
ML/AI Engineer,Remote,Other US,Mid,Remote,143500.0,125542.0,"R, Python"
ML/AI Engineer,Remote,Other US,Mid,Remote,135500.0,125542.0,"Java, Scala, Python"
Other Tech Role,Remote,Other US,Mid,Remote,140500.0,124274.0,"Go, Java, Python"
Other Tech Role,Remote,Other US,Mid,Remote,136500.0,124274.0,"Go, Python"
Other Tech Role,Remote,Other US,Mid,Remote,140500.0,124274.0,"Julia, Python"
Other Tech Role,Remote,Other US,Mid,Remote,106000.0,124274.0,"C++, Go, Python"
Other Tech Role,Remote,Other US,Mid,Remote,97500.0,124274.0,"Scala, Python"
Other Tech Role,Remote,Other US,Mid,Remote,142500.0,124274.0,"Go, SQL, Python"
Other Tech Role,Remote,Other US,Mid,Remote,140000.0,124274.0,"Julia, Java, Python"
Other Tech Role,Remote,Other US,Mid,Remote,111500.0,124274.0,"Python, Julia, Java"
Other Tech Role,Remote,Other US,Mid,Remote,107500.0,124274.0,"Scala, Python"
Data Engineer,Remote,Other US,Mid,Remote,117000.0,122596.0,"C++, Julia, Python"
Data Engineer,Remote,Other US,Mid,Remote,100000.0,122596.0,"Java, Julia, C++, Python"
Data Engineer,Remote,Other US,Mid,Remote,105000.0,122596.0,"R, Python, Julia"
Data Engineer,Remote,Other US,Mid,Remote,102500.0,122596.0,"Go, Bash, C++, Python"
Data Scientist,Remote,Other US,Mid,Remote,145000.0,130570.0,"Scala, Python"
Data Scientist,Remote,Other US,Mid,Remote,115000.0,130570.0,"Bash, Python"
Data Scientist,Remote,Other US,Mid,Remote,106000.0,130570.0,"C++, Scala, Python"
Other Tech Role,Remote,Other US,Mid,Remote,135500.0,124274.0,"R, Bash, Python"
ML/AI Engineer,Remote,Other US,Mid,Remote,140000.0,125542.0,"Bash, Java, Python"
Other Tech Role,Remote,Other US,Mid,Remote,145000.0,124274.0,"R, Bash, Python"
ML/AI Engineer,Remote,Other US,Mid,Remote,135000.0,125542.0,"Java, Python, Go"
ML/AI Engineer,Remote,Other US,Mid,Remote,151500.0,125542.0,"SQL, Java, Go, Python"
ML/AI Engineer,Remote,Other US,Mid,Remote,145000.0,125542.0,"Java, Scala, Bash"
ML/AI Engineer,Remote,Other US,Mid,Remote,96500.0,125542.0,SQL
ML/AI Engineer,Remote,Other US,Mid,Remote,146000.0,125542.0,"R, Java, Python"
ML/AI Engineer,Remote,Other US,Mid,Remote,105500.0,125542.0,"Scala, C++, Python"
Other Tech Role,Remote,Other US,Mid,Remote,110000.0,124274.0,"Scala, Python"
Other Tech Role,Remote,Other US,Mid,Remote,148000.0,124274.0,"Bash, Scala, Go, Python"
Other Tech Role,Remote,Other US,Mid,Remote,109000.0,124274.0,"Scala, Python"
Other Tech Role,Remote,Other US,Mid,Remote,102500.0,124274.0,"Scala, Go, Python"
Other Tech Role,Remote,Other US,Mid,Remote,104000.0,124274.0,"Python, Scala"
Other Tech Role,Remote,Other US,Mid,Remote,144000.0,124274.0,"C++, SQL, Scala, Python"
Other Tech Role,Remote,Other US,Mid,Remote,142500.0,124274.0,"Java, Python"
Other Tech Role,Remote,Other US,Mid,Remote,110500.0,124274.0,"Scala, C++, Python"
Other Tech Role,Remote,Other US,Mid,Remote,108000.0,124274.0,"C++, R, Python"
Other Tech Role,Remote,Other US,Mid,Remote,114500.0,124274.0,"Python, R"
Other Tech Role,Remote,Other US,Mid,Remote,104000.0,124274.0,Python
ML/AI Engineer,Remote,Other US,Mid,Remote,145000.0,125542.0,"C++, SQL, Python"
ML/AI Engineer,Remote,Other US,Mid,Remote,146500.0,125542.0,"C++, Bash, Python"
ML/AI Engineer,Remote,Other US,Mid,Remote,149500.0,125542.0,"Scala, Julia, Go, Python"
ML/AI Engineer,Remote,Other US,Mid,Remote,131500.0,125542.0,"Julia, R, C++, Python"
Other Tech Role,Remote,Other US,Mid,Remote,137000.0,124274.0,"SQL, Java, R, Python"
Other Tech Role,Remote,Other US,Mid,Remote,134500.0,124274.0,"Go, Python, Java"
Other Tech Role,Remote,Other US,Mid,Remote,146000.0,124274.0,"SQL, Bash, Python"
Other Tech Role,Remote,Other US,Mid,Remote,144500.0,124274.0,"Bash, Go, Python"
Other Tech Role,Remote,Other US,Mid,Remote,150500.0,124274.0,"R, Python"
Other Tech Role,Remote,Other US,Mid,Remote,131000.0,124274.0,"R, Julia, C++, Python"
Other Tech Role,Remote,Other US,Mid,Remote,134500.0,124274.0,"SQL, Python, Go"
Data Engineer,Remote,Other US,Mid,Remote,110500.0,122596.0,"Go, Python"
Data Engineer,Remote,Other US,Mid,Remote,113000.0,122596.0,"Julia, Java, C++, Python"
Data Engineer,Remote,Other US,Mid,Remote,99500.0,122596.0,"Bash, Julia, Python"
Other Tech Role,Remote,Other US,Mid,Remote,141000.0,124274.0,"C++, R, Java, Python"
Other Tech Role,Remote,Other US,Mid,Remote,107500.0,124274.0,R
Other Tech Role,Remote,Other US,Mid,Remote,151000.0,124274.0,"Python, SQL, Java"
Other Tech Role,Remote,Other US,Mid,Remote,99500.0,124274.0,"Scala, Python"
Other Tech Role,Remote,Other US,Mid,Remote,99000.0,124274.0,"SQL, Python"
ML/AI Engineer,Remote,Other US,Mid,Remote,133000.0,125542.0,"Go, Python"
ML/AI Engineer,Remote,Other US,Mid,Remote,151500.0,125542.0,"Scala, SQL, Go, Python"
ML/AI Engineer,Remote,Other US,Mid,Remote,103500.0,125542.0,"Go, Python"
ML/AI Engineer,Remote,Other US,Mid,Remote,104500.0,125542.0,Python
ML/AI Engineer,Remote,Other US,Mid,Remote,137500.0,125542.0,"Python, Julia, R"
ML/AI Engineer,Remote,Other US,Mid,Remote,141000.0,125542.0,"Julia, Python"
ML/AI Engineer,Remote,Other US,Mid,Remote,153000.0,125542.0,"Java, Go, C++, Python"
ML/AI Engineer,Remote,Other US,Mid,Remote,156500.0,125542.0,"Go, Python"
ML/AI Engineer,Remote,Other US,Mid,Remote,106000.0,125542.0,"Java, Julia, Python"
ML/AI Engineer,Remote,Other US,Mid,Remote,101000.0,125542.0,"Scala, Java, Python"
ML/AI Engineer,Remote,Other US,Mid,Remote,105000.0,125542.0,"Java, Python"
Other Tech Role,Remote,Other US,Mid,Remote,138500.0,124274.0,"Bash, Julia, Python"
Other Tech Role,Remote,Other US,Mid,Remote,101500.0,124274.0,"C++, Go, Julia, Python"
Other Tech Role,Remote,Other US,Mid,Remote,105500.0,124274.0,"Julia, Python"
ML/AI Engineer,Remote,Other US,Mid,Remote,140500.0,125542.0,"Python, R"
ML/AI Engineer,Remote,Other US,Mid,Remote,103000.0,125542.0,"Scala, R, Python"
ML/AI Engineer,Remote,Other US,Mid,Remote,132500.0,125542.0,"SQL, Python"
ML/AI Engineer,Remote,Other US,Mid,Remote,113000.0,125542.0,"Bash, Java, Python"
ML/AI Engineer,Remote,Other US,Mid,Remote,148500.0,125542.0,"C++, Python"
ML/AI Engineer,Remote,Other US,Mid,Remote,155500.0,125542.0,"Julia, Scala, Bash, Python"
ML/AI Engineer,Remote,Other US,Mid,Remote,98000.0,125542.0,"Java, Bash, Python"
ML/AI Engineer,Remote,Other US,Mid,Remote,128000.0,125542.0,"Bash, Python"
ML/AI Engineer,Remote,Other US,Mid,Remote,146000.0,125542.0,"Julia, Python"
ML/AI Engineer,Remote,Other US,Mid,Remote,139500.0,125542.0,"Java, Python"
Other Tech Role,Remote,Other US,Mid,Remote,98000.0,124274.0,"Scala, Python"
Other Tech Role,Remote,Other US,Mid,Remote,109500.0,124274.0,"C++, Go, SQL, Python"
Data Engineer,Remote,Other US,Mid,Remote,134500.0,122596.0,"SQL, Julia, Scala, Python"
Data Engineer,Remote,Other US,Mid,Remote,148500.0,122596.0,"R, Bash, SQL, Python"
Data Engineer,Remote,Other US,Mid,Remote,110000.0,122596.0,"SQL, Python, Scala"
Data Scientist,Remote,Other US,Mid,Remote,137500.0,130570.0,"SQL, R, Python"
Data Scientist,Remote,Other US,Mid,Remote,150000.0,130570.0,"Java, Scala, C++, Python"
Data Scientist,Remote,Other US,Mid,Remote,148500.0,130570.0,"Java, Python"
Data Scientist,Remote,Other US,Mid,Remote,110000.0,130570.0,"R, Python"
Other Tech Role,Remote,Other US,Mid,Remote,141000.0,124274.0,"Julia, Python"
Other Tech Role,Remote,Other US,Mid,Remote,106500.0,124274.0,"Bash, Scala, Python"
Other Tech Role,Remote,Other US,Mid,Remote,150500.0,124274.0,"SQL, Scala, Python"
Other Tech Role,Remote,Other US,Mid,Remote,103000.0,124274.0,"SQL, Go, R, Python"
Other Tech Role,Remote,Other US,Mid,Remote,112500.0,124274.0,"Julia, R, Python"
ML/AI Engineer,Remote,Other US,Mid,Remote,146000.0,125542.0,"Julia, Python"
ML/AI Engineer,Remote,Other US,Mid,Remote,111500.0,125542.0,"Scala, Python"
ML/AI Engineer,Remote,Other US,Mid,Remote,138500.0,125542.0,"SQL, Julia, Python"
ML/AI Engineer,Remote,Other US,Mid,Remote,136500.0,125542.0,"C++, SQL, Julia, Python"
ML/AI Engineer,Remote,Other US,Mid,Remote,100000.0,125542.0,"Bash, Python, Julia"
ML/AI Engineer,Remote,Other US,Mid,Remote,146000.0,125542.0,"Bash, Python"
ML/AI Engineer,Remote,Other US,Mid,Remote,145000.0,125542.0,"Go, Python"
ML/AI Engineer,Remote,Other US,Mid,Remote,112000.0,125542.0,"Python, C++"
ML/AI Engineer,Remote,Other US,Mid,Remote,109500.0,125542.0,"C++, Python"
ML/AI Engineer,Remote,Other US,Mid,Remote,111000.0,125542.0,"C++, Bash, Java, Python"
ML/AI Engineer,Remote,Other US,Mid,Remote,107000.0,125542.0,"C++, Bash, Python"
Other Tech Role,Remote,Other US,Mid,Remote,97500.0,124274.0,"Java, Julia, Python"
Other Tech Role,Remote,Other US,Mid,Remote,143500.0,124274.0,"Java, Julia, Python"
Other Tech Role,Remote,Other US,Mid,Remote,98000.0,124274.0,"Go, Python"
Other Tech Role,Remote,Other US,Mid,Remote,104000.0,124274.0,"C++, Java, Python"
Other Tech Role,Remote,Other US,Mid,Remote,105000.0,124274.0,"Bash, C++, Python"
Other Tech Role,Remote,Other US,Mid,Remote,103000.0,124274.0,"Bash, Scala, Python"
ML/AI Engineer,Remote,Other US,Mid,Remote,106000.0,125542.0,"Julia, Scala, C++, Python"
ML/AI Engineer,Remote,Other US,Mid,Remote,107500.0,125542.0,"Julia, SQL, Python"
ML/AI Engineer,Remote,Other US,Mid,Remote,137000.0,125542.0,"Scala, SQL, Go, Python"
ML/AI Engineer,Remote,Other US,Mid,Remote,137500.0,125542.0,"Java, C++, Julia, Python"
ML/AI Engineer,Remote,Other US,Mid,Remote,147000.0,125542.0,"Python, Java, Bash"
ML/AI Engineer,Remote,Other US,Mid,Remote,101500.0,125542.0,"Julia, C++, Scala, Python"
Other Tech Role,Remote,Other US,Mid,Remote,129500.0,124274.0,"C++, Julia, Python"
Other Tech Role,Remote,Other US,Mid,Remote,144500.0,124274.0,"R, Python"
Other Tech Role,Remote,Other US,Mid,Remote,145000.0,124274.0,"Java, Python"
Other Tech Role,Remote,Other US,Mid,Remote,145500.0,124274.0,"Julia, Java, R, Python"
Other Tech Role,Remote,Other US,Mid,Remote,151000.0,124274.0,"Scala, SQL, Python"
Other Tech Role,Remote,Other US,Mid,Remote,101000.0,124274.0,"Bash, Python"
Other Tech Role,Remote,Other US,Mid,Remote,105000.0,124274.0,"Go, Python"
Other Tech Role,Remote,Other US,Mid,Remote,137000.0,124274.0,"SQL, Go, Python"
Other Tech Role,Remote,Other US,Mid,Remote,101500.0,124274.0,"Bash, Python"
Data Engineer,Remote,Other US,Mid,Remote,149000.0,122596.0,"Bash, Java, C++, Python"
Data Scientist,Remote,Other US,Mid,Remote,103500.0,130570.0,"Java, Python"
Data Scientist,Remote,Other US,Mid,Remote,109000.0,130570.0,"Bash, Python"
Other Tech Role,Remote,Other US,Mid,Remote,108000.0,124274.0,"R, Python"
Other Tech Role,Remote,Other US,Mid,Remote,118000.0,124274.0,"Python, Go"
ML/AI Engineer,Remote,Other US,Mid,Remote,142000.0,125542.0,"SQL, R, Python"
Other Tech Role,Remote,Other US,Mid,Remote,133500.0,124274.0,"C++, Python"
Other Tech Role,Remote,Other US,Mid,Remote,137500.0,124274.0,"C++, Scala, Python"
Other Tech Role,Remote,Other US,Mid,Remote,154000.0,124274.0,"Go, C++, Python"
Other Tech Role,Remote,Other US,Mid,Remote,104500.0,124274.0,"Python, Bash"
ML/AI Engineer,Remote,Other US,Mid,Remote,147000.0,125542.0,"Java, Python"
ML/AI Engineer,Remote,Other US,Mid,Remote,150500.0,125542.0,"Python, Bash, Go"
ML/AI Engineer,Remote,Other US,Mid,Remote,133500.0,125542.0,"Bash, Go, Python"
ML/AI Engineer,Remote,Other US,Mid,Remote,139500.0,125542.0,"Java, C++, Python"
ML/AI Engineer,Remote,Other US,Mid,Remote,150000.0,125542.0,"Python, Scala"
ML/AI Engineer,Remote,Other US,Mid,Remote,110500.0,125542.0,"Python, Julia, R"
ML/AI Engineer,Remote,Other US,Mid,Remote,118000.0,125542.0,"Go, C++, Python"
ML/AI Engineer,Remote,Other US,Mid,Remote,104000.0,125542.0,"Scala, SQL, Python"
ML/AI Engineer,Remote,Other US,Mid,Remote,129000.0,125542.0,"SQL, Julia, C++, Python"
ML/AI Engineer,Remote,Other US,Mid,Remote,144000.0,125542.0,"R, Java, Python"
ML/AI Engineer,Remote,Other US,Mid,Remote,114500.0,125542.0,"Bash, Python"
ML/AI Engineer,Remote,Other US,Mid,Remote,108500.0,125542.0,"Java, R, Python"
Other Tech Role,Remote,Other US,Mid,Remote,136500.0,124274.0,"Go, Python"
Other Tech Role,Remote,Other US,Mid,Remote,142500.0,124274.0,"SQL, Java, C++, Python"
Other Tech Role,Remote,Other US,Mid,Remote,105500.0,124274.0,"Scala, Python"
Other Tech Role,Remote,Other US,Mid,Remote,109500.0,124274.0,"Python, Go"
Other Tech Role,Remote,Other US,Mid,Remote,146500.0,124274.0,"Julia, Python"
Other Tech Role,Remote,Other US,Mid,Remote,110000.0,124274.0,"Java, Python"
ML/AI Engineer,Remote,Other US,Mid,Remote,130000.0,125542.0,"Scala, C++, Julia, Python"
ML/AI Engineer,Remote,Other US,Mid,Remote,138000.0,125542.0,"C++, Python"
ML/AI Engineer,Remote,Other US,Mid,Remote,143000.0,125542.0,"Go, Python, Java"
ML/AI Engineer,Remote,Other US,Mid,Remote,106000.0,125542.0,"Bash, Python"
ML/AI Engineer,Remote,Other US,Mid,Remote,101500.0,125542.0,"Python, R"
ML/AI Engineer,Remote,Other US,Mid,Remote,106000.0,125542.0,"Julia, R, SQL, Python"
ML/AI Engineer,Remote,Other US,Mid,Remote,145500.0,125542.0,"R, Python"
ML/AI Engineer,Remote,Other US,Mid,Remote,111000.0,125542.0,"Julia, Python"
Other Tech Role,Remote,Other US,Mid,Remote,138500.0,124274.0,"Go, R, Python"
Other Tech Role,Remote,Other US,Mid,Remote,144000.0,124274.0,"Python, C++"
Other Tech Role,Remote,Other US,Mid,Remote,155500.0,124274.0,"SQL, Python"
Other Tech Role,Remote,Other US,Mid,Remote,147500.0,124274.0,"Scala, Python"
Other Tech Role,Remote,Other US,Mid,Remote,132000.0,124274.0,"R, Python"
Other Tech Role,Remote,Other US,Mid,Remote,138500.0,124274.0,"C++, Python"
Other Tech Role,Remote,Other US,Mid,Remote,97000.0,124274.0,Python
Data Engineer,Remote,Other US,Mid,Remote,140000.0,122596.0,"Bash, Java, Python"
Data Scientist,Remote,Other US,Mid,Remote,133000.0,130570.0,"Scala, Go, Python"
Data Scientist,Remote,Other US,Mid,Remote,104500.0,130570.0,"Scala, Python"
Other Tech Role,Remote,Other US,Mid,Remote,143500.0,124274.0,"SQL, C++, Python"
Other Tech Role,Remote,Other US,Mid,Remote,142500.0,124274.0,"Julia, Go, Python"
Other Tech Role,Remote,Other US,Mid,Remote,147500.0,124274.0,"Java, Scala, Julia, Python"
Other Tech Role,Remote,Other US,Mid,Remote,111000.0,124274.0,"Python, C++, Scala"
Other Tech Role,Remote,Other US,Mid,Remote,109500.0,124274.0,"Julia, C++, Scala, Python"
Other Tech Role,Remote,Other US,Mid,Remote,140500.0,124274.0,"SQL, Go, R, Python"
Other Tech Role,Remote,Other US,Mid,Remote,147000.0,124274.0,"Go, Bash, R, Python"
Other Tech Role,Remote,Other US,Mid,Remote,110000.0,124274.0,"C++, Python"
Other Tech Role,Remote,Other US,Mid,Remote,105500.0,124274.0,"Bash, Python"
Other Tech Role,Remote,Other US,Mid,Remote,108000.0,124274.0,"C++, Julia, Python"
ML/AI Engineer,Remote,Other US,Mid,Remote,144500.0,125542.0,"Julia, Python"
ML/AI Engineer,Remote,Other US,Mid,Remote,137500.0,125542.0,"Julia, Python"
ML/AI Engineer,Remote,Other US,Mid,Remote,145500.0,125542.0,"Scala, Python"
ML/AI Engineer,Remote,Other US,Mid,Remote,108000.0,125542.0,"C++, Python"
ML/AI Engineer,Remote,Other US,Mid,Remote,148500.0,125542.0,"Java, Python"
ML/AI Engineer,Remote,Other US,Mid,Remote,108000.0,125542.0,"Julia, Python"
ML/AI Engineer,Remote,Other US,Mid,Remote,149500.0,125542.0,"C++, Scala, Python"
ML/AI Engineer,Remote,Other US,Mid,Remote,154000.0,125542.0,"Python, Go, SQL"
ML/AI Engineer,Remote,Other US,Mid,Remote,109000.0,125542.0,"Python, Go, SQL"
ML/AI Engineer,Remote,Other US,Mid,Remote,103000.0,125542.0,"Scala, Bash, Python"
ML/AI Engineer,Remote,Other US,Mid,Remote,107000.0,125542.0,"R, Bash, Python"
ML/AI Engineer,Remote,Other US,Mid,Remote,110500.0,125542.0,"R, Julia, SQL, Python"
ML/AI Engineer,Remote,Other US,Mid,Remote,111000.0,125542.0,"Java, SQL, Python"
ML/AI Engineer,Remote,Other US,Mid,Remote,101500.0,125542.0,"Go, Java, Python"
Other Tech Role,Remote,Other US,Mid,Remote,106000.0,124274.0,"R, Java, Python"
Other Tech Role,Remote,Other US,Mid,Remote,149500.0,124274.0,"Scala, Python"
Other Tech Role,Remote,Other US,Mid,Remote,141000.0,124274.0,"Julia, Bash, Python"
Other Tech Role,Remote,Other US,Mid,Remote,148500.0,124274.0,"SQL, Bash, Java, Python"
Other Tech Role,Remote,Other US,Mid,Remote,111000.0,124274.0,"Java, Python"
Other Tech Role,Remote,Other US,Mid,Remote,106500.0,124274.0,"Python, Julia"
ML/AI Engineer,Remote,Other US,Mid,Remote,110500.0,125542.0,"Julia, Java, SQL, Python"
ML/AI Engineer,Remote,Other US,Mid,Remote,116000.0,125542.0,"Go, Bash, Python"
ML/AI Engineer,Remote,Other US,Mid,Remote,97000.0,125542.0,"Julia, SQL, Python"
ML/AI Engineer,Remote,Other US,Mid,Remote,147000.0,125542.0,"Go, R, Python"
ML/AI Engineer,Remote,Other US,Mid,Remote,152000.0,125542.0,"R, SQL, Python"
ML/AI Engineer,Remote,Other US,Mid,Remote,105000.0,125542.0,"R, C++"
Other Tech Role,Remote,Other US,Mid,Remote,158000.0,124274.0,"C++, Python"
Other Tech Role,Remote,Other US,Mid,Remote,110500.0,124274.0,"SQL, Java, Python"
Other Tech Role,Remote,Other US,Mid,Remote,113000.0,124274.0,"SQL, R, Python"
Data Engineer,Remote,Other US,Mid,Remote,144000.0,122596.0,"C++, Java, SQL, Python"
Data Scientist,Remote,Other US,Mid,Remote,107000.0,130570.0,"C++, Go, Scala, Python"
Other Tech Role,Remote,Other US,Mid,Remote,146000.0,124274.0,"Bash, R, Python"
Other Tech Role,Remote,Other US,Mid,Remote,147000.0,124274.0,"R, Scala, Julia, Python"
Other Tech Role,Remote,Other US,Mid,Remote,108500.0,124274.0,"Bash, Python"
ML/AI Engineer,Remote,Other US,Mid,Remote,152000.0,125542.0,"R, Java, SQL, Python"
ML/AI Engineer,Remote,Other US,Mid,Remote,155500.0,125542.0,"Scala, Python"
ML/AI Engineer,Remote,Other US,Mid,Remote,105500.0,125542.0,"Java, Go, Bash, Python"
Other Tech Role,Remote,Other US,Mid,Remote,138000.0,124274.0,"Java, SQL, Bash, Python"
Other Tech Role,Remote,Other US,Mid,Remote,150000.0,124274.0,"R, Bash, C++, Python"
Other Tech Role,Remote,Other US,Mid,Remote,109000.0,124274.0,"Julia, Python"
Other Tech Role,Remote,Other US,Mid,Remote,104500.0,124274.0,"Go, SQL, Python"
ML/AI Engineer,Remote,Other US,Mid,Remote,137500.0,125542.0,"Bash, Python"
ML/AI Engineer,Remote,Other US,Mid,Remote,156500.0,125542.0,"Python, SQL, Scala"
ML/AI Engineer,Remote,Other US,Mid,Remote,102500.0,125542.0,"Java, C++, Julia, Python"
ML/AI Engineer,Remote,Other US,Mid,Remote,134500.0,125542.0,"R, Scala, Java, Python"
ML/AI Engineer,Remote,Other US,Mid,Remote,135000.0,125542.0,"Julia, Bash, Python"
ML/AI Engineer,Remote,Other US,Mid,Remote,133500.0,125542.0,"C++, Julia, R, Python"
ML/AI Engineer,Remote,Other US,Mid,Remote,139000.0,125542.0,"C++, Python"
ML/AI Engineer,Remote,Other US,Mid,Remote,150000.0,125542.0,"SQL, Bash, Java"
ML/AI Engineer,Remote,Other US,Mid,Remote,115000.0,125542.0,"Java, Python"
ML/AI Engineer,Remote,Other US,Mid,Remote,114500.0,125542.0,"SQL, C++, Python"
Other Tech Role,Remote,Other US,Mid,Remote,138000.0,124274.0,"Bash, Python"
Other Tech Role,Remote,Other US,Mid,Remote,114000.0,124274.0,"C++, Julia, Bash, Python"
Other Tech Role,Remote,Other US,Mid,Remote,101000.0,124274.0,"Python, R"
Other Tech Role,Remote,Other US,Mid,Remote,107000.0,124274.0,"Scala, Julia, Python"
Other Tech Role,Remote,Other US,Mid,Remote,105000.0,124274.0,"Scala, Python"
Other Tech Role,Remote,Other US,Mid,Remote,139000.0,124274.0,"Go, Python"
Other Tech Role,Remote,Other US,Mid,Remote,112500.0,124274.0,"R, SQL, Go, Python"
Other Tech Role,Remote,Other US,Mid,Remote,150000.0,124274.0,"Scala, Go, Python"
Other Tech Role,Remote,Other US,Mid,Remote,113000.0,124274.0,"R, C++, Scala, Python"
Other Tech Role,Remote,Other US,Mid,Remote,110000.0,124274.0,"SQL, Go, Julia, Python"
Other Tech Role,Remote,Other US,Mid,Remote,139500.0,124274.0,"Python, Java, Bash"
Other Tech Role,Remote,Other US,Mid,Remote,155000.0,124274.0,"Java, Python"
Other Tech Role,Remote,Other US,Mid,Remote,96000.0,124274.0,"Python, SQL, Bash"
Other Tech Role,Remote,Other US,Mid,Remote,104500.0,124274.0,"Julia, Java, Bash, Python"
ML/AI Engineer,Remote,Other US,Mid,Remote,134500.0,125542.0,"SQL, Java, Python"
ML/AI Engineer,Remote,Other US,Mid,Remote,103000.0,125542.0,"Bash, Python"
ML/AI Engineer,Remote,Other US,Mid,Remote,107000.0,125542.0,"Julia, Python"
ML/AI Engineer,Remote,Other US,Mid,Remote,98500.0,125542.0,"Julia, Python"
ML/AI Engineer,Remote,Other US,Mid,Remote,113000.0,125542.0,"R, Python"
ML/AI Engineer,Remote,Other US,Mid,Remote,110500.0,125542.0,"R, Julia, Python"
ML/AI Engineer,Remote,Other US,Mid,Remote,99000.0,125542.0,"SQL, Scala, Python"
Other Tech Role,Remote,Other US,Mid,Remote,153500.0,124274.0,"C++, Python"
Other Tech Role,Remote,Other US,Mid,Remote,155000.0,124274.0,"Scala, SQL, C++, Python"
Other Tech Role,Remote,Other US,Mid,Remote,107000.0,124274.0,"Julia, Java, C++, Python"
Data Scientist,Remote,Other US,Mid,Remote,153500.0,130570.0,"C++, SQL"
Data Scientist,Remote,Other US,Mid,Remote,112500.0,130570.0,"Scala, Python"
ML/AI Engineer,Remote,Other US,Mid,Remote,115000.0,125542.0,"C++, Java, Scala, Python"
ML/AI Engineer,Remote,Other US,Mid,Remote,110500.0,125542.0,"R, Java, Python"
Other Tech Role,Remote,Other US,Mid,Remote,144000.0,124274.0,"Julia, Python, R"
ML/AI Engineer,Remote,Other US,Mid,Remote,105000.0,125542.0,"Java, C++, Python"
ML/AI Engineer,Remote,Other US,Mid,Remote,137500.0,125542.0,"C++, Python"
ML/AI Engineer,Remote,Other US,Mid,Remote,137500.0,125542.0,"SQL, Python, C++"
ML/AI Engineer,Remote,Other US,Mid,Remote,135000.0,125542.0,"SQL, Python"
ML/AI Engineer,Remote,Other US,Mid,Remote,139500.0,125542.0,"Bash, R, Go, Python"
ML/AI Engineer,Remote,Other US,Mid,Remote,107500.0,125542.0,"Go, Python"
ML/AI Engineer,Remote,Other US,Mid,Remote,111000.0,125542.0,"SQL, C++, Python"
ML/AI Engineer,Remote,Other US,Mid,Remote,113000.0,125542.0,"C++, Python"
ML/AI Engineer,Remote,Other US,Mid,Remote,113000.0,125542.0,"Go, Python"
Other Tech Role,Remote,Other US,Mid,Remote,109000.0,124274.0,"Go, Scala, Bash, Python"
Other Tech Role,Remote,Other US,Mid,Remote,130000.0,124274.0,"Julia, Go, Python"
Other Tech Role,Remote,Other US,Mid,Remote,140500.0,124274.0,"SQL, C++, Python"
Other Tech Role,Remote,Other US,Mid,Remote,144000.0,124274.0,"SQL, Python"
Other Tech Role,Remote,Other US,Mid,Remote,108000.0,124274.0,"Julia, R, SQL, Python"
Other Tech Role,Remote,Other US,Mid,Remote,104500.0,124274.0,"Python, Scala"
Other Tech Role,Remote,Other US,Mid,Remote,111500.0,124274.0,"Python, Bash"
Other Tech Role,Remote,Other US,Mid,Remote,105500.0,124274.0,"Bash, R, Python"
Other Tech Role,Remote,Other US,Mid,Remote,109000.0,124274.0,"Go, R, Python"
ML/AI Engineer,Remote,Other US,Mid,Remote,140000.0,125542.0,"R, Julia, Python"
ML/AI Engineer,Remote,Other US,Mid,Remote,150500.0,125542.0,"R, SQL, Java, Python"
ML/AI Engineer,Remote,Other US,Mid,Remote,132000.0,125542.0,Python
ML/AI Engineer,Remote,Other US,Mid,Remote,131500.0,125542.0,"Bash, Python"
ML/AI Engineer,Remote,Other US,Mid,Remote,144000.0,125542.0,"Bash, Go, Julia"
ML/AI Engineer,Remote,Other US,Mid,Remote,143500.0,125542.0,"Julia, C++, Scala"
ML/AI Engineer,Remote,Other US,Mid,Remote,147000.0,125542.0,Python
Other Tech Role,Remote,Other US,Mid,Remote,135500.0,124274.0,"Julia, Scala, Python"
Other Tech Role,Remote,Other US,Mid,Remote,104000.0,124274.0,"C++, Python"
Other Tech Role,Remote,Other US,Mid,Remote,108000.0,124274.0,"Julia, Scala, Python"
Other Tech Role,Remote,Other US,Mid,Remote,112000.0,124274.0,"Bash, Python"
Other Tech Role,Remote,Other US,Mid,Remote,104000.0,124274.0,"R, Scala, Python"
Data Engineer,Remote,Other US,Mid,Remote,146500.0,122596.0,"Python, Julia"
Data Scientist,Remote,Other US,Mid,Remote,146500.0,130570.0,"Python, Scala, SQL"
Other Tech Role,Remote,Other US,Mid,Remote,156000.0,124274.0,"C++, Python"
Other Tech Role,Remote,Other US,Mid,Remote,108500.0,124274.0,"Python, Julia"
Other Tech Role,Remote,Other US,Mid,Remote,105000.0,124274.0,"Java, Python"
Other Tech Role,Remote,Other US,Mid,Remote,108000.0,124274.0,"Python, C++"
ML/AI Engineer,Remote,Other US,Mid,Remote,127500.0,125542.0,"Scala, Python"
ML/AI Engineer,Remote,Other US,Mid,Remote,111000.0,125542.0,"Go, Python"
ML/AI Engineer,Remote,Other US,Mid,Remote,135000.0,125542.0,"Java, Go, C++, Python"
ML/AI Engineer,Remote,Other US,Mid,Remote,157500.0,125542.0,"Java, Bash, C++, Python"
ML/AI Engineer,Remote,Other US,Mid,Remote,102000.0,125542.0,"Bash, Scala, SQL, Python"
ML/AI Engineer,Remote,Other US,Mid,Remote,139000.0,125542.0,"C++, R, Bash, Python"
ML/AI Engineer,Remote,Other US,Mid,Remote,103500.0,125542.0,"SQL, Python"
ML/AI Engineer,Remote,Other US,Mid,Remote,101500.0,125542.0,"SQL, Python"
Other Tech Role,Remote,Other US,Mid,Remote,139500.0,124274.0,"Go, Python"
Other Tech Role,Remote,Other US,Mid,Remote,98500.0,124274.0,"R, Python"
Other Tech Role,Remote,Other US,Mid,Remote,139000.0,124274.0,"Go, C++, Python"
Other Tech Role,Remote,Other US,Mid,Remote,108000.0,124274.0,"Scala, Python, Java"
Other Tech Role,Remote,Other US,Mid,Remote,110000.0,124274.0,"SQL, R, Scala, Python"
Other Tech Role,Remote,Other US,Mid,Remote,111500.0,124274.0,"R, Java, Python"
Other Tech Role,Remote,Other US,Mid,Remote,106000.0,124274.0,"Bash, Scala, Python"
ML/AI Engineer,Remote,Other US,Mid,Remote,116000.0,125542.0,"Scala, Python"
ML/AI Engineer,Remote,Other US,Mid,Remote,100000.0,125542.0,"Go, Julia, R, Python"
ML/AI Engineer,Remote,Other US,Mid,Remote,110500.0,125542.0,"Go, Bash, Python"
ML/AI Engineer,Remote,Other US,Mid,Remote,131500.0,125542.0,"Julia, Go, Java, Python"
ML/AI Engineer,Remote,Other US,Mid,Remote,139000.0,125542.0,"Julia, Java, SQL, Python"
ML/AI Engineer,Remote,Other US,Mid,Remote,105000.0,125542.0,"Java, Python"
ML/AI Engineer,Remote,Other US,Mid,Remote,107000.0,125542.0,Python
Other Tech Role,Remote,Other US,Mid,Remote,148500.0,124274.0,"Python, R"
Other Tech Role,Remote,Other US,Mid,Remote,150500.0,124274.0,"Python, Java, SQL"
Other Tech Role,Remote,Other US,Mid,Remote,111000.0,124274.0,"Bash, Go"
Data Engineer,Remote,Other US,Mid,Remote,143500.0,122596.0,"Julia, R, Python"
Data Engineer,Remote,Other US,Mid,Remote,110500.0,122596.0,"C++, Python"
Data Engineer,Remote,Other US,Mid,Remote,98500.0,122596.0,"Bash, Python"
Data Engineer,Remote,Other US,Mid,Remote,105500.0,122596.0,"Python, SQL, Julia"
Data Scientist,Remote,Other US,Mid,Remote,152000.0,130570.0,"Julia, Python"
Data Scientist,Remote,Other US,Mid,Remote,155000.0,130570.0,"R, Go, Python"
Data Scientist,Remote,Other US,Mid,Remote,110500.0,130570.0,"Python, Go"
Other Tech Role,Remote,Other US,Mid,Remote,142000.0,124274.0,"Scala, R, Java, Python"
Other Tech Role,Remote,Other US,Mid,Remote,114500.0,124274.0,"R, SQL, Python"
Other Tech Role,Remote,Other US,Mid,Remote,105500.0,124274.0,"Julia, SQL, C++, Python"
ML/AI Engineer,Remote,Other US,Mid,Remote,109000.0,125542.0,"R, Julia, Python"
Other Tech Role,Remote,Other US,Mid,Remote,108000.0,124274.0,"C++, Scala, Python"
Other Tech Role,Remote,Other US,Mid,Remote,109000.0,124274.0,"Python, Go"
Other Tech Role,Remote,Other US,Mid,Remote,110500.0,124274.0,"Julia, Scala, Java, Python"
ML/AI Engineer,Remote,Other US,Mid,Remote,131500.0,125542.0,"Java, C++, Python"
ML/AI Engineer,Remote,Other US,Mid,Remote,147000.0,125542.0,"Scala, Python"
ML/AI Engineer,Remote,Other US,Mid,Remote,99500.0,125542.0,"C++, SQL, Python"
ML/AI Engineer,Remote,Other US,Mid,Remote,101000.0,125542.0,"Go, SQL, Bash, Python"
ML/AI Engineer,Remote,Other US,Mid,Remote,138000.0,125542.0,"R, Bash, Python"
ML/AI Engineer,Remote,Other US,Mid,Remote,112500.0,125542.0,"Go, C++, Python"
ML/AI Engineer,Remote,Other US,Mid,Remote,102500.0,125542.0,"Bash, Go, Python"
ML/AI Engineer,Remote,Other US,Mid,Remote,99500.0,125542.0,"Python, Bash, Java"
ML/AI Engineer,Remote,Other US,Mid,Remote,112500.0,125542.0,"C++, Python"
Other Tech Role,Remote,Other US,Mid,Remote,107500.0,124274.0,"Julia, Python"
Other Tech Role,Remote,Other US,Mid,Remote,105500.0,124274.0,"Go, Bash, Python"
Other Tech Role,Remote,Other US,Mid,Remote,144500.0,124274.0,"Bash, Scala, SQL, Python"
Other Tech Role,Remote,Other US,Mid,Remote,145000.0,124274.0,"Go, Python, SQL"
Other Tech Role,Remote,Other US,Mid,Remote,147000.0,124274.0,"Python, Java, SQL"
Other Tech Role,Remote,Other US,Mid,Remote,114000.0,124274.0,"Bash, Java, Python"
Other Tech Role,Remote,Other US,Mid,Remote,99000.0,124274.0,"SQL, Python"
Other Tech Role,Remote,Other US,Mid,Remote,109000.0,124274.0,"SQL, Python"
Other Tech Role,Remote,Other US,Mid,Remote,107500.0,124274.0,"Scala, Python, C++"
ML/AI Engineer,Remote,Other US,Mid,Remote,155500.0,125542.0,"Go, Python"
ML/AI Engineer,Remote,Other US,Mid,Remote,145000.0,125542.0,"Python, Bash, Go"
ML/AI Engineer,Remote,Other US,Mid,Remote,154500.0,125542.0,"Bash, C++, Go, Python"
ML/AI Engineer,Remote,Other US,Mid,Remote,155500.0,125542.0,"C++, Julia, R, Python"
ML/AI Engineer,Remote,Other US,Mid,Remote,111500.0,125542.0,"Go, SQL, Python"
ML/AI Engineer,Remote,Other US,Mid,Remote,108500.0,125542.0,"Bash, Java, Python"
ML/AI Engineer,Remote,Other US,Mid,Remote,103500.0,125542.0,"Java, Bash, SQL, Python"
Other Tech Role,Remote,Other US,Mid,Remote,132500.0,124274.0,"C++, Bash, Go, Python"
Other Tech Role,Remote,Other US,Mid,Remote,145500.0,124274.0,"SQL, Go, Java, Python"
Other Tech Role,Remote,Other US,Mid,Remote,148000.0,124274.0,"SQL, Go, Python"
Other Tech Role,Remote,Other US,Mid,Remote,108500.0,124274.0,"Scala, Julia, Python"
Other Tech Role,Remote,Other US,Mid,Remote,135000.0,124274.0,"Java, Python"
Data Engineer,Remote,Other US,Mid,Remote,138500.0,122596.0,"Bash, SQL, C++, Python"
Data Engineer,Remote,Other US,Mid,Remote,140500.0,122596.0,Python
Data Engineer,Remote,Other US,Mid,Remote,151500.0,122596.0,"SQL, Go, Julia, Python"
Data Engineer,Remote,Other US,Mid,Remote,101000.0,122596.0,"Go, Python"
Data Scientist,Remote,Other US,Mid,Remote,111500.0,130570.0,"Go, SQL, Python"
Other Tech Role,Remote,Other US,Mid,Remote,108000.0,124274.0,"SQL, Python"
Other Tech Role,Remote,Other US,Mid,Remote,106500.0,124274.0,"SQL, Python"
ML/AI Engineer,Remote,Other US,Mid,Remote,147500.0,125542.0,"Bash, Python"
ML/AI Engineer,Remote,Other US,Mid,Remote,105000.0,125542.0,"Julia, Python"
Other Tech Role,Remote,Other US,Mid,Remote,150000.0,124274.0,"Julia, R, SQL, Python"
ML/AI Engineer,Remote,Other US,Mid,Remote,139500.0,125542.0,"R, Python, Go"
ML/AI Engineer,Remote,Other US,Mid,Remote,112000.0,125542.0,"Julia, Python"
ML/AI Engineer,Remote,Other US,Mid,Remote,145000.0,125542.0,"R, Bash, C++, Python"
ML/AI Engineer,Remote,Other US,Mid,Remote,105000.0,125542.0,"Java, SQL, Python"
ML/AI Engineer,Remote,Other US,Mid,Remote,98500.0,125542.0,"Java, Python"
Other Tech Role,Remote,Other US,Mid,Remote,143500.0,124274.0,"R, Python"
Other Tech Role,Remote,Other US,Mid,Remote,143000.0,124274.0,"Julia, SQL, Python"
Other Tech Role,Remote,Other US,Mid,Remote,152500.0,124274.0,"SQL, Python"
Other Tech Role,Remote,Other US,Mid,Remote,107000.0,124274.0,"Go, C++, Python"
Other Tech Role,Remote,Other US,Mid,Remote,109000.0,124274.0,"R, SQL, C++, Python"
Other Tech Role,Remote,Other US,Mid,Remote,137000.0,124274.0,"Julia, Python"
Other Tech Role,Remote,Other US,Mid,Remote,131500.0,124274.0,"SQL, Python"
Other Tech Role,Remote,Other US,Mid,Remote,150000.0,124274.0,"Julia, R, Python"
Other Tech Role,Remote,Other US,Mid,Remote,108500.0,124274.0,"Python, Java, Bash"
Other Tech Role,Remote,Other US,Mid,Remote,110000.0,124274.0,"R, Go, Python"
Other Tech Role,Remote,Other US,Mid,Remote,137500.0,124274.0,"Julia, Java, Python"
Other Tech Role,Remote,Other US,Mid,Remote,153000.0,124274.0,"R, C++, Python"
Other Tech Role,Remote,Other US,Mid,Remote,150500.0,124274.0,"R, Go, Python"
Other Tech Role,Remote,Other US,Mid,Remote,143500.0,124274.0,"Julia, Java, Python"
Other Tech Role,Remote,Other US,Mid,Remote,151000.0,124274.0,"R, Python"
ML/AI Engineer,Remote,Other US,Mid,Remote,145000.0,125542.0,"Scala, Bash, Python"
ML/AI Engineer,Remote,Other US,Mid,Remote,143000.0,125542.0,"Bash, Python"
ML/AI Engineer,Remote,Other US,Mid,Remote,115500.0,125542.0,"C++, Python"
ML/AI Engineer,Remote,Other US,Mid,Remote,106000.0,125542.0,"Bash, Go"
ML/AI Engineer,Remote,Other US,Mid,Remote,107500.0,125542.0,"SQL, Python"
Other Tech Role,Remote,Other US,Mid,Remote,139000.0,124274.0,"Bash, Python"
Other Tech Role,Remote,Other US,Mid,Remote,148500.0,124274.0,"Python, Julia, Scala"
Other Tech Role,Remote,Other US,Mid,Remote,102000.0,124274.0,"Go, C++, R, Python"
Other Tech Role,Remote,Other US,Mid,Remote,109500.0,124274.0,"Go, Java, Bash, Python"
Other Tech Role,Remote,Other US,Mid,Remote,101000.0,124274.0,"R, Python"
Other Tech Role,Remote,Other US,Mid,Remote,106500.0,124274.0,"Bash, Python"
Data Engineer,Remote,Other US,Mid,Remote,103500.0,122596.0,"Go, Python"
Data Scientist,Remote,Other US,Mid,Remote,141500.0,130570.0,"C++, Scala, Go, Python"
Data Scientist,Remote,Other US,Mid,Remote,98500.0,130570.0,"R, Python"
Data Scientist,Remote,Other US,Mid,Remote,102000.0,130570.0,"Scala, Python"
Other Tech Role,Remote,Other US,Mid,Remote,148500.0,124274.0,"R, Python"
Other Tech Role,Remote,Other US,Mid,Remote,108000.0,124274.0,"Java, Julia, Python"
ML/AI Engineer,Remote,Other US,Mid,Remote,132500.0,125542.0,"Julia, Java, SQL, Python"
ML/AI Engineer,Remote,Other US,Mid,Remote,149000.0,125542.0,Python
ML/AI Engineer,Remote,Other US,Mid,Remote,152500.0,125542.0,"Julia, Python"
Other Tech Role,Remote,Other US,Mid,Remote,152000.0,124274.0,Python
Other Tech Role,Remote,Other US,Mid,Remote,112500.0,124274.0,"Python, Scala"
ML/AI Engineer,Remote,Other US,Mid,Remote,133000.0,125542.0,"R, Python"
ML/AI Engineer,Remote,Other US,Mid,Remote,143500.0,125542.0,"R, C++, SQL, Python"
ML/AI Engineer,Remote,Other US,Mid,Remote,150000.0,125542.0,"C++, Python"
ML/AI Engineer,Remote,Other US,Mid,Remote,151000.0,125542.0,"R, Python"
ML/AI Engineer,Remote,Other US,Mid,Remote,103000.0,125542.0,"Julia, C++, Python"
ML/AI Engineer,Remote,Other US,Mid,Remote,102500.0,125542.0,"Bash, Python"
ML/AI Engineer,Remote,Other US,Mid,Remote,110000.0,125542.0,"Go, Python"
ML/AI Engineer,Remote,Other US,Mid,Remote,135500.0,125542.0,"Python, R"
ML/AI Engineer,Remote,Other US,Mid,Remote,146000.0,125542.0,"Go, Scala, R, Python"
ML/AI Engineer,Remote,Other US,Mid,Remote,142500.0,125542.0,"Scala, Python"
ML/AI Engineer,Remote,Other US,Mid,Remote,148500.0,125542.0,"Bash, R, Python"
ML/AI Engineer,Remote,Other US,Mid,Remote,107500.0,125542.0,"Go, R, Python"
Other Tech Role,Remote,Other US,Mid,Remote,132500.0,124274.0,"Scala, Python"
Other Tech Role,Remote,Other US,Mid,Remote,141500.0,124274.0,"SQL, Go"
Other Tech Role,Remote,Other US,Mid,Remote,109500.0,124274.0,"Go, Python"
Other Tech Role,Remote,Other US,Mid,Remote,136500.0,124274.0,"Scala, Python"
Other Tech Role,Remote,Other US,Mid,Remote,143000.0,124274.0,"Julia, C++, Python"
Other Tech Role,Remote,Other US,Mid,Remote,146000.0,124274.0,"Go, Julia, Python"
Other Tech Role,Remote,Other US,Mid,Remote,111000.0,124274.0,"Julia, R, Python"
Other Tech Role,Remote,Other US,Mid,Remote,106500.0,124274.0,"SQL, Bash, Python"
Other Tech Role,Remote,Other US,Mid,Remote,143000.0,124274.0,"Python, Java, Bash"
Other Tech Role,Remote,Other US,Mid,Remote,158500.0,124274.0,"Julia, Python"
ML/AI Engineer,Remote,Other US,Mid,Remote,114500.0,125542.0,"Go, Bash, Scala, Python"
ML/AI Engineer,Remote,Other US,Mid,Remote,136000.0,125542.0,"Go, Python"
ML/AI Engineer,Remote,Other US,Mid,Remote,99000.0,125542.0,Python
ML/AI Engineer,Remote,Other US,Mid,Remote,109500.0,125542.0,"Bash, R"
ML/AI Engineer,Remote,Other US,Mid,Remote,112500.0,125542.0,"Java, Bash, Python"
ML/AI Engineer,Remote,Other US,Mid,Remote,109000.0,125542.0,"Scala, Julia"
ML/AI Engineer,Remote,Other US,Mid,Remote,114500.0,125542.0,"Java, R, Python"
ML/AI Engineer,Remote,Other US,Mid,Remote,108000.0,125542.0,"SQL, R, Python"
ML/AI Engineer,Remote,Other US,Mid,Remote,137500.0,125542.0,"Bash, Python"
ML/AI Engineer,Remote,Other US,Mid,Remote,109000.0,125542.0,"Bash, Scala, C++, Python"
Other Tech Role,Remote,Other US,Mid,Remote,141500.0,124274.0,"Go, Scala"
Other Tech Role,Remote,Other US,Mid,Remote,98500.0,124274.0,"SQL, Scala, Java, Python"
Data Engineer,Remote,Other US,Mid,Remote,141500.0,122596.0,"C++, Python"
Data Engineer,Remote,Other US,Mid,Remote,143000.0,122596.0,"R, Python"
Data Engineer,Remote,Other US,Mid,Remote,112500.0,122596.0,"Python, R, Bash"
Data Scientist,Remote,Other US,Mid,Remote,107000.0,130570.0,"Bash, R, Python"
Data Scientist,Remote,Other US,Mid,Remote,104500.0,130570.0,"Go, Python"
Other Tech Role,Remote,Other US,Mid,Remote,140000.0,124274.0,"Bash, Python, Go"
Other Tech Role,Remote,Other US,Mid,Remote,96000.0,124274.0,"SQL, Julia, Python"
ML/AI Engineer,Remote,Other US,Mid,Remote,147500.0,125542.0,"Java, R, Python"
ML/AI Engineer,Remote,Other US,Mid,Remote,99000.0,125542.0,"Julia, SQL, Python"
ML/AI Engineer,Remote,Other US,Mid,Remote,108000.0,125542.0,"SQL, Python, R"
ML/AI Engineer,Remote,Other US,Mid,Remote,109500.0,125542.0,"C++, Python"
Other Tech Role,Remote,Other US,Mid,Remote,149500.0,124274.0,"C++, Python"
ML/AI Engineer,Remote,Other US,Mid,Remote,145000.0,125542.0,"Scala, Java, Python"
ML/AI Engineer,Remote,Other US,Mid,Remote,150000.0,125542.0,"Python, Scala, Go"
ML/AI Engineer,Remote,Other US,Mid,Remote,109000.0,125542.0,"Go, C++, Python"
ML/AI Engineer,Remote,Other US,Mid,Remote,138000.0,125542.0,"C++, Bash, Python"
ML/AI Engineer,Remote,Other US,Mid,Remote,144500.0,125542.0,"Java, Julia, Python"
ML/AI Engineer,Remote,Other US,Mid,Remote,105000.0,125542.0,"C++, SQL, Julia, Python"
ML/AI Engineer,Remote,Other US,Mid,Remote,104500.0,125542.0,"Go, Python"
ML/AI Engineer,Remote,Other US,Mid,Remote,100000.0,125542.0,"Scala, Go, C++, Python"
ML/AI Engineer,Remote,Other US,Mid,Remote,105500.0,125542.0,"Bash, Python"
ML/AI Engineer,Remote,Other US,Mid,Remote,154000.0,125542.0,"SQL, Python, Scala"
ML/AI Engineer,Remote,Other US,Mid,Remote,146000.0,125542.0,"Scala, SQL"
ML/AI Engineer,Remote,Other US,Mid,Remote,116500.0,125542.0,"Python, Go"
ML/AI Engineer,Remote,Other US,Mid,Remote,154000.0,125542.0,"C++, Julia, Python"
Other Tech Role,Remote,Other US,Mid,Remote,151500.0,124274.0,"Julia, Python, Scala"
Other Tech Role,Remote,Other US,Mid,Remote,151000.0,124274.0,"Julia, Bash, SQL, Python"
Other Tech Role,Remote,Other US,Mid,Remote,118000.0,124274.0,"Bash, Julia, Python"
Other Tech Role,Remote,Other US,Mid,Remote,137500.0,124274.0,"Julia, Python"
Other Tech Role,Remote,Other US,Mid,Remote,152000.0,124274.0,"C++, Java, Python"
Other Tech Role,Remote,Other US,Mid,Remote,112500.0,124274.0,"R, C++, Bash, Python"
Other Tech Role,Remote,Other US,Mid,Remote,104000.0,124274.0,"Julia, R, Python"
Other Tech Role,Remote,Other US,Mid,Remote,103500.0,124274.0,"Go, C++, Python"
ML/AI Engineer,Remote,Other US,Mid,Remote,147000.0,125542.0,"Python, SQL, Java"
ML/AI Engineer,Remote,Other US,Mid,Remote,106000.0,125542.0,"Julia, Java, Python"
ML/AI Engineer,Remote,Other US,Mid,Remote,131500.0,125542.0,"Go, Java, Scala, Python"
ML/AI Engineer,Remote,Other US,Mid,Remote,132500.0,125542.0,"Scala, Python"
ML/AI Engineer,Remote,Other US,Mid,Remote,151000.0,125542.0,"Java, SQL, Python"
ML/AI Engineer,Remote,Other US,Mid,Remote,136500.0,125542.0,"Julia, Python"
ML/AI Engineer,Remote,Other US,Mid,Remote,155000.0,125542.0,"C++, Bash"
ML/AI Engineer,Remote,Other US,Mid,Remote,155000.0,125542.0,"Scala, SQL, Bash, Python"
ML/AI Engineer,Remote,Other US,Mid,Remote,152500.0,125542.0,"C++, Go, Julia, Python"
Other Tech Role,Remote,Other US,Mid,Remote,140000.0,124274.0,"Julia, Go, R, Python"
Other Tech Role,Remote,Other US,Mid,Remote,147000.0,124274.0,Python
Other Tech Role,Remote,Other US,Mid,Remote,109000.0,124274.0,"SQL, Python"
Data Engineer,Remote,Other US,Mid,Remote,139500.0,122596.0,"Java, Julia, Python"
Data Scientist,Remote,Other US,Mid,Remote,141000.0,130570.0,"R, Python"
Data Scientist,Remote,Other US,Mid,Remote,144500.0,130570.0,"Scala, Julia, Python"
Other Tech Role,Remote,Other US,Mid,Remote,96000.0,124274.0,"SQL, R"
Other Tech Role,Remote,Other US,Mid,Remote,103500.0,124274.0,"Julia, Python"
ML/AI Engineer,Remote,Other US,Mid,Remote,134000.0,125542.0,"SQL, R, Python"
ML/AI Engineer,Remote,Other US,Mid,Remote,145500.0,125542.0,"Go, R, Scala, Python"
ML/AI Engineer,Remote,Other US,Mid,Remote,151500.0,125542.0,"Bash, Scala, C++, Python"
Other Tech Role,Remote,Other US,Mid,Remote,104000.0,124274.0,"Bash, Python"
ML/AI Engineer,Remote,Other US,Mid,Remote,158500.0,125542.0,"C++, Python"
ML/AI Engineer,Remote,Other US,Mid,Remote,112500.0,125542.0,"Julia, Python"
ML/AI Engineer,Remote,Other US,Mid,Remote,114000.0,125542.0,"Python, SQL"
ML/AI Engineer,Remote,Other US,Mid,Remote,139500.0,125542.0,"Go, Bash, C++, Python"
ML/AI Engineer,Remote,Other US,Mid,Remote,110000.0,125542.0,"C++, Python"
ML/AI Engineer,Remote,Other US,Mid,Remote,105000.0,125542.0,"R, Python"
ML/AI Engineer,Remote,Other US,Mid,Remote,103500.0,125542.0,"Scala, Go, Java, Python"
Other Tech Role,Remote,Other US,Mid,Remote,139500.0,124274.0,"Go, Python, SQL"
Other Tech Role,Remote,Other US,Mid,Remote,145500.0,124274.0,Python
Other Tech Role,Remote,Other US,Mid,Remote,105000.0,124274.0,"Java, SQL, Python"
Other Tech Role,Remote,Other US,Mid,Remote,104500.0,124274.0,"R, SQL, Scala, Python"
Other Tech Role,Remote,Other US,Mid,Remote,110500.0,124274.0,"Go, Python"
Other Tech Role,Remote,Other US,Mid,Remote,148500.0,124274.0,"Java, Julia, Scala, Python"
Other Tech Role,Remote,Other US,Mid,Remote,109000.0,124274.0,"Julia, Python"
Other Tech Role,Remote,Other US,Mid,Remote,142500.0,124274.0,"Scala, Bash, Python"
Other Tech Role,Remote,Other US,Mid,Remote,138500.0,124274.0,"R, Bash, Python"
Other Tech Role,Remote,Other US,Mid,Remote,146000.0,124274.0,"R, Python"
Other Tech Role,Remote,Other US,Mid,Remote,96500.0,124274.0,"Python, Go, Bash"
Other Tech Role,Remote,Other US,Mid,Remote,101000.0,124274.0,"Julia, Python"
ML/AI Engineer,Remote,Other US,Mid,Remote,133000.0,125542.0,"Bash, R, Python"
ML/AI Engineer,Remote,Other US,Mid,Remote,110000.0,125542.0,"SQL, Scala, Julia, Python"
ML/AI Engineer,Remote,Other US,Mid,Remote,157000.0,125542.0,"C++, Julia, Java, Python"
ML/AI Engineer,Remote,Other US,Mid,Remote,106000.0,125542.0,"Scala, C++, Java, Python"
ML/AI Engineer,Remote,Other US,Mid,Remote,138500.0,125542.0,"SQL, Python"
ML/AI Engineer,Remote,Other US,Mid,Remote,146000.0,125542.0,"Java, Bash, Python"
ML/AI Engineer,Remote,Other US,Mid,Remote,149000.0,125542.0,"Java, Python"
ML/AI Engineer,Remote,Other US,Mid,Remote,105000.0,125542.0,"Bash, Julia, Python"
Other Tech Role,Remote,Other US,Mid,Remote,140500.0,124274.0,"Java, Python"
Other Tech Role,Remote,Other US,Mid,Remote,98000.0,124274.0,"SQL, Bash, Python"
Other Tech Role,Remote,Other US,Mid,Remote,110500.0,124274.0,"Bash, Go, Julia, Python"
Data Scientist,Remote,Other US,Mid,Remote,149500.0,130570.0,"Scala, Python"
Data Scientist,Remote,Other US,Mid,Remote,158000.0,130570.0,"Julia, Python"
Data Scientist,Remote,Other US,Mid,Remote,102000.0,130570.0,"R, Java, Python"
Other Tech Role,Remote,Other US,Mid,Remote,106500.0,124274.0,"R, Python"
Other Tech Role,Remote,Other US,Mid,Remote,148500.0,124274.0,"R, Python"
ML/AI Engineer,Remote,Other US,Mid,Remote,152500.0,125542.0,"Julia, Scala, Python"
ML/AI Engineer,Remote,Other US,Mid,Remote,134500.0,125542.0,"Julia, C++, Scala, Python"
ML/AI Engineer,Remote,Other US,Mid,Remote,109000.0,125542.0,Python
ML/AI Engineer,Remote,Other US,Mid,Remote,97500.0,125542.0,"Julia, Python"
ML/AI Engineer,Remote,Other US,Mid,Remote,156500.0,125542.0,"Bash, SQL, C++, Python"
ML/AI Engineer,Remote,Other US,Mid,Remote,105500.0,125542.0,"Scala, Python"
ML/AI Engineer,Remote,Other US,Mid,Remote,112500.0,125542.0,"Julia, Go, Scala, Python"
Other Tech Role,Remote,Other US,Mid,Remote,136000.0,124274.0,"Go, Python"
Other Tech Role,Remote,Other US,Mid,Remote,105500.0,124274.0,"Python, C++, Go"
Other Tech Role,Remote,Other US,Mid,Remote,136500.0,124274.0,"Java, SQL, Python"
Other Tech Role,Remote,Other US,Mid,Remote,153000.0,124274.0,"Julia, Go, Java, Python"
Other Tech Role,Remote,Other US,Mid,Remote,105000.0,124274.0,"Java, C++, Python"
Other Tech Role,Remote,Other US,Mid,Remote,147500.0,124274.0,"Bash, Python"
Other Tech Role,Remote,Other US,Mid,Remote,104500.0,124274.0,"R, Python"
ML/AI Engineer,"San Francisco, CA",California,Mid,Hybrid,151500.0,120210.0,"Java, Scala, R, Python"
ML/AI Engineer,"San Francisco, CA",California,Mid,Hybrid,143000.0,120210.0,SQL
ML/AI Engineer,"San Francisco, CA",California,Mid,Hybrid,144000.0,120210.0,"Go, Python, Java"
ML/AI Engineer,"San Francisco, CA",California,Mid,Hybrid,134000.0,120210.0,"Scala, Python"
Other Tech Role,"San Francisco, CA",California,Mid,On-site,148000.0,116424.0,"Julia, Python"
ML/AI Engineer,"San Francisco, CA",California,Mid,On-site,149500.0,117012.0,"Java, Python"
Other Tech Role,"San Francisco, CA",California,Mid,Hybrid,128500.0,117993.0,"Scala, Python"
Other Tech Role,"San Francisco, CA",California,Mid,Hybrid,152000.0,117993.0,"Julia, Python, Java"
Other Tech Role,"San Francisco, CA",California,Mid,Hybrid,139500.0,117993.0,"Go, Python"
ML/AI Engineer,"San Francisco, CA",California,Mid,Hybrid,138000.0,120210.0,"SQL, Python"
ML/AI Engineer,"San Francisco, CA",California,Mid,Hybrid,152000.0,120210.0,"Julia, Python"
ML/AI Engineer,"San Francisco, CA",California,Mid,On-site,141500.0,117012.0,"SQL, Python"
Other Tech Role,"San Francisco, CA",California,Mid,Hybrid,150500.0,117993.0,"Scala, C++, Python"
ML/AI Engineer,"San Francisco, CA",California,Mid,On-site,131000.0,117012.0,"Bash, Julia, Python"
Other Tech Role,"San Francisco, CA",California,Mid,Hybrid,150500.0,117993.0,"Scala, Bash, Julia, Python"
ML/AI Engineer,"San Francisco, CA",California,Mid,On-site,139500.0,117012.0,"R, Julia"
ML/AI Engineer,"San Francisco, CA",California,Mid,On-site,139000.0,117012.0,"Bash, R, Python"
Other Tech Role,"San Francisco, CA",California,Mid,On-site,148000.0,116424.0,"Julia, Python"
ML/AI Engineer,"San Francisco, CA",California,Mid,On-site,147500.0,117012.0,"Go, Python"
Other Tech Role,"San Francisco, CA",California,Mid,On-site,143000.0,116424.0,Python
Other Tech Role,"San Francisco, CA",California,Mid,On-site,143000.0,116424.0,"SQL, Bash, Go, Python"
ML/AI Engineer,"San Francisco, CA",California,Mid,On-site,153000.0,117012.0,"Bash, Julia, Python"
ML/AI Engineer,"San Francisco, CA",California,Mid,Hybrid,149000.0,120210.0,"Julia, C++, SQL, Python"
Other Tech Role,"San Francisco, CA",California,Mid,Hybrid,148500.0,117993.0,"Java, R, Go, Python"
Other Tech Role,"San Francisco, CA",California,Mid,On-site,138500.0,116424.0,"Bash, C++, Python"
ML/AI Engineer,"San Francisco, CA",California,Mid,On-site,146000.0,117012.0,"SQL, Julia, Python"
Other Tech Role,"San Francisco, CA",California,Mid,On-site,140500.0,116424.0,"Julia, Bash, SQL, Python"
Data Scientist,"San Francisco, CA",California,Mid,Hybrid,149000.0,125259.0,Java
Data Scientist,"San Francisco, CA",California,Mid,Hybrid,148000.0,125259.0,"C++, Python"
ML/AI Engineer,"San Francisco, CA",California,Mid,Hybrid,152000.0,120210.0,"Java, Python"
Other Tech Role,"San Francisco, CA",California,Mid,Hybrid,140500.0,117993.0,"R, Scala, Python"
ML/AI Engineer,"San Francisco, CA",California,Mid,Hybrid,151500.0,120210.0,"Java, R, SQL, Python"
Other Tech Role,"San Francisco, CA",California,Mid,Hybrid,133000.0,117993.0,"Julia, Python"
ML/AI Engineer,"San Francisco, CA",California,Mid,Hybrid,146000.0,120210.0,"Python, R, Scala"
ML/AI Engineer,"San Francisco, CA",California,Mid,Hybrid,141500.0,120210.0,"Julia, Python"
Other Tech Role,"San Francisco, CA",California,Mid,Hybrid,146000.0,117993.0,"Bash, Python"
Other Tech Role,"San Francisco, CA",California,Mid,Hybrid,136000.0,117993.0,"C++, Julia, Java"
ML/AI Engineer,"San Francisco, CA",California,Mid,Hybrid,156000.0,120210.0,"C++, Python, Go"
ML/AI Engineer,"San Francisco, CA",California,Mid,Hybrid,146500.0,120210.0,"R, Go, C++, Python"
ML/AI Engineer,"San Francisco, CA",California,Mid,On-site,155000.0,117012.0,"Go, Python"
ML/AI Engineer,"San Francisco, CA",California,Mid,Hybrid,153000.0,120210.0,"C++, Scala, Python"
Other Tech Role,"San Francisco, CA",California,Mid,On-site,139500.0,116424.0,"R, Go, Python"
Data Engineer,"San Francisco, CA",California,Mid,Hybrid,142500.0,116901.0,"Java, Bash, Python"
Other Tech Role,"San Francisco, CA",California,Mid,Hybrid,153000.0,117993.0,"C++, Python"
ML/AI Engineer,"San Francisco, CA",California,Mid,Hybrid,128500.0,120210.0,"Go, Bash, Julia, Python"
ML/AI Engineer,"San Francisco, CA",California,Mid,Hybrid,148000.0,120210.0,"Go, Scala, Python"
ML/AI Engineer,"San Francisco, CA",California,Mid,On-site,154500.0,117012.0,"Julia, SQL, Python"
Other Tech Role,"San Francisco, CA",California,Mid,On-site,143500.0,116424.0,"Scala, Python"
Other Tech Role,"San Francisco, CA",California,Mid,Hybrid,157500.0,117993.0,"Scala, C++, Java, Python"
ML/AI Engineer,"San Francisco, CA",California,Mid,On-site,146500.0,117012.0,"SQL, Go"
Other Tech Role,"San Francisco, CA",California,Mid,Hybrid,149000.0,117993.0,"Julia, Python"
Other Tech Role,"San Francisco, CA",California,Mid,Hybrid,147500.0,117993.0,"Bash, Python"
ML/AI Engineer,"San Francisco, CA",California,Mid,On-site,158500.0,117012.0,"Java, R, Scala, Python"
ML/AI Engineer,"San Francisco, CA",California,Mid,On-site,138000.0,117012.0,"Python, C++, SQL"
ML/AI Engineer,"San Francisco, CA",California,Mid,Hybrid,140000.0,120210.0,"Go, Python"
Other Tech Role,"San Francisco, CA",California,Mid,Hybrid,138000.0,117993.0,"R, Scala, Python"
ML/AI Engineer,"San Francisco, CA",California,Mid,On-site,143000.0,117012.0,"Java, Bash, Python"
Other Tech Role,"San Francisco, CA",California,Mid,Hybrid,130500.0,117993.0,"SQL, Java, Scala, Python"
ML/AI Engineer,"San Francisco, CA",California,Mid,On-site,144000.0,117012.0,"Scala, Bash, Python"
ML/AI Engineer,"San Francisco, CA",California,Mid,Hybrid,150000.0,120210.0,"Julia, Java, Python"
ML/AI Engineer,"San Francisco, CA",California,Mid,Hybrid,152500.0,120210.0,"Scala, Go, Python"
Other Tech Role,"San Francisco, CA",California,Mid,Hybrid,139000.0,117993.0,"SQL, Python"
Data Engineer,"San Francisco, CA",California,Mid,Hybrid,145500.0,116901.0,"R, Python, C++"
ML/AI Engineer,"San Francisco, CA",California,Mid,On-site,140000.0,117012.0,"Python, SQL, Bash"
Data Engineer,"San Francisco, CA",California,Mid,Hybrid,137000.0,116901.0,"Go, Scala, Java, Python"
ML/AI Engineer,"San Francisco, CA",California,Mid,Hybrid,147000.0,120210.0,"Julia, SQL, Python"
ML/AI Engineer,"San Francisco, CA",California,Mid,Hybrid,144000.0,120210.0,"R, Python"
Other Tech Role,"San Francisco, CA",California,Mid,Hybrid,143500.0,117993.0,"C++, Scala, Python"
ML/AI Engineer,"San Francisco, CA",California,Mid,On-site,150000.0,117012.0,Python
Other Tech Role,"San Francisco, CA",California,Mid,Hybrid,153500.0,117993.0,"C++, Scala, Go, Python"
Other Tech Role,"San Francisco, CA",California,Mid,Hybrid,135000.0,117993.0,"Bash, Python"
Other Tech Role,"San Francisco, CA",California,Mid,Hybrid,137500.0,117993.0,"Julia, C++, Python"
Other Tech Role,"San Francisco, CA",California,Mid,Hybrid,144500.0,117993.0,"SQL, Scala, Python"
ML/AI Engineer,"San Francisco, CA",California,Mid,On-site,155500.0,117012.0,Python
Other Tech Role,"San Francisco, CA",California,Mid,On-site,148500.0,116424.0,"Java, Julia, Python"
ML/AI Engineer,"San Francisco, CA",California,Mid,Hybrid,146500.0,120210.0,"R, Java, Julia, Python"
ML/AI Engineer,"San Francisco, CA",California,Mid,Hybrid,137500.0,120210.0,"Java, Python"
ML/AI Engineer,"San Francisco, CA",California,Mid,On-site,144000.0,117012.0,"Scala, Python"
Other Tech Role,"San Francisco, CA",California,Mid,Hybrid,151500.0,117993.0,"Scala, Julia, Python"
Other Tech Role,"San Francisco, CA",California,Mid,On-site,145000.0,116424.0,"Go, Java, Python"
Other Tech Role,"San Francisco, CA",California,Mid,Hybrid,153500.0,117993.0,"Java, Python"
Other Tech Role,"San Francisco, CA",California,Mid,Hybrid,141500.0,117993.0,"Python, Scala, R"
ML/AI Engineer,"San Francisco, CA",California,Mid,Hybrid,145000.0,120210.0,"R, Python"
Other Tech Role,"San Francisco, CA",California,Mid,On-site,151500.0,116424.0,"C++, Python"
Data Scientist,"San Francisco, CA",California,Mid,Hybrid,152500.0,125259.0,"C++, SQL, Python"
ML/AI Engineer,"San Francisco, CA",California,Mid,Hybrid,148000.0,120210.0,"Java, Python"
ML/AI Engineer,"San Francisco, CA",California,Mid,Hybrid,147500.0,120210.0,"Bash, Java, Python"
ML/AI Engineer,"San Francisco, CA",California,Mid,Hybrid,155500.0,120210.0,"Python, Scala, Go"
ML/AI Engineer,"San Francisco, CA",California,Mid,Hybrid,151000.0,120210.0,"C++, Scala, SQL, Python"
Other Tech Role,"San Francisco, CA",California,Mid,Hybrid,145000.0,117993.0,"Julia, Java, Python"
ML/AI Engineer,"San Francisco, CA",California,Mid,Hybrid,145500.0,120210.0,"Bash, Python"
ML/AI Engineer,"San Francisco, CA",California,Mid,Hybrid,145000.0,120210.0,"C++, SQL, Java, Python"
ML/AI Engineer,"San Francisco, CA",California,Mid,Hybrid,145500.0,120210.0,"Go, R, C++, Python"
ML/AI Engineer,"San Francisco, CA",California,Mid,Hybrid,138000.0,120210.0,"Julia, Go, Scala, Python"
Other Tech Role,"San Francisco, CA",California,Mid,Hybrid,156500.0,117993.0,C++
Other Tech Role,"San Francisco, CA",California,Mid,Hybrid,152000.0,117993.0,"C++, Julia, R, Python"
Other Tech Role,"San Francisco, CA",California,Mid,On-site,135000.0,116424.0,"SQL, Python"
ML/AI Engineer,"San Francisco, CA",California,Mid,On-site,144000.0,117012.0,"C++, SQL, Python"
ML/AI Engineer,"San Francisco, CA",California,Mid,Hybrid,142500.0,120210.0,"Java, Scala, Python"
Other Tech Role,"San Francisco, CA",California,Mid,Hybrid,153500.0,117993.0,"Java, Python"
ML/AI Engineer,"San Francisco, CA",California,Mid,Hybrid,146500.0,120210.0,"Java, Python"
Data Scientist,"San Francisco, CA",California,Mid,Hybrid,136000.0,125259.0,"Julia, Python"
ML/AI Engineer,"San Francisco, CA",California,Mid,On-site,145500.0,117012.0,"SQL, R, Java, Python"
ML/AI Engineer,"San Francisco, CA",California,Mid,Hybrid,133000.0,120210.0,"Python, Go"
Data Engineer,"San Francisco, CA",California,Mid,On-site,151000.0,124406.0,"R, Java, Go, Python"
Other Tech Role,"San Francisco, CA",California,Mid,Hybrid,145000.0,117993.0,"Scala, R, Python"
Other Tech Role,"San Francisco, CA",California,Mid,On-site,134000.0,116424.0,"SQL, Python"
Data Engineer,"San Francisco, CA",California,Mid,Hybrid,145000.0,116901.0,"Java, Bash, Python"
ML/AI Engineer,"San Francisco, CA",California,Mid,Hybrid,146500.0,120210.0,"Bash, Go, Julia, Python"
Other Tech Role,"San Francisco, CA",California,Mid,On-site,141000.0,116424.0,"Go, R, Java, Python"
Other Tech Role,"San Francisco, CA",California,Mid,On-site,154500.0,116424.0,"Java, Scala, Julia, Python"
ML/AI Engineer,"San Francisco, CA",California,Mid,Hybrid,153000.0,120210.0,"Java, Python"
ML/AI Engineer,"San Francisco, CA",California,Mid,On-site,146000.0,117012.0,"Julia, Bash, Python"
Other Tech Role,"San Francisco, CA",California,Mid,On-site,141000.0,116424.0,"Bash, SQL, Python"
ML/AI Engineer,"San Francisco, CA",California,Mid,On-site,146500.0,117012.0,"Go, Python"
Other Tech Role,"San Francisco, CA",California,Mid,Hybrid,149500.0,117993.0,"Scala, C++, Python"
Data Engineer,"San Francisco, CA",California,Mid,Hybrid,145000.0,116901.0,"Java, R, Python"
ML/AI Engineer,"San Francisco, CA",California,Mid,Hybrid,142000.0,120210.0,"SQL, Python, Go"
ML/AI Engineer,"San Francisco, CA",California,Mid,On-site,157500.0,117012.0,"Bash, C++, SQL, Python"
Other Tech Role,"San Francisco, CA",California,Mid,Hybrid,153000.0,117993.0,"Python, Julia"
ML/AI Engineer,"San Francisco, CA",California,Mid,Hybrid,145500.0,120210.0,"Bash, Python"
ML/AI Engineer,"San Francisco, CA",California,Mid,Hybrid,148500.0,120210.0,"C++, Java, R, Python"
Other Tech Role,"San Francisco, CA",California,Mid,On-site,137000.0,116424.0,"Go, Python"
Other Tech Role,"San Francisco, CA",California,Mid,Hybrid,139500.0,117993.0,"Scala, Java, Julia, Python"
Data Scientist,"San Francisco, CA",California,Mid,Hybrid,139500.0,125259.0,"Bash, SQL, Java, Python"
ML/AI Engineer,"San Francisco, CA",California,Mid,Hybrid,132000.0,120210.0,"Java, Python"
ML/AI Engineer,"San Francisco, CA",California,Mid,Hybrid,151000.0,120210.0,"R, Scala"
ML/AI Engineer,"San Francisco, CA",California,Mid,Hybrid,154500.0,120210.0,"Java, Python"
Other Tech Role,"San Francisco, CA",California,Mid,Hybrid,152000.0,117993.0,"SQL, C++, Java, Python"
Other Tech Role,"San Francisco, CA",California,Mid,Hybrid,150000.0,117993.0,"Julia, Python, Java"
ML/AI Engineer,"Seattle, WA",Other US,Mid,Hybrid,147500.0,120916.0,"Scala, C++, Java, Python"
Other Tech Role,"Seattle, WA",Other US,Mid,Hybrid,148000.0,120157.0,"C++, R, Python"
ML/AI Engineer,"Seattle, WA",Other US,Mid,Hybrid,152000.0,120916.0,"Scala, Python, SQL"
ML/AI Engineer,"Seattle, WA",Other US,Mid,Hybrid,155500.0,120916.0,"R, Bash, Python"
Other Tech Role,"Seattle, WA",Other US,Mid,Hybrid,149000.0,120157.0,"Bash, Go, Python"
ML/AI Engineer,"Seattle, WA",Other US,Mid,On-site,147500.0,120776.0,"Python, Julia, Bash"
Data Scientist,"Seattle, WA",Other US,Mid,On-site,149500.0,122488.0,"Julia, Scala, Java, Python"
Data Scientist,"Seattle, WA",Other US,Mid,Hybrid,147000.0,119213.0,"Go, Java, Python"
ML/AI Engineer,"Seattle, WA",Other US,Mid,Hybrid,135000.0,120916.0,"R, Scala, Python"
ML/AI Engineer,"Seattle, WA",Other US,Mid,Hybrid,138500.0,120916.0,"SQL, Python"
ML/AI Engineer,"Seattle, WA",Other US,Mid,Hybrid,132000.0,120916.0,"Scala, Python"
ML/AI Engineer,"Seattle, WA",Other US,Mid,On-site,146500.0,120776.0,"Julia, Scala, Bash, Python"
Other Tech Role,"Seattle, WA",Other US,Mid,Hybrid,145500.0,120157.0,"Bash, Python"
Other Tech Role,"Seattle, WA",Other US,Mid,Hybrid,147000.0,120157.0,"SQL, Python"
ML/AI Engineer,"Seattle, WA",Other US,Mid,On-site,133000.0,120776.0,"Java, Python"
ML/AI Engineer,"Seattle, WA",Other US,Mid,Hybrid,139500.0,120916.0,"Bash, C++, Julia, Python"
Other Tech Role,"Seattle, WA",Other US,Mid,On-site,153500.0,122470.0,"Java, Scala, Python"
Other Tech Role,"Seattle, WA",Other US,Mid,Hybrid,148500.0,120157.0,"Julia, SQL, Python"
ML/AI Engineer,"Seattle, WA",Other US,Mid,Hybrid,133500.0,120916.0,"SQL, Bash, Python"
ML/AI Engineer,"Seattle, WA",Other US,Mid,On-site,134000.0,120776.0,"Go, Python, SQL"
Other Tech Role,"Seattle, WA",Other US,Mid,Hybrid,150000.0,120157.0,"Julia, C++, Python"
Data Engineer,"Seattle, WA",Other US,Mid,Hybrid,148000.0,120816.0,"C++, Python"
ML/AI Engineer,"Seattle, WA",Other US,Mid,Hybrid,146500.0,120916.0,"Bash, Python"
Other Tech Role,"Seattle, WA",Other US,Mid,Hybrid,130000.0,120157.0,"Bash, Python"
Other Tech Role,"Seattle, WA",Other US,Mid,Hybrid,138000.0,120157.0,"Scala, C++, SQL, Python"
Other Tech Role,"Seattle, WA",Other US,Mid,On-site,145500.0,122470.0,"R, Julia, Go, Python"
Other Tech Role,"Seattle, WA",Other US,Mid,On-site,142500.0,122470.0,"Java, Python"
Other Tech Role,"Seattle, WA",Other US,Mid,On-site,159500.0,122470.0,"Julia, C++, Python"
ML/AI Engineer,"Seattle, WA",Other US,Mid,Hybrid,137000.0,120916.0,"Java, Python"
Other Tech Role,"Seattle, WA",Other US,Mid,Hybrid,146500.0,120157.0,"Go, Python"
Other Tech Role,"Seattle, WA",Other US,Mid,On-site,134500.0,122470.0,Python
Other Tech Role,"Seattle, WA",Other US,Mid,Hybrid,151500.0,120157.0,"Go, Bash, Julia, Python"
ML/AI Engineer,"Seattle, WA",Other US,Mid,On-site,139500.0,120776.0,"Scala, SQL, Python"
Other Tech Role,"Seattle, WA",Other US,Mid,On-site,145000.0,122470.0,"Java, Python"
Other Tech Role,"Seattle, WA",Other US,Mid,Hybrid,153000.0,120157.0,"Go, Scala, Python"
Other Tech Role,"Seattle, WA",Other US,Mid,Hybrid,147000.0,120157.0,"Python, Bash"
Other Tech Role,"Seattle, WA",Other US,Mid,On-site,153000.0,122470.0,"Python, SQL, Julia"
ML/AI Engineer,"Seattle, WA",Other US,Mid,Hybrid,150000.0,120916.0,"Scala, Bash, Julia, Python"
Other Tech Role,"Seattle, WA",Other US,Mid,Hybrid,144000.0,120157.0,"Julia, Java, Python"
Other Tech Role,"Seattle, WA",Other US,Mid,Hybrid,151500.0,120157.0,"C++, Scala, Go, Python"
ML/AI Engineer,"Seattle, WA",Other US,Mid,Hybrid,149000.0,120916.0,"Bash, Scala, Java, Python"
ML/AI Engineer,"Seattle, WA",Other US,Mid,Hybrid,153000.0,120916.0,"Scala, Bash, Python"
ML/AI Engineer,"Seattle, WA",Other US,Mid,Hybrid,136000.0,120916.0,"Java, Python"
Other Tech Role,"Seattle, WA",Other US,Mid,On-site,141500.0,122470.0,"R, Python"
ML/AI Engineer,"Seattle, WA",Other US,Mid,Hybrid,129500.0,120916.0,"SQL, Go, C++, Python"
Other Tech Role,"Seattle, WA",Other US,Mid,Hybrid,144000.0,120157.0,"Go, Python"
Other Tech Role,"Seattle, WA",Other US,Mid,Hybrid,145000.0,120157.0,"Python, SQL"
Data Engineer,"Seattle, WA",Other US,Mid,Hybrid,147500.0,120816.0,"R, Julia, Python"
ML/AI Engineer,"Seattle, WA",Other US,Mid,Hybrid,140500.0,120916.0,"Go, Scala, Python"
Data Scientist,"Seattle, WA",Other US,Mid,Hybrid,152500.0,119213.0,"Go, Python"
ML/AI Engineer,"Seattle, WA",Other US,Mid,Hybrid,140500.0,120916.0,"C++, Scala, Python"
Other Tech Role,"Seattle, WA",Other US,Mid,On-site,136500.0,122470.0,Python
Other Tech Role,"Seattle, WA",Other US,Mid,Hybrid,157000.0,120157.0,"Go, Python"
Other Tech Role,"Seattle, WA",Other US,Mid,Hybrid,152000.0,120157.0,"R, Python"
Data Scientist,"Seattle, WA",Other US,Mid,Hybrid,136500.0,119213.0,"R, Java, Python"
Other Tech Role,"Seattle, WA",Other US,Mid,On-site,141000.0,122470.0,"Go, Python"
Other Tech Role,"Seattle, WA",Other US,Mid,On-site,139500.0,122470.0,"Julia, SQL, C++, Python"
ML/AI Engineer,"Seattle, WA",Other US,Mid,Hybrid,148000.0,120916.0,"Java, Python"
Other Tech Role,"Seattle, WA",Other US,Mid,Hybrid,142500.0,120157.0,"Julia, Go, Python"
Other Tech Role,"Seattle, WA",Other US,Mid,Hybrid,145500.0,120157.0,Python
Other Tech Role,"Seattle, WA",Other US,Mid,Hybrid,137500.0,120157.0,"Scala, Julia, SQL, Python"
Data Scientist,"Seattle, WA",Other US,Mid,Hybrid,146000.0,119213.0,Python
ML/AI Engineer,"Seattle, WA",Other US,Mid,Hybrid,138500.0,120916.0,"Go, Python"
ML/AI Engineer,"Seattle, WA",Other US,Mid,On-site,131500.0,120776.0,"R, Python"
Other Tech Role,"Seattle, WA",Other US,Mid,Hybrid,141500.0,120157.0,"Java, C++, Go, Python"
ML/AI Engineer,"Seattle, WA",Other US,Mid,Hybrid,150500.0,120916.0,"Julia, R, Python"
Other Tech Role,"Seattle, WA",Other US,Mid,On-site,158500.0,122470.0,"SQL, Python"
Data Scientist,"Seattle, WA",Other US,Mid,Hybrid,150500.0,119213.0,"Scala, Bash, SQL, Python"
Other Tech Role,"Seattle, WA",Other US,Mid,On-site,148000.0,122470.0,"Python, Bash"
Other Tech Role,"Seattle, WA",Other US,Mid,Hybrid,144500.0,120157.0,"SQL, C++, Java, Python"
ML/AI Engineer,"Seattle, WA",Other US,Mid,Hybrid,147000.0,120916.0,"Julia, SQL, Python"
Other Tech Role,"Seattle, WA",Other US,Mid,Hybrid,142500.0,120157.0,"R, Go, Python"
Other Tech Role,"Seattle, WA",Other US,Mid,On-site,159000.0,122470.0,Python
Other Tech Role,"Seattle, WA",Other US,Mid,Hybrid,134500.0,120157.0,Python
ML/AI Engineer,"Seattle, WA",Other US,Mid,On-site,143000.0,120776.0,Python
Other Tech Role,"Seattle, WA",Other US,Mid,Hybrid,153500.0,120157.0,"R, Python"
Data Scientist,"Seattle, WA",Other US,Mid,Hybrid,156500.0,119213.0,"Python, R, Bash"
ML/AI Engineer,"Seattle, WA",Other US,Mid,Hybrid,148500.0,120916.0,"Julia, Java, C++, Python"
ML/AI Engineer,"Seattle, WA",Other US,Mid,On-site,146000.0,120776.0,"SQL, Python"
ML/AI Engineer,"Seattle, WA",Other US,Mid,On-site,147500.0,120776.0,"Julia, Python"
ML/AI Engineer,"Seattle, WA",Other US,Mid,Hybrid,159500.0,120916.0,"Scala, Bash"
ML/AI Engineer,"Seattle, WA",Other US,Mid,Hybrid,141000.0,120916.0,"R, Bash, Python"
Other Tech Role,"Seattle, WA",Other US,Mid,On-site,145500.0,122470.0,"Go, Python"
Other Tech Role,"Seattle, WA",Other US,Mid,Hybrid,129500.0,120157.0,"SQL, Go, Python"
Other Tech Role,"Seattle, WA",Other US,Mid,On-site,136000.0,122470.0,"Java, Scala, C++, Python"
ML/AI Engineer,"Seattle, WA",Other US,Mid,Hybrid,141500.0,120916.0,"C++, Python"
Other Tech Role,"Seattle, WA",Other US,Mid,Hybrid,146000.0,120157.0,"Python, Go, C++"
Other Tech Role,"Seattle, WA",Other US,Mid,Hybrid,155500.0,120157.0,"R, C++, Go, Python"
Other Tech Role,"Seattle, WA",Other US,Mid,Hybrid,142500.0,120157.0,"Go, Python, Java"
ML/AI Engineer,"Seattle, WA",Other US,Mid,Hybrid,155000.0,120916.0,"Julia, R, Go, Python"
Other Tech Role,"Seattle, WA",Other US,Mid,On-site,149000.0,122470.0,"Python, Java"
Other Tech Role,"Seattle, WA",Other US,Mid,Hybrid,150000.0,120157.0,Python
Other Tech Role,"Seattle, WA",Other US,Mid,On-site,149500.0,122470.0,"Julia, Java, Python"
ML/AI Engineer,"Seattle, WA",Other US,Mid,Hybrid,141000.0,120916.0,"Go, Scala, Python"
Other Tech Role,"Seattle, WA",Other US,Mid,On-site,137500.0,122470.0,"Java, Bash, Python"
Other Tech Role,"Seattle, WA",Other US,Mid,On-site,133500.0,122470.0,"R, Bash, Python"
Other Tech Role,"Seattle, WA",Other US,Mid,Hybrid,151500.0,120157.0,"Bash, Python"
Other Tech Role,"Seattle, WA",Other US,Mid,On-site,157000.0,122470.0,"Go, R, Python"
ML/AI Engineer,"Seattle, WA",Other US,Mid,On-site,131000.0,120776.0,"Bash, Java, C++, Python"
Other Tech Role,"Seattle, WA",Other US,Mid,Hybrid,140000.0,120157.0,"C++, Java, Python"
ML/AI Engineer,"Seattle, WA",Other US,Mid,Hybrid,158000.0,120916.0,"Bash, C++, SQL, Python"
Data Engineer,"Seattle, WA",Other US,Mid,On-site,142000.0,120396.0,"C++, Python, SQL"
Other Tech Role,"Seattle, WA",Other US,Mid,On-site,137500.0,122470.0,"Java, Python"
Other Tech Role,"Seattle, WA",Other US,Mid,Hybrid,138500.0,120157.0,"Julia, Go, Python"
ML/AI Engineer,"Seattle, WA",Other US,Mid,On-site,135500.0,120776.0,"C++, Scala, Python"
ML/AI Engineer,"Seattle, WA",Other US,Mid,Hybrid,135000.0,120916.0,"C++, Go, Python"
ML/AI Engineer,"Seattle, WA",Other US,Mid,Hybrid,143000.0,120916.0,"Bash, Python, SQL"
Other Tech Role,"Seattle, WA",Other US,Mid,Hybrid,136000.0,120157.0,"R, Python"
Other Tech Role,"Seattle, WA",Other US,Mid,Hybrid,152500.0,120157.0,"Python, Java"
ML/AI Engineer,"Seattle, WA",Other US,Mid,Hybrid,139500.0,120916.0,"Python, Scala"
ML/AI Engineer,"Seattle, WA",Other US,Mid,Hybrid,140000.0,120916.0,Julia
Other Tech Role,"Seattle, WA",Other US,Mid,On-site,144000.0,122470.0,"Scala, Python"
Other Tech Role,"Seattle, WA",Other US,Mid,Hybrid,154000.0,120157.0,"Julia, Python"
Data Scientist,"Seattle, WA",Other US,Mid,Hybrid,145500.0,119213.0,"Java, R, Python"
Other Tech Role,"Seattle, WA",Other US,Mid,Hybrid,142000.0,120157.0,"Scala, Julia, R, Python"
Other Tech Role,"Seattle, WA",Other US,Mid,On-site,147000.0,122470.0,"R, Python, Julia"
Other Tech Role,"Seattle, WA",Other US,Mid,Hybrid,134000.0,120157.0,"Julia, Java, R, Python"
Other Tech Role,"Seattle, WA",Other US,Mid,Hybrid,142000.0,120157.0,"Scala, Python, Julia"
Other Tech Role,"Seattle, WA",Other US,Mid,On-site,140500.0,122470.0,"SQL, Go, Python"
ML/AI Engineer,"Seattle, WA",Other US,Mid,On-site,148500.0,120776.0,"Julia, Java, Python"
Other Tech Role,"Seattle, WA",Other US,Mid,On-site,137000.0,122470.0,"SQL, Julia, Python"
Other Tech Role,"Seattle, WA",Other US,Mid,On-site,136000.0,122470.0,"R, SQL, Python"
ML/AI Engineer,"Seattle, WA",Other US,Mid,Hybrid,148000.0,120916.0,"Bash, Python"
ML/AI Engineer,"Seattle, WA",Other US,Mid,On-site,134500.0,120776.0,"Go, Java, Julia, Python"
Other Tech Role,"Seattle, WA",Other US,Mid,Hybrid,143000.0,120157.0,"R, Python"
Data Scientist,"Seattle, WA",Other US,Mid,Hybrid,130500.0,119213.0,Julia
Other Tech Role,"Seattle, WA",Other US,Mid,Hybrid,151000.0,120157.0,"Bash, C++, Python"
ML/AI Engineer,"Seattle, WA",Other US,Mid,Hybrid,142500.0,120916.0,"Scala, Python"
Other Tech Role,"Seattle, WA",Other US,Mid,On-site,147500.0,122470.0,"Go, Python, Bash"
Other Tech Role,"Seattle, WA",Other US,Mid,Hybrid,155500.0,120157.0,"Java, C++, SQL, Python"
Other Tech Role,"Seattle, WA",Other US,Mid,Hybrid,137000.0,120157.0,"Julia, Scala, Python"
Other Tech Role,"Seattle, WA",Other US,Mid,Hybrid,146000.0,120157.0,"Go, Julia, Java, Python"
Other Tech Role,"Seattle, WA",Other US,Mid,Hybrid,136500.0,120157.0,"SQL, Python"
Other Tech Role,"Seattle, WA",Other US,Mid,On-site,142500.0,122470.0,"Julia, C++, Python"
Other Tech Role,"Seattle, WA",Other US,Mid,On-site,142000.0,122470.0,"Scala, Go, Bash, Python"
ML/AI Engineer,"Seattle, WA",Other US,Mid,Hybrid,137500.0,120916.0,"Python, Julia"
Other Tech Role,"Seattle, WA",Other US,Mid,Hybrid,138500.0,120157.0,"Julia, Python"
ML/AI Engineer,"Seattle, WA",Other US,Mid,Hybrid,130500.0,120916.0,"Julia, Python"
ML/AI Engineer,"Seattle, WA",Other US,Mid,On-site,129500.0,120776.0,"Scala, Go, Bash, Python"
ML/AI Engineer,"Seattle, WA",Other US,Mid,On-site,143500.0,120776.0,"Java, Python"
Other Tech Role,"Seattle, WA",Other US,Mid,On-site,147000.0,122470.0,"R, Python"
ML/AI Engineer,"Seattle, WA",Other US,Mid,On-site,155000.0,120776.0,"SQL, Python"
Other Tech Role,"Seattle, WA",Other US,Mid,Hybrid,152500.0,120157.0,"R, Python"
ML/AI Engineer,"Seattle, WA",Other US,Mid,On-site,142500.0,120776.0,"Julia, Python"
Other Tech Role,"Seattle, WA",Other US,Mid,On-site,141500.0,122470.0,R
ML/AI Engineer,Sydney,Other US,Mid,Hybrid,104000.0,120916.0,"SQL, R, Python"
Data Engineer,Sydney,Other US,Mid,Hybrid,111000.0,120816.0,"SQL, Java, Python"
Data Scientist,Sydney,Other US,Mid,Hybrid,103000.0,119213.0,"R, Python"
ML/AI Engineer,Sydney,Other US,Mid,Hybrid,107000.0,120916.0,"Java, Julia, Go, Python"
ML/AI Engineer,Sydney,Other US,Mid,Hybrid,112000.0,120916.0,"Python, SQL"
ML/AI Engineer,Sydney,Other US,Mid,Hybrid,111000.0,120916.0,"SQL, Python, Bash"
ML/AI Engineer,Sydney,Other US,Mid,On-site,100000.0,120776.0,"Go, Python, R"
Other Tech Role,Sydney,Other US,Mid,On-site,103000.0,122470.0,"Go, Python"
ML/AI Engineer,Sydney,Other US,Mid,Hybrid,108000.0,120916.0,"Scala, Python, SQL"
ML/AI Engineer,Sydney,Other US,Mid,Hybrid,101000.0,120916.0,"Julia, Bash, Python"
ML/AI Engineer,Sydney,Other US,Mid,Hybrid,111500.0,120916.0,"Bash, R, Julia, Python"
Data Engineer,Sydney,Other US,Mid,Hybrid,104000.0,120816.0,Python
ML/AI Engineer,Sydney,Other US,Mid,On-site,115000.0,120776.0,"Scala, R, Python"
Other Tech Role,Sydney,Other US,Mid,On-site,114500.0,122470.0,"C++, Scala, Python"
Other Tech Role,Sydney,Other US,Mid,Hybrid,111000.0,120157.0,"SQL, Java, Python"
Other Tech Role,Sydney,Other US,Mid,Hybrid,105500.0,120157.0,"Scala, R, Julia, Python"
ML/AI Engineer,Sydney,Other US,Mid,Hybrid,108000.0,120916.0,"Bash, SQL, Python"
ML/AI Engineer,Sydney,Other US,Mid,On-site,102500.0,120776.0,"Bash, C++, Python"
Other Tech Role,Sydney,Other US,Mid,Hybrid,113500.0,120157.0,"Java, R, Julia, Python"
Data Scientist,Sydney,Other US,Mid,On-site,103000.0,122488.0,"Java, Julia, Python"
Other Tech Role,Sydney,Other US,Mid,Hybrid,113000.0,120157.0,"Java, Go, Bash, Python"
ML/AI Engineer,Sydney,Other US,Mid,Hybrid,100500.0,120916.0,"SQL, Scala, R, Python"
ML/AI Engineer,Sydney,Other US,Mid,Hybrid,108500.0,120916.0,Python
Other Tech Role,Sydney,Other US,Mid,Hybrid,114000.0,120157.0,"R, SQL, Python"
ML/AI Engineer,Sydney,Other US,Mid,On-site,108000.0,120776.0,"SQL, Python"
ML/AI Engineer,Sydney,Other US,Mid,Hybrid,102500.0,120916.0,"Bash, Python"
ML/AI Engineer,Sydney,Other US,Mid,On-site,108000.0,120776.0,"Go, Python"
Other Tech Role,Sydney,Other US,Mid,Hybrid,113500.0,120157.0,"R, Go, Python"
Other Tech Role,Sydney,Other US,Mid,On-site,110000.0,122470.0,"Go, Python"
ML/AI Engineer,Sydney,Other US,Mid,Hybrid,100000.0,120916.0,"Java, Julia, Go, Python"
ML/AI Engineer,Sydney,Other US,Mid,On-site,102500.0,120776.0,"Python, SQL, C++"
Other Tech Role,Sydney,Other US,Mid,On-site,109500.0,122470.0,"SQL, Python"
ML/AI Engineer,Sydney,Other US,Mid,On-site,102500.0,120776.0,"Java, Python, Go"
Data Engineer,Sydney,Other US,Mid,Hybrid,104000.0,120816.0,"C++, Go, Python"
Data Scientist,Sydney,Other US,Mid,Hybrid,102500.0,119213.0,"C++, Julia, Python"
ML/AI Engineer,Sydney,Other US,Mid,On-site,106500.0,120776.0,"Julia, Python"
Other Tech Role,Sydney,Other US,Mid,Hybrid,106500.0,120157.0,"Python, Julia, C++"
ML/AI Engineer,Sydney,Other US,Mid,On-site,101000.0,120776.0,"SQL, C++, Python"
ML/AI Engineer,Sydney,Other US,Mid,Hybrid,101500.0,120916.0,"Julia, Java, Bash, Python"
ML/AI Engineer,Sydney,Other US,Mid,Hybrid,105000.0,120916.0,"SQL, Python"
Data Engineer,Sydney,Other US,Mid,Hybrid,109500.0,120816.0,"Python, Java"
Data Scientist,Sydney,Other US,Mid,On-site,97500.0,122488.0,"Bash, Julia, Python"
Other Tech Role,Sydney,Other US,Mid,Hybrid,103500.0,120157.0,Python
Other Tech Role,Sydney,Other US,Mid,On-site,111000.0,122470.0,"C++, Go, Python"
ML/AI Engineer,Sydney,Other US,Mid,On-site,106000.0,120776.0,"SQL, Python"
ML/AI Engineer,Sydney,Other US,Mid,Hybrid,98500.0,120916.0,"Scala, Python"
Other Tech Role,Sydney,Other US,Mid,Hybrid,115000.0,120157.0,"Scala, Bash, Python"
Other Tech Role,Sydney,Other US,Mid,Hybrid,110000.0,120157.0,"Java, Scala, Python"
ML/AI Engineer,Sydney,Other US,Mid,Hybrid,100000.0,120916.0,"SQL, Python"
ML/AI Engineer,Sydney,Other US,Mid,On-site,104000.0,120776.0,"R, Python"
Other Tech Role,Sydney,Other US,Mid,On-site,111500.0,122470.0,"Julia, Bash, Java, Python"
Other Tech Role,Sydney,Other US,Mid,Hybrid,103000.0,120157.0,"R, Scala, Python"
Other Tech Role,Sydney,Other US,Mid,On-site,101000.0,122470.0,"R, Julia"
ML/AI Engineer,Sydney,Other US,Mid,Hybrid,105000.0,120916.0,"Scala, Bash, Python"
ML/AI Engineer,Sydney,Other US,Mid,Hybrid,105500.0,120916.0,"Java, Scala, Go, Python"
Other Tech Role,Sydney,Other US,Mid,Hybrid,102500.0,120157.0,"Java, Bash, R, Python"
Other Tech Role,Sydney,Other US,Mid,On-site,108500.0,122470.0,"Java, Python, C++"
ML/AI Engineer,Sydney,Other US,Mid,Hybrid,111000.0,120916.0,"Scala, R, Python"
ML/AI Engineer,Sydney,Other US,Mid,Hybrid,111500.0,120916.0,"Julia, Scala, Python"
ML/AI Engineer,Sydney,Other US,Mid,On-site,106000.0,120776.0,"Julia, R, Go, Python"
Other Tech Role,Sydney,Other US,Mid,Hybrid,111500.0,120157.0,"Julia, R, C++, Python"
ML/AI Engineer,Sydney,Other US,Mid,Hybrid,108500.0,120916.0,"Bash, C++, Python"
ML/AI Engineer,Sydney,Other US,Mid,Hybrid,107500.0,120916.0,"Bash, Python"
ML/AI Engineer,Sydney,Other US,Mid,Hybrid,114000.0,120916.0,"Go, R, Java, Python"
Other Tech Role,Sydney,Other US,Mid,Hybrid,106000.0,120157.0,"R, Go, Python"
Other Tech Role,Sydney,Other US,Mid,On-site,116500.0,122470.0,"SQL, Python"
ML/AI Engineer,Sydney,Other US,Mid,On-site,98500.0,120776.0,"Go, Python"
Other Tech Role,Sydney,Other US,Mid,Hybrid,109000.0,120157.0,"SQL, Python"
Other Tech Role,Sydney,Other US,Mid,Hybrid,115000.0,120157.0,"Scala, Julia, Bash, Python"
Data Scientist,Sydney,Other US,Mid,On-site,108000.0,122488.0,"Python, Bash"
Other Tech Role,Sydney,Other US,Mid,Hybrid,107000.0,120157.0,"Go, SQL, Python"
ML/AI Engineer,Sydney,Other US,Mid,On-site,104500.0,120776.0,"Scala, Python"
ML/AI Engineer,Sydney,Other US,Mid,On-site,108000.0,120776.0,"Java, Python"
Other Tech Role,Sydney,Other US,Mid,On-site,103000.0,122470.0,"Julia, Python"
ML/AI Engineer,Sydney,Other US,Mid,Hybrid,113000.0,120916.0,"Julia, C++, Python"
ML/AI Engineer,Sydney,Other US,Mid,Hybrid,113000.0,120916.0,"Python, Java, R"
Other Tech Role,Sydney,Other US,Mid,On-site,105000.0,122470.0,"R, Python"
Data Scientist,Sydney,Other US,Mid,Hybrid,100500.0,119213.0,"Python, R, Bash"
Other Tech Role,Sydney,Other US,Mid,Hybrid,103500.0,120157.0,"Go, Python"
ML/AI Engineer,Sydney,Other US,Mid,Hybrid,107000.0,120916.0,"Bash, Julia, Python"
Other Tech Role,Sydney,Other US,Mid,On-site,114000.0,122470.0,"Java, C++, SQL, Python"
Other Tech Role,Sydney,Other US,Mid,Hybrid,108500.0,120157.0,"Julia, Go, Python"
Other Tech Role,Sydney,Other US,Mid,On-site,96000.0,122470.0,"Go, Julia, Python"
Other Tech Role,Sydney,Other US,Mid,On-site,99000.0,122470.0,"Bash, SQL, Python"
ML/AI Engineer,Sydney,Other US,Mid,Hybrid,101500.0,120916.0,"SQL, Python"
ML/AI Engineer,Sydney,Other US,Mid,Hybrid,109500.0,120916.0,"Python, R, Go"
Other Tech Role,Sydney,Other US,Mid,Hybrid,112500.0,120157.0,"Bash, Go, Python"
Other Tech Role,Sydney,Other US,Mid,Hybrid,100500.0,120157.0,Python
Data Engineer,Sydney,Other US,Mid,On-site,101000.0,120396.0,"R, Bash, Go, Python"
ML/AI Engineer,Sydney,Other US,Mid,On-site,104000.0,120776.0,"R, Bash, Python"
ML/AI Engineer,Sydney,Other US,Mid,Hybrid,114500.0,120916.0,"Scala, SQL, Java, Python"
ML/AI Engineer,Sydney,Other US,Mid,Hybrid,113000.0,120916.0,"Scala, C++, Go, Python"
Other Tech Role,Sydney,Other US,Mid,On-site,103500.0,122470.0,"R, Python"
ML/AI Engineer,Sydney,Other US,Mid,Hybrid,105500.0,120916.0,"Go, Bash, C++, Python"
ML/AI Engineer,Sydney,Other US,Mid,Hybrid,104500.0,120916.0,"Julia, Python"
Other Tech Role,Sydney,Other US,Mid,Hybrid,114500.0,120157.0,"Scala, Java, Julia, Python"
Other Tech Role,Sydney,Other US,Mid,Hybrid,103500.0,120157.0,"Python, Java, Bash"
ML/AI Engineer,Sydney,Other US,Mid,On-site,101000.0,120776.0,"SQL, Julia, Python"
ML/AI Engineer,Sydney,Other US,Mid,Hybrid,113500.0,120916.0,"Go, C++, Python"
Data Engineer,Sydney,Other US,Mid,Hybrid,105500.0,120816.0,"Julia, Python"
Data Scientist,Sydney,Other US,Mid,Hybrid,106500.0,119213.0,"Scala, Python"
Other Tech Role,Sydney,Other US,Mid,On-site,109000.0,122470.0,C++
ML/AI Engineer,Sydney,Other US,Mid,On-site,102000.0,120776.0,"Python, Java"
ML/AI Engineer,Sydney,Other US,Mid,Hybrid,108000.0,120916.0,"Julia, Python"
Other Tech Role,Sydney,Other US,Mid,Hybrid,112000.0,120157.0,Python
Other Tech Role,Sydney,Other US,Mid,On-site,108000.0,122470.0,"Python, Java"
ML/AI Engineer,Sydney,Other US,Mid,On-site,105500.0,120776.0,"Julia, R, Python"
ML/AI Engineer,Sydney,Other US,Mid,On-site,100500.0,120776.0,"Scala, Go, R, Python"
ML/AI Engineer,Sydney,Other US,Mid,Hybrid,113000.0,120916.0,"Bash, Python"
ML/AI Engineer,Sydney,Other US,Mid,Hybrid,96500.0,120916.0,"R, Python"
ML/AI Engineer,Sydney,Other US,Mid,Hybrid,106000.0,120916.0,"Bash, Scala, Python"
Data Scientist,Sydney,Other US,Mid,Hybrid,110000.0,119213.0,"Bash, Python"
ML/AI Engineer,Sydney,Other US,Mid,Hybrid,105500.0,120916.0,"Bash, R, Java"
ML/AI Engineer,Sydney,Other US,Mid,Hybrid,109500.0,120916.0,"Python, R"
ML/AI Engineer,Sydney,Other US,Mid,Hybrid,101000.0,120916.0,"C++, R, Python"
Other Tech Role,Sydney,Other US,Mid,Hybrid,108500.0,120157.0,"Python, Bash"
ML/AI Engineer,Sydney,Other US,Mid,Hybrid,114000.0,120916.0,"Java, SQL, Bash, Python"
ML/AI Engineer,Sydney,Other US,Mid,Hybrid,110000.0,120916.0,"SQL, Julia, C++, Python"
Other Tech Role,Sydney,Other US,Mid,Hybrid,105000.0,120157.0,"C++, Julia, Python"
ML/AI Engineer,Sydney,Other US,Mid,On-site,103500.0,120776.0,"Julia, Python"
ML/AI Engineer,Sydney,Other US,Mid,On-site,100000.0,120776.0,"Scala, Python"
ML/AI Engineer,Sydney,Other US,Mid,Hybrid,97500.0,120916.0,Python
Data Scientist,Sydney,Other US,Mid,Hybrid,106000.0,119213.0,"C++, Julia, Python"
ML/AI Engineer,Sydney,Other US,Mid,On-site,100500.0,120776.0,"SQL, Python"
ML/AI Engineer,Sydney,Other US,Mid,Hybrid,106500.0,120916.0,"Scala, Python"
ML/AI Engineer,Sydney,Other US,Mid,Hybrid,113000.0,120916.0,"Scala, Python"
ML/AI Engineer,Sydney,Other US,Mid,Hybrid,107000.0,120916.0,"Go, Python, R"
Other Tech Role,Sydney,Other US,Mid,Hybrid,102500.0,120157.0,"SQL, Scala, Python"
Data Engineer,Sydney,Other US,Mid,On-site,104500.0,120396.0,"Julia, Java, Python"
Other Tech Role,Sydney,Other US,Mid,Hybrid,107000.0,120157.0,"C++, Bash, Python"
ML/AI Engineer,Sydney,Other US,Mid,Hybrid,110500.0,120916.0,"SQL, Bash, Python"
Other Tech Role,Sydney,Other US,Mid,Hybrid,104000.0,120157.0,"Java, Go, Python"
Other Tech Role,Sydney,Other US,Mid,Hybrid,105500.0,120157.0,"Scala, Python"
Other Tech Role,Sydney,Other US,Mid,On-site,100000.0,122470.0,"SQL, C++, Python"
Other Tech Role,Sydney,Other US,Mid,Hybrid,107500.0,120157.0,"Go, Java, Python"
Other Tech Role,Sydney,Other US,Mid,Hybrid,109500.0,120157.0,"SQL, Julia, Python"
Other Tech Role,Sydney,Other US,Mid,On-site,108500.0,122470.0,"C++, R, Java, Python"
ML/AI Engineer,Sydney,Other US,Mid,Hybrid,107000.0,120916.0,"Java, Python"
ML/AI Engineer,Sydney,Other US,Mid,Hybrid,105500.0,120916.0,"R, Python"
Other Tech Role,Sydney,Other US,Mid,Hybrid,108000.0,120157.0,"Bash, C++, R, Python"
Other Tech Role,Sydney,Other US,Mid,Hybrid,102500.0,120157.0,"Julia, Python"
Other Tech Role,Sydney,Other US,Mid,Hybrid,97500.0,120157.0,"R, Python"
Other Tech Role,Sydney,Other US,Mid,Hybrid,115500.0,120157.0,"Go, Java, Python"
ML/AI Engineer,Sydney,Other US,Mid,Hybrid,100500.0,120916.0,"Go, Python"
ML/AI Engineer,Sydney,Other US,Mid,On-site,107000.0,120776.0,"SQL, C++, Go, Python"
ML/AI Engineer,Sydney,Other US,Mid,Hybrid,102500.0,120916.0,"Java, Python"
ML/AI Engineer,Sydney,Other US,Mid,Hybrid,105000.0,120916.0,"R, Python"
Other Tech Role,Sydney,Other US,Mid,Hybrid,96000.0,120157.0,"Go, C++, Bash, Python"
Other Tech Role,Sydney,Other US,Mid,On-site,111500.0,122470.0,"Julia, Go, Python"
Other Tech Role,Sydney,Other US,Mid,Hybrid,104000.0,120157.0,Python
ML/AI Engineer,Sydney,Other US,Mid,Hybrid,99000.0,120916.0,Scala
ML/AI Engineer,Sydney,Other US,Mid,Hybrid,99500.0,120916.0,"Scala, Julia, Python"
Other Tech Role,Sydney,Other US,Mid,On-site,115500.0,122470.0,"Scala, Julia, Python"
Other Tech Role,Sydney,Other US,Mid,On-site,109000.0,122470.0,"R, Python"
Other Tech Role,Sydney,Other US,Mid,On-site,115000.0,122470.0,"Bash, Python"
ML/AI Engineer,Sydney,Other US,Mid,Hybrid,109000.0,120916.0,"Python, C++"
ML/AI Engineer,Sydney,Other US,Mid,On-site,99000.0,120776.0,"Bash, Python"
Other Tech Role,Sydney,Other US,Mid,Hybrid,115500.0,120157.0,"SQL, R, C++, Python"
Data Engineer,Sydney,Other US,Mid,Hybrid,106000.0,120816.0,"Julia, Java, C++, Python"
Other Tech Role,Sydney,Other US,Mid,On-site,109000.0,122470.0,"Scala, Python"
ML/AI Engineer,Sydney,Other US,Mid,Hybrid,107500.0,120916.0,"Julia, Java, Bash, Python"
ML/AI Engineer,Sydney,Other US,Mid,On-site,103500.0,120776.0,"C++, Go, Python"
ML/AI Engineer,Sydney,Other US,Mid,Hybrid,104000.0,120916.0,"Java, C++, Go"
Other Tech Role,Sydney,Other US,Mid,Hybrid,109500.0,120157.0,"R, Python"
Other Tech Role,Sydney,Other US,Mid,Hybrid,108000.0,120157.0,"Bash, Go, Scala, Python"
Other Tech Role,Sydney,Other US,Mid,On-site,106500.0,122470.0,"Scala, R, Julia, Python"
ML/AI Engineer,Sydney,Other US,Mid,Hybrid,98500.0,120916.0,"Julia, R, C++, Python"
ML/AI Engineer,Sydney,Other US,Mid,Hybrid,110500.0,120916.0,"Go, Python"
ML/AI Engineer,Sydney,Other US,Mid,Hybrid,110500.0,120916.0,"Python, R"
Other Tech Role,Sydney,Other US,Mid,Hybrid,115000.0,120157.0,"R, Python"
ML/AI Engineer,Sydney,Other US,Mid,Hybrid,102000.0,120916.0,"Java, SQL, Go, Python"
ML/AI Engineer,Sydney,Other US,Mid,On-site,109500.0,120776.0,"R, SQL, Python"
Other Tech Role,Sydney,Other US,Mid,Hybrid,111000.0,120157.0,"Python, Scala, SQL"
Data Engineer,Sydney,Other US,Mid,On-site,115000.0,120396.0,"Java, C++, Python"
Data Scientist,Sydney,Other US,Mid,Hybrid,98500.0,119213.0,"Scala, Julia, Python"
ML/AI Engineer,Sydney,Other US,Mid,Hybrid,102000.0,120916.0,"Go, Python"
ML/AI Engineer,Sydney,Other US,Mid,On-site,107000.0,120776.0,"C++, Python"
Other Tech Role,Sydney,Other US,Mid,Hybrid,100000.0,120157.0,"C++, Java, Python"
Other Tech Role,Sydney,Other US,Mid,On-site,104500.0,122470.0,Scala
Data Engineer,Sydney,Other US,Mid,Hybrid,105000.0,120816.0,"SQL, Go, Python"
Other Tech Role,Sydney,Other US,Mid,Hybrid,104000.0,120157.0,"SQL, Python"
ML/AI Engineer,Sydney,Other US,Mid,Hybrid,115500.0,120916.0,"Scala, R, Java, Python"
ML/AI Engineer,Sydney,Other US,Mid,Hybrid,112000.0,120916.0,Java
Other Tech Role,Sydney,Other US,Mid,Hybrid,108000.0,120157.0,"Scala, SQL, Python"
ML/AI Engineer,Sydney,Other US,Mid,Hybrid,100500.0,120916.0,"C++, Scala, Julia, Python"
ML/AI Engineer,Sydney,Other US,Mid,Hybrid,105000.0,120916.0,"Scala, Python"
Other Tech Role,Sydney,Other US,Mid,Hybrid,110500.0,120157.0,"Bash, Scala, Python"
Data Engineer,Sydney,Other US,Mid,On-site,96500.0,120396.0,Python
Data Engineer,Sydney,Other US,Mid,Hybrid,111000.0,120816.0,"R, Bash, Python"
Other Tech Role,Sydney,Other US,Mid,Hybrid,111000.0,120157.0,"Julia, Python"
Other Tech Role,Sydney,Other US,Mid,Hybrid,106500.0,120157.0,"Bash, Python"
Other Tech Role,Sydney,Other US,Mid,Hybrid,110000.0,120157.0,"Bash, Python"
ML/AI Engineer,Sydney,Other US,Mid,On-site,109500.0,120776.0,"Bash, Python"
ML/AI Engineer,Sydney,Other US,Mid,Hybrid,109500.0,120916.0,"SQL, Python"
ML/AI Engineer,Sydney,Other US,Mid,Hybrid,98000.0,120916.0,"C++, Julia, R, Python"
ML/AI Engineer,Sydney,Other US,Mid,Hybrid,100000.0,120916.0,"C++, Bash, Python"
ML/AI Engineer,Sydney,Other US,Mid,Hybrid,106000.0,120916.0,"Julia, Java, Go, Python"
ML/AI Engineer,Sydney,Other US,Mid,Hybrid,105000.0,120916.0,"Go, C++, Python"
Other Tech Role,Sydney,Other US,Mid,On-site,97000.0,122470.0,"Go, Julia, C++, Python"
Data Engineer,Sydney,Other US,Mid,Hybrid,114500.0,120816.0,"Python, SQL"
Other Tech Role,Sydney,Other US,Mid,Hybrid,111000.0,120157.0,"Julia, Scala, Python"
ML/AI Engineer,Sydney,Other US,Mid,On-site,103000.0,120776.0,"Bash, C++, Python"
ML/AI Engineer,Sydney,Other US,Mid,On-site,111000.0,120776.0,"Java, Julia, Python"
ML/AI Engineer,Sydney,Other US,Mid,Hybrid,96500.0,120916.0,"C++, Python"
Other Tech Role,Sydney,Other US,Mid,Hybrid,104500.0,120157.0,"SQL, Python"
ML/AI Engineer,Sydney,Other US,Mid,Hybrid,113500.0,120916.0,"Scala, Java, Python"
ML/AI Engineer,Sydney,Other US,Mid,On-site,107500.0,120776.0,"Julia, SQL, Python"
Other Tech Role,Sydney,Other US,Mid,Hybrid,103000.0,120157.0,"R, Julia, Python"
Data Engineer,Sydney,Other US,Mid,On-site,108000.0,120396.0,"Julia, C++, Python"
Data Engineer,Sydney,Other US,Mid,On-site,102500.0,120396.0,SQL
Other Tech Role,Sydney,Other US,Mid,Hybrid,111500.0,120157.0,"Bash, Python, Go"
Other Tech Role,Sydney,Other US,Mid,Hybrid,100500.0,120157.0,"Go, Bash, Python"
Other Tech Role,Sydney,Other US,Mid,Hybrid,109000.0,120157.0,"SQL, Bash, Python"
ML/AI Engineer,Sydney,Other US,Mid,On-site,97000.0,120776.0,"R, Go, SQL, Python"
Other Tech Role,Sydney,Other US,Mid,On-site,109500.0,122470.0,"Python, Bash"
Data Scientist,Sydney,Other US,Mid,On-site,104000.0,122488.0,"Scala, Java, Python"
Other Tech Role,Sydney,Other US,Mid,On-site,105500.0,122470.0,"Bash, Python"
ML/AI Engineer,Sydney,Other US,Mid,Hybrid,105500.0,120916.0,"Go, C++, Java"
Other Tech Role,Sydney,Other US,Mid,Hybrid,98000.0,120157.0,"Java, Python"
ML/AI Engineer,Sydney,Other US,Mid,Hybrid,99500.0,120916.0,"Go, Java, Python"
ML/AI Engineer,Sydney,Other US,Mid,Hybrid,99500.0,120916.0,C++
ML/AI Engineer,Sydney,Other US,Mid,Hybrid,113000.0,120916.0,"Go, Java, C++"
ML/AI Engineer,Sydney,Other US,Mid,Hybrid,103000.0,120916.0,"Go, SQL, C++, Python"
Other Tech Role,Sydney,Other US,Mid,On-site,105500.0,122470.0,"Java, Julia, Python"
Data Engineer,Sydney,Other US,Mid,On-site,107500.0,120396.0,"Julia, R, Python"
Data Scientist,Sydney,Other US,Mid,Hybrid,100500.0,119213.0,"Java, Python"
Other Tech Role,Sydney,Other US,Mid,Hybrid,105500.0,120157.0,"Go, C++, Python"
ML/AI Engineer,Sydney,Other US,Mid,Hybrid,105500.0,120916.0,"Julia, Go, Python"
ML/AI Engineer,Sydney,Other US,Mid,Hybrid,98000.0,120916.0,"C++, Java, SQL, Python"
ML/AI Engineer,Sydney,Other US,Mid,Hybrid,111000.0,120916.0,"R, Python"
ML/AI Engineer,Sydney,Other US,Mid,Hybrid,106000.0,120916.0,"R, Python"
Other Tech Role,Sydney,Other US,Mid,On-site,114500.0,122470.0,"Julia, R, C++, Python"
Other Tech Role,Sydney,Other US,Mid,Hybrid,106000.0,120157.0,"Go, R, C++, Python"
Other Tech Role,Sydney,Other US,Mid,Hybrid,104500.0,120157.0,"C++, Julia, Scala, Python"
Other Tech Role,Sydney,Other US,Mid,On-site,104500.0,122470.0,"Go, Julia, C++, Python"
Data Engineer,Sydney,Other US,Mid,On-site,112500.0,120396.0,"Java, C++"
Other Tech Role,Sydney,Other US,Mid,Hybrid,109000.0,120157.0,"Bash, Go, Python"
Other Tech Role,Sydney,Other US,Mid,Hybrid,105500.0,120157.0,"SQL, Python"
ML/AI Engineer,Sydney,Other US,Mid,On-site,100500.0,120776.0,"R, Bash, SQL, Python"
ML/AI Engineer,Sydney,Other US,Mid,Hybrid,96000.0,120916.0,"Bash, C++, Python"
Other Tech Role,Sydney,Other US,Mid,Hybrid,112000.0,120157.0,"R, Java, Go, Python"
Other Tech Role,Sydney,Other US,Mid,Hybrid,112500.0,120157.0,"R, Python, SQL"
Other Tech Role,Sydney,Other US,Mid,Hybrid,115000.0,120157.0,"SQL, C++, Python"
ML/AI Engineer,Sydney,Other US,Mid,Hybrid,108500.0,120916.0,"Java, C++, Julia, Python"
ML/AI Engineer,Sydney,Other US,Mid,Hybrid,105500.0,120916.0,"R, Bash, SQL, Python"
Other Tech Role,Sydney,Other US,Mid,Hybrid,105500.0,120157.0,Scala
Other Tech Role,Sydney,Other US,Mid,Hybrid,100000.0,120157.0,"C++, Python"
Other Tech Role,Sydney,Other US,Mid,Hybrid,110000.0,120157.0,"Julia, Bash, Python"
ML/AI Engineer,Sydney,Other US,Mid,Hybrid,108000.0,120916.0,"Scala, Bash, C++, Python"
Data Scientist,Sydney,Other US,Mid,Hybrid,95000.0,119213.0,"Scala, Bash, Python"
ML/AI Engineer,Sydney,Other US,Mid,Hybrid,103500.0,120916.0,"Java, Python"
ML/AI Engineer,Sydney,Other US,Mid,Hybrid,104000.0,120916.0,"Julia, Scala, Bash, Python"
ML/AI Engineer,Sydney,Other US,Mid,On-site,109500.0,120776.0,"C++, Python"
Other Tech Role,Sydney,Other US,Mid,On-site,116500.0,122470.0,"R, Python"
Other Tech Role,Sydney,Other US,Mid,On-site,105500.0,122470.0,"SQL, Python"
Other Tech Role,Sydney,Other US,Mid,Hybrid,108000.0,120157.0,"Bash, C++, Python"
Other Tech Role,Sydney,Other US,Mid,Hybrid,101500.0,120157.0,"SQL, Bash, Java, Python"
Other Tech Role,Sydney,Other US,Mid,Hybrid,103500.0,120157.0,"Bash, C++, Python"
Other Tech Role,Sydney,Other US,Mid,On-site,107500.0,122470.0,"Julia, Python"
ML/AI Engineer,Sydney,Other US,Mid,Hybrid,106000.0,120916.0,"C++, SQL, Python"
ML/AI Engineer,Sydney,Other US,Mid,Hybrid,115500.0,120916.0,"Java, Python"
Other Tech Role,Sydney,Other US,Mid,On-site,116000.0,122470.0,"Julia, Python"
Other Tech Role,Sydney,Other US,Mid,Hybrid,108500.0,120157.0,"C++, Go, Java, Python"
ML/AI Engineer,Sydney,Other US,Mid,On-site,100000.0,120776.0,"Java, Go, Python"
ML/AI Engineer,Sydney,Other US,Mid,On-site,103000.0,120776.0,SQL
ML/AI Engineer,Sydney,Other US,Mid,On-site,105000.0,120776.0,"Scala, Go, Julia, Python"
Other Tech Role,Sydney,Other US,Mid,Hybrid,111500.0,120157.0,"SQL, Python"
Other Tech Role,Sydney,Other US,Mid,Hybrid,100500.0,120157.0,"Python, R, Scala"
Other Tech Role,Sydney,Other US,Mid,Hybrid,108000.0,120157.0,"C++, R, Go, Python"
ML/AI Engineer,Sydney,Other US,Mid,Hybrid,108000.0,120916.0,"Python, Scala, C++"
ML/AI Engineer,Sydney,Other US,Mid,Hybrid,98000.0,120916.0,"Java, R, C++, Python"
ML/AI Engineer,Sydney,Other US,Mid,On-site,112000.0,120776.0,"Go, R, Java, Python"
Other Tech Role,Sydney,Other US,Mid,Hybrid,97000.0,120157.0,Python
Data Scientist,Sydney,Other US,Mid,Hybrid,109500.0,119213.0,"R, Python"
ML/AI Engineer,Sydney,Other US,Mid,On-site,104500.0,120776.0,"C++, Python"
ML/AI Engineer,Sydney,Other US,Mid,On-site,112500.0,120776.0,"C++, Julia, Go, Python"
ML/AI Engineer,Sydney,Other US,Mid,On-site,110000.0,120776.0,"Bash, R, Go, Python"
Other Tech Role,Sydney,Other US,Mid,Hybrid,114500.0,120157.0,"Go, C++, Python"
Other Tech Role,Sydney,Other US,Mid,Hybrid,103000.0,120157.0,"SQL, Python"
Other Tech Role,Sydney,Other US,Mid,Hybrid,109500.0,120157.0,"R, Bash, Python"
ML/AI Engineer,Sydney,Other US,Mid,Hybrid,102000.0,120916.0,"Go, R, Python"
ML/AI Engineer,Sydney,Other US,Mid,Hybrid,104000.0,120916.0,"Java, Julia, Python"
ML/AI Engineer,Sydney,Other US,Mid,Hybrid,108000.0,120916.0,"SQL, C++, Python"
ML/AI Engineer,Sydney,Other US,Mid,On-site,108500.0,120776.0,"C++, SQL, Python"
Data Scientist,Sydney,Other US,Mid,Hybrid,106500.0,119213.0,"R, Python"
Data Scientist,Sydney,Other US,Mid,Hybrid,111500.0,119213.0,"Go, Python"
ML/AI Engineer,Sydney,Other US,Mid,Hybrid,113000.0,120916.0,"Julia, R, Python"
Other Tech Role,Sydney,Other US,Mid,On-site,106500.0,122470.0,"SQL, Julia, Scala, Python"
ML/AI Engineer,Sydney,Other US,Mid,Hybrid,110000.0,120916.0,Bash
ML/AI Engineer,Sydney,Other US,Mid,Hybrid,105000.0,120916.0,"SQL, Java, Python"
ML/AI Engineer,Sydney,Other US,Mid,Hybrid,104500.0,120916.0,Python
Data Engineer,Sydney,Other US,Mid,On-site,99000.0,120396.0,"C++, Python"
Data Scientist,Sydney,Other US,Mid,Hybrid,114500.0,119213.0,"Bash, Python"
ML/AI Engineer,Sydney,Other US,Mid,Hybrid,108500.0,120916.0,"Scala, Julia, Python"
ML/AI Engineer,Sydney,Other US,Mid,On-site,99000.0,120776.0,"Julia, Python"
ML/AI Engineer,Sydney,Other US,Mid,On-site,115000.0,120776.0,"Bash, R, Python"
ML/AI Engineer,Sydney,Other US,Mid,Hybrid,106000.0,120916.0,"Bash, Python"
Other Tech Role,Sydney,Other US,Mid,Hybrid,105500.0,120157.0,Python
Data Scientist,Sydney,Other US,Mid,Hybrid,97000.0,119213.0,"SQL, Python"
Data Scientist,Sydney,Other US,Mid,Hybrid,101000.0,119213.0,"Java, Python, Scala"
Data Scientist,Sydney,Other US,Mid,On-site,104500.0,122488.0,"R, Python"
Other Tech Role,Sydney,Other US,Mid,Hybrid,97000.0,120157.0,"Java, Python"
Other Tech Role,Sydney,Other US,Mid,Hybrid,109500.0,120157.0,"Julia, Java, Python"
ML/AI Engineer,Sydney,Other US,Mid,Hybrid,102500.0,120916.0,"Julia, Bash, Python"
ML/AI Engineer,Sydney,Other US,Mid,Hybrid,104500.0,120916.0,"C++, Julia, Python"
Data Engineer,Sydney,Other US,Mid,On-site,103500.0,120396.0,"SQL, Java, Scala, Python"
Other Tech Role,Sydney,Other US,Mid,Hybrid,109500.0,120157.0,"Java, Bash, Python"
Other Tech Role,Sydney,Other US,Mid,Hybrid,106500.0,120157.0,"C++, Python"
ML/AI Engineer,Sydney,Other US,Mid,Hybrid,99500.0,120916.0,"Julia, Go, R, Python"
ML/AI Engineer,Sydney,Other US,Mid,Hybrid,104000.0,120916.0,"Java, Julia, Bash, Python"
Other Tech Role,Sydney,Other US,Mid,Hybrid,107000.0,120157.0,"Go, Java, C++, Python"
Other Tech Role,Sydney,Other US,Mid,On-site,111000.0,122470.0,"R, Python"
Other Tech Role,Sydney,Other US,Mid,Hybrid,109000.0,120157.0,"Scala, Julia, Python"
Other Tech Role,Sydney,Other US,Mid,On-site,101000.0,122470.0,"SQL, Python"
Data Engineer,Sydney,Other US,Mid,Hybrid,104000.0,120816.0,"C++, Scala, Java, Python"
ML/AI Engineer,Sydney,Other US,Mid,Hybrid,102500.0,120916.0,"Julia, Python"
ML/AI Engineer,Sydney,Other US,Mid,Hybrid,114000.0,120916.0,"Go, Python"
ML/AI Engineer,Sydney,Other US,Mid,Hybrid,116500.0,120916.0,"R, Bash, Python"
ML/AI Engineer,Sydney,Other US,Mid,On-site,107500.0,120776.0,"Java, C++, Julia, Python"
ML/AI Engineer,Sydney,Other US,Mid,Hybrid,103000.0,120916.0,Python
Other Tech Role,Sydney,Other US,Mid,On-site,104000.0,122470.0,"C++, Python"
Other Tech Role,Sydney,Other US,Mid,Hybrid,117500.0,120157.0,"C++, Python"
Other Tech Role,Sydney,Other US,Mid,On-site,106000.0,122470.0,"Java, Python"
Other Tech Role,Sydney,Other US,Mid,Hybrid,106000.0,120157.0,"C++, Python"
Other Tech Role,Sydney,Other US,Mid,Hybrid,112500.0,120157.0,"R, Python"
Other Tech Role,Sydney,Other US,Mid,Hybrid,110000.0,120157.0,"Java, Python"
Other Tech Role,Sydney,Other US,Mid,Hybrid,101500.0,120157.0,"R, Bash, Go, Python"
Other Tech Role,Sydney,Other US,Mid,Hybrid,100500.0,120157.0,"Bash, SQL, Python"
ML/AI Engineer,Sydney,Other US,Mid,On-site,97000.0,120776.0,"Julia, Python"
ML/AI Engineer,Sydney,Other US,Mid,Hybrid,98000.0,120916.0,"Go, Python"
ML/AI Engineer,Sydney,Other US,Mid,Hybrid,111500.0,120916.0,"Julia, C++, Python"
Other Tech Role,Sydney,Other US,Mid,On-site,107500.0,122470.0,"Scala, Python"
Other Tech Role,Sydney,Other US,Mid,Hybrid,104500.0,120157.0,"Go, Julia, SQL, Python"
Other Tech Role,Sydney,Other US,Mid,On-site,104500.0,122470.0,"Java, Python"
Other Tech Role,Sydney,Other US,Mid,Hybrid,112000.0,120157.0,"C++, Julia, SQL, Python"
ML/AI Engineer,Sydney,Other US,Mid,On-site,101500.0,120776.0,"Go, Scala, Python"
Other Tech Role,Sydney,Other US,Mid,On-site,107500.0,122470.0,"Julia, Go, Bash, Python"
Data Scientist,Sydney,Other US,Mid,Hybrid,115000.0,119213.0,"C++, Python"
Data Scientist,Sydney,Other US,Mid,Hybrid,112000.0,119213.0,Python
ML/AI Engineer,Sydney,Other US,Mid,Hybrid,97000.0,120916.0,"Go, Bash"
Other Tech Role,Sydney,Other US,Mid,Hybrid,103000.0,120157.0,"Scala, Python"
ML/AI Engineer,Sydney,Other US,Mid,Hybrid,107500.0,120916.0,"SQL, Julia, Bash, Python"
ML/AI Engineer,Sydney,Other US,Mid,Hybrid,110000.0,120916.0,"Python, Java"
ML/AI Engineer,Sydney,Other US,Mid,Hybrid,103500.0,120916.0,"SQL, Python"
ML/AI Engineer,Sydney,Other US,Mid,On-site,101500.0,120776.0,"Bash, C++, Python"
Other Tech Role,Sydney,Other US,Mid,Hybrid,99500.0,120157.0,"R, Go, Java, Python"
Other Tech Role,Sydney,Other US,Mid,On-site,108000.0,122470.0,"Bash, SQL, C++, Python"
ML/AI Engineer,Sydney,Other US,Mid,Hybrid,105500.0,120916.0,"R, Python"
Other Tech Role,Sydney,Other US,Mid,Hybrid,104500.0,120157.0,"R, Python"
ML/AI Engineer,Sydney,Other US,Mid,On-site,106500.0,120776.0,"R, Go, Python"
ML/AI Engineer,Sydney,Other US,Mid,On-site,108500.0,120776.0,"SQL, Python"
ML/AI Engineer,Sydney,Other US,Mid,Hybrid,98000.0,120916.0,"Bash, Python"
Other Tech Role,Sydney,Other US,Mid,Hybrid,114000.0,120157.0,"SQL, Python"
Data Engineer,Sydney,Other US,Mid,Hybrid,107500.0,120816.0,"Bash, Go, Python"
Data Scientist,Sydney,Other US,Mid,Hybrid,110500.0,119213.0,"Julia, SQL, C++, Python"
ML/AI Engineer,Sydney,Other US,Mid,On-site,97500.0,120776.0,"Bash, Go, Python"
ML/AI Engineer,Sydney,Other US,Mid,Hybrid,100000.0,120916.0,SQL
ML/AI Engineer,Sydney,Other US,Mid,Hybrid,102500.0,120916.0,Python
Other Tech Role,Sydney,Other US,Mid,On-site,102500.0,122470.0,"SQL, R, Python"
Other Tech Role,Sydney,Other US,Mid,Hybrid,116000.0,120157.0,"C++, Python"
Other Tech Role,Sydney,Other US,Mid,Hybrid,100500.0,120157.0,"Scala, SQL, Python"
ML/AI Engineer,Sydney,Other US,Mid,On-site,112500.0,120776.0,"Scala, Bash, Python"
Other Tech Role,Sydney,Other US,Mid,On-site,104000.0,122470.0,"C++, R, Python"
Data Engineer,Sydney,Other US,Mid,On-site,101000.0,120396.0,"R, Python"
ML/AI Engineer,Sydney,Other US,Mid,Hybrid,108500.0,120916.0,"Go, Bash, Julia, Python"
ML/AI Engineer,Sydney,Other US,Mid,Hybrid,111000.0,120916.0,"Bash, C++, Julia, Python"
ML/AI Engineer,Sydney,Other US,Mid,On-site,103500.0,120776.0,"Julia, Python, Scala"
Other Tech Role,Sydney,Other US,Mid,On-site,109500.0,122470.0,"Python, SQL, R"
ML/AI Engineer,Sydney,Other US,Mid,Hybrid,106500.0,120916.0,"C++, Python"
Other Tech Role,Sydney,Other US,Mid,Hybrid,103000.0,120157.0,"SQL, Scala, Go, Python"
Data Scientist,Sydney,Other US,Mid,On-site,109000.0,122488.0,"Go, Scala, Python"
Data Scientist,Sydney,Other US,Mid,On-site,100000.0,122488.0,"R, SQL, Python"
Other Tech Role,Sydney,Other US,Mid,On-site,108500.0,122470.0,"Julia, Java, R, Python"
ML/AI Engineer,Sydney,Other US,Mid,Hybrid,109000.0,120916.0,"Julia, Python"
ML/AI Engineer,Sydney,Other US,Mid,Hybrid,114000.0,120916.0,"Bash, Julia, Python"
Other Tech Role,Sydney,Other US,Mid,Hybrid,108000.0,120157.0,"SQL, Bash, Python"
Other Tech Role,Sydney,Other US,Mid,On-site,101500.0,122470.0,"Bash, Go, Python"
ML/AI Engineer,Sydney,Other US,Mid,Hybrid,104000.0,120916.0,"Go, Scala, SQL, Python"
Data Engineer,Sydney,Other US,Mid,Hybrid,112000.0,120816.0,"Bash, Scala, Java, Python"
ML/AI Engineer,Sydney,Other US,Mid,Hybrid,102500.0,120916.0,"Java, Python"
ML/AI Engineer,Sydney,Other US,Mid,Hybrid,106500.0,120916.0,"Julia, C++, Python"
ML/AI Engineer,Sydney,Other US,Mid,On-site,109000.0,120776.0,"Scala, Python"
Other Tech Role,Sydney,Other US,Mid,Hybrid,108000.0,120157.0,"Java, Python"
ML/AI Engineer,Sydney,Other US,Mid,Hybrid,105000.0,120916.0,"Bash, SQL, Scala, Python"
ML/AI Engineer,Sydney,Other US,Mid,Hybrid,102500.0,120916.0,"R, Python"
ML/AI Engineer,Sydney,Other US,Mid,Hybrid,103000.0,120916.0,"Scala, Python"
ML/AI Engineer,Sydney,Other US,Mid,Hybrid,113500.0,120916.0,"R, Python"
Other Tech Role,Sydney,Other US,Mid,On-site,96000.0,122470.0,"Go, C++, Python"
Data Engineer,Sydney,Other US,Mid,Hybrid,101500.0,120816.0,"Bash, R, SQL, Python"
Other Tech Role,Sydney,Other US,Mid,On-site,98000.0,122470.0,"Bash, Go, Scala, Python"
Other Tech Role,Sydney,Other US,Mid,Hybrid,100000.0,120157.0,"Java, Go, Python"
Other Tech Role,Sydney,Other US,Mid,Hybrid,101000.0,120157.0,"Go, Scala, Python"
ML/AI Engineer,Sydney,Other US,Mid,On-site,115500.0,120776.0,"R, Scala, Python"
ML/AI Engineer,Sydney,Other US,Mid,On-site,108000.0,120776.0,"R, Java, Bash, Python"
ML/AI Engineer,Sydney,Other US,Mid,Hybrid,110500.0,120916.0,"Julia, Python"
ML/AI Engineer,Sydney,Other US,Mid,On-site,101000.0,120776.0,"Bash, Python"
Other Tech Role,Sydney,Other US,Mid,Hybrid,110500.0,120157.0,"C++, Python"
Other Tech Role,Sydney,Other US,Mid,Hybrid,109000.0,120157.0,"SQL, Java, Go, Python"
Other Tech Role,Sydney,Other US,Mid,Hybrid,114000.0,120157.0,"SQL, Python"
Other Tech Role,Sydney,Other US,Mid,Hybrid,114500.0,120157.0,"Go, Python"
ML/AI Engineer,Sydney,Other US,Mid,Hybrid,109500.0,120916.0,"R, Julia, Python"
ML/AI Engineer,Sydney,Other US,Mid,Hybrid,108500.0,120916.0,"Java, Go, Python"
ML/AI Engineer,Sydney,Other US,Mid,Hybrid,101500.0,120916.0,"Julia, R, Bash, Python"
ML/AI Engineer,Sydney,Other US,Mid,On-site,97000.0,120776.0,"C++, Scala, Python"
ML/AI Engineer,Sydney,Other US,Mid,On-site,102000.0,120776.0,"Java, C++, R, Python"
ML/AI Engineer,"Norwich, England, United Kingdom",Other US,Senior,Hybrid,160000.0,178877.0,Python
ML/AI Engineer,"Swieqi, Malta",Other US,Senior,Hybrid,160000.0,178877.0,Python
Other Tech Role,"Adelaide, South Australia, Australia",Other US,Senior,Hybrid,160000.0,180380.0,Python
ML/AI Engineer,"Abu Dhabi, Abu Dhabi Emirate, United Arab Emirates",Other US,Senior,Hybrid,160000.0,178877.0,Python
ML/AI Engineer,Malta,Other US,Senior,Hybrid,160000.0,178877.0,Python
Other Tech Role,"Calgary, Alberta, Canada",California,Senior,Hybrid,160000.0,179989.0,Python
ML/AI Engineer,"Augusta, GA",Other US,Senior,Hybrid,160000.0,178877.0,Python
ML/AI Engineer,"Coimbatore, Tamil Nadu, India",Other US,Senior,Hybrid,160000.0,178877.0,Python
ML/AI Engineer,"Fort Lauderdale, FL",Other US,Senior,Hybrid,160000.0,178877.0,Python
ML/AI Engineer,"Doha, Qatar",Other US,Senior,Hybrid,160000.0,178877.0,Python
ML/AI Engineer,"Boise, ID",Other US,Senior,Hybrid,160000.0,178877.0,Python
ML/AI Engineer,"Calgary, Alberta, Canada",California,Senior,Hybrid,160000.0,184746.0,Python
ML/AI Engineer,"Boca Raton, FL",California,Senior,Hybrid,160000.0,184746.0,Python
ML/AI Engineer,"Tampa, FL",Other US,Senior,Hybrid,160000.0,178877.0,Python
ML/AI Engineer,"Hattiesburg, MS",Other US,Senior,Hybrid,160000.0,178877.0,Python
ML/AI Engineer,"Muharraq, Muharraq Governorate, Bahrain",Other US,Senior,Hybrid,160000.0,178877.0,Python
ML/AI Engineer,"Salt Lake City, UT",Other US,Senior,Hybrid,160000.0,178877.0,Python
ML/AI Engineer,"Shreveport, LA",Other US,Senior,Hybrid,160000.0,178877.0,Python
ML/AI Engineer,"Bentonville, AR",Other US,Senior,Hybrid,160000.0,178877.0,Python
ML/AI Engineer,"Doha, Qatar",Other US,Senior,Hybrid,160000.0,178877.0,Python
ML/AI Engineer,"Doha, Qatar",Other US,Senior,Hybrid,160000.0,178877.0,Python
ML/AI Engineer,Greater Cheshire West and Chester Area,Other US,Senior,Hybrid,160000.0,178877.0,Python
ML/AI Engineer,"Doha, Qatar",Other US,Senior,Hybrid,160000.0,178877.0,Python
ML/AI Engineer,"Glasgow, Scotland, United Kingdom",Other US,Senior,Hybrid,160000.0,178877.0,Python
ML/AI Engineer,"Tirana, Tirana, Albania",Other US,Senior,Hybrid,160000.0,178877.0,Python
ML/AI Engineer,"Austin, TX",Other US,Senior,On-site,226000.0,184620.0,"SQL, R, Scala, Python"
Data Scientist,"Austin, TX",Other US,Senior,Hybrid,226000.0,180558.0,"Julia, SQL, Python"
Data Engineer,"Austin, TX",Other US,Senior,Hybrid,237000.0,174421.0,"Java, Go, Python"
ML/AI Engineer,"Austin, TX",Other US,Senior,Hybrid,210500.0,178877.0,"Python, Julia, C++"
Other Tech Role,"Austin, TX",Other US,Senior,Hybrid,220000.0,180380.0,"C++, Python, Bash"
Data Engineer,"Austin, TX",Other US,Senior,Hybrid,238000.0,174421.0,"SQL, Python"
Other Tech Role,"Austin, TX",Other US,Senior,Hybrid,247000.0,180380.0,Python
Other Tech Role,"Austin, TX",Other US,Senior,On-site,217500.0,187394.0,"Bash, Python"
Data Engineer,"Austin, TX",Other US,Senior,On-site,244500.0,191216.0,"Go, R, Python"
Other Tech Role,"Austin, TX",Other US,Senior,On-site,245500.0,187394.0,"C++, Bash, Python"
ML/AI Engineer,"Austin, TX",Other US,Senior,On-site,233500.0,184620.0,"R, Bash, C++, Python"
ML/AI Engineer,"Austin, TX",Other US,Senior,Hybrid,219500.0,178877.0,"Julia, SQL, Python"
ML/AI Engineer,"Austin, TX",Other US,Senior,Hybrid,226500.0,178877.0,"R, SQL, Go, Python"
Other Tech Role,"Austin, TX",Other US,Senior,On-site,224500.0,187394.0,"SQL, R, Python"
Other Tech Role,"Austin, TX",Other US,Senior,On-site,232500.0,187394.0,"Java, C++, Scala, Python"
ML/AI Engineer,"Austin, TX",Other US,Senior,Hybrid,228500.0,178877.0,"Go, SQL, Python"
ML/AI Engineer,"Austin, TX",Other US,Senior,On-site,226500.0,184620.0,"Julia, C++, Python"
ML/AI Engineer,"Austin, TX",Other US,Senior,Hybrid,225000.0,178877.0,"C++, Python"
ML/AI Engineer,"Austin, TX",Other US,Senior,On-site,212000.0,184620.0,"R, Python"
ML/AI Engineer,"Austin, TX",Other US,Senior,On-site,242500.0,184620.0,"C++, Python"
Other Tech Role,"Austin, TX",Other US,Senior,Hybrid,233500.0,180380.0,"Java, Python"
ML/AI Engineer,"Austin, TX",Other US,Senior,On-site,241500.0,184620.0,"Java, C++, Python"
Other Tech Role,"Austin, TX",Other US,Senior,Hybrid,249500.0,180380.0,"Java, Python"
ML/AI Engineer,"Austin, TX",Other US,Senior,Hybrid,237000.0,178877.0,"R, Bash, Python"
Other Tech Role,"Austin, TX",Other US,Senior,On-site,224500.0,187394.0,"SQL, Python"
Other Tech Role,"Austin, TX",Other US,Senior,Hybrid,246500.0,180380.0,"Java, Python, C++"
ML/AI Engineer,"Austin, TX",Other US,Senior,On-site,232500.0,184620.0,"Java, Julia, Bash, Python"
Other Tech Role,"Austin, TX",Other US,Senior,On-site,252500.0,187394.0,"Go, Julia, Python"
Other Tech Role,"Austin, TX",Other US,Senior,On-site,238500.0,187394.0,"R, Bash, Python"
Other Tech Role,"Austin, TX",Other US,Senior,Hybrid,235000.0,180380.0,"Bash, C++, Java, Python"
Other Tech Role,"Austin, TX",Other US,Senior,Hybrid,242500.0,180380.0,"SQL, C++, Scala, Python"
Other Tech Role,"Austin, TX",Other US,Senior,Hybrid,234500.0,180380.0,"Go, SQL, Python"
Other Tech Role,"Austin, TX",Other US,Senior,On-site,250000.0,187394.0,"C++, SQL, Python"
ML/AI Engineer,"Austin, TX",Other US,Senior,Hybrid,217000.0,178877.0,"SQL, C++, Julia, Python"
ML/AI Engineer,"Austin, TX",Other US,Senior,On-site,234500.0,184620.0,"R, C++, Python"
ML/AI Engineer,"Austin, TX",Other US,Senior,Hybrid,250500.0,178877.0,"Bash, Python, Julia"
ML/AI Engineer,"Austin, TX",Other US,Senior,On-site,214000.0,184620.0,"C++, Go, Julia, Python"
Other Tech Role,"Austin, TX",Other US,Senior,Hybrid,236500.0,180380.0,"C++, Go, Python"
ML/AI Engineer,"Austin, TX",Other US,Senior,Hybrid,209000.0,178877.0,"Go, Python"
Data Scientist,"Austin, TX",Other US,Senior,On-site,202500.0,178493.0,"Go, R, Java, Python"
Other Tech Role,"Austin, TX",Other US,Senior,On-site,253500.0,187394.0,"Go, R, Java, Python"
ML/AI Engineer,"Austin, TX",Other US,Senior,On-site,232500.0,184620.0,"Bash, R, Python"
ML/AI Engineer,"Austin, TX",Other US,Senior,On-site,226500.0,184620.0,"Julia, Go"
Other Tech Role,"Austin, TX",Other US,Senior,Hybrid,227500.0,180380.0,"SQL, Go, Python"
Data Scientist,"Austin, TX",Other US,Senior,Hybrid,219000.0,180558.0,Python
Other Tech Role,"Austin, TX",Other US,Senior,On-site,249000.0,187394.0,"Python, C++"
Other Tech Role,"Austin, TX",Other US,Senior,Hybrid,228000.0,180380.0,"Bash, C++, Go, Python"
Other Tech Role,"Austin, TX",Other US,Senior,Hybrid,241500.0,180380.0,"Julia, Python"
ML/AI Engineer,"Austin, TX",Other US,Senior,On-site,215000.0,184620.0,"Go, Python"
ML/AI Engineer,"Austin, TX",Other US,Senior,Hybrid,209000.0,178877.0,"SQL, Python, R"
Other Tech Role,"Austin, TX",Other US,Senior,Hybrid,235000.0,180380.0,"Java, Python"
ML/AI Engineer,"Austin, TX",Other US,Senior,On-site,208500.0,184620.0,"Java, Go, Julia, Python"
Other Tech Role,"Austin, TX",Other US,Senior,On-site,239500.0,187394.0,"SQL, Scala, Python"
ML/AI Engineer,"Austin, TX",Other US,Senior,Hybrid,232500.0,178877.0,"Scala, Go, Python"
Data Scientist,"Austin, TX",Other US,Senior,On-site,234500.0,178493.0,"Scala, Python"
ML/AI Engineer,"Austin, TX",Other US,Senior,Hybrid,248000.0,178877.0,"Julia, C++, Python"
ML/AI Engineer,"Austin, TX",Other US,Senior,Hybrid,245000.0,178877.0,"Scala, Python"
Other Tech Role,"Austin, TX",Other US,Senior,Hybrid,251500.0,180380.0,"R, Python"
ML/AI Engineer,"Austin, TX",Other US,Senior,On-site,198500.0,184620.0,"C++, Scala, Python"
Data Engineer,"Austin, TX",Other US,Senior,On-site,241500.0,191216.0,"Julia, SQL, R, Python"
Other Tech Role,"Austin, TX",Other US,Senior,Hybrid,222500.0,180380.0,"Go, Python"
Other Tech Role,"Austin, TX",Other US,Senior,On-site,238000.0,187394.0,"SQL, Python"
Other Tech Role,"Austin, TX",Other US,Senior,On-site,239500.0,187394.0,"Julia, Java, Python"
ML/AI Engineer,"Austin, TX",Other US,Senior,On-site,258000.0,184620.0,"Java, Python"
ML/AI Engineer,"Austin, TX",Other US,Senior,On-site,238500.0,184620.0,"Scala, Java, Python"
Other Tech Role,"Austin, TX",Other US,Senior,On-site,247000.0,187394.0,"Scala, Bash, Python"
Other Tech Role,"Austin, TX",Other US,Senior,On-site,245500.0,187394.0,"C++, Scala, Python"
ML/AI Engineer,"Austin, TX",Other US,Senior,Hybrid,216000.0,178877.0,"Java, SQL, Python"
ML/AI Engineer,"Austin, TX",Other US,Senior,Hybrid,245500.0,178877.0,"Bash, Python"
ML/AI Engineer,"Austin, TX",Other US,Senior,On-site,214000.0,184620.0,"R, C++, Python"
Other Tech Role,"Austin, TX",Other US,Senior,Hybrid,218000.0,180380.0,"Bash, Python, Julia"
Data Scientist,"Austin, TX",Other US,Senior,On-site,240500.0,178493.0,"Bash, Julia, Python"
Other Tech Role,"Austin, TX",Other US,Senior,On-site,218000.0,187394.0,"C++, Scala, Python"
Other Tech Role,"Austin, TX",Other US,Senior,Hybrid,240000.0,180380.0,"Go, Python, Bash"
ML/AI Engineer,"Austin, TX",Other US,Senior,Hybrid,208500.0,178877.0,"Scala, C++, Python"
ML/AI Engineer,"Austin, TX",Other US,Senior,On-site,236500.0,184620.0,"Bash, Java, Julia, Python"
Other Tech Role,"Austin, TX",Other US,Senior,On-site,238500.0,187394.0,"SQL, Python"
ML/AI Engineer,"Austin, TX",Other US,Senior,Hybrid,226000.0,178877.0,"C++, Scala, Go, Python"
Data Scientist,"Boston, MA",Other US,Senior,On-site,243500.0,178493.0,"R, Bash, Java, Python"
ML/AI Engineer,"Boston, MA",Other US,Senior,Hybrid,262500.0,178877.0,"Go, R, C++, Python"
ML/AI Engineer,"Boston, MA",Other US,Senior,On-site,251500.0,184620.0,"Go, Java, Bash, Python"
ML/AI Engineer,"Boston, MA",Other US,Senior,Hybrid,249000.0,178877.0,"C++, SQL, R"
ML/AI Engineer,"Boston, MA",Other US,Senior,Hybrid,222500.0,178877.0,"SQL, Java, Scala, Python"
Other Tech Role,"Boston, MA",Other US,Senior,Hybrid,210500.0,180380.0,"Java, Go, Python"
ML/AI Engineer,"Boston, MA",Other US,Senior,Hybrid,255000.0,178877.0,"Julia, Scala, Java, Python"
ML/AI Engineer,"Boston, MA",Other US,Senior,On-site,244000.0,184620.0,Java
Other Tech Role,"Boston, MA",Other US,Senior,Hybrid,227000.0,180380.0,"R, Java, Bash, Python"
Other Tech Role,"Boston, MA",Other US,Senior,On-site,231000.0,187394.0,"Java, Python"
Other Tech Role,"Boston, MA",Other US,Senior,Hybrid,249000.0,180380.0,"R, Bash, SQL"
Other Tech Role,"Boston, MA",Other US,Senior,Hybrid,225000.0,180380.0,Python
ML/AI Engineer,"Boston, MA",Other US,Senior,On-site,214000.0,184620.0,"Python, Go, Bash"
ML/AI Engineer,"Boston, MA",Other US,Senior,Hybrid,232500.0,178877.0,"Bash, Scala, Python"
Data Scientist,"Boston, MA",Other US,Senior,Hybrid,216000.0,180558.0,"Java, Julia, Go, Python"
ML/AI Engineer,"Boston, MA",Other US,Senior,Hybrid,243500.0,178877.0,"C++, SQL, Go"
ML/AI Engineer,"Boston, MA",Other US,Senior,On-site,236000.0,184620.0,"Bash, Julia, SQL, Python"
ML/AI Engineer,"Boston, MA",Other US,Senior,Hybrid,221500.0,178877.0,"Java, Python"
ML/AI Engineer,"Boston, MA",Other US,Senior,On-site,256000.0,184620.0,"Java, Python"
ML/AI Engineer,"Boston, MA",Other US,Senior,On-site,225500.0,184620.0,"C++, Python"
ML/AI Engineer,"Boston, MA",Other US,Senior,Hybrid,240500.0,178877.0,"SQL, Java"
Other Tech Role,"Boston, MA",Other US,Senior,Hybrid,252500.0,180380.0,"SQL, Go, Python"
Other Tech Role,"Boston, MA",Other US,Senior,Hybrid,226000.0,180380.0,"Julia, R, Python"
Other Tech Role,"Boston, MA",Other US,Senior,Hybrid,214000.0,180380.0,"Python, Go"
ML/AI Engineer,"Boston, MA",Other US,Senior,Hybrid,223000.0,178877.0,"Python, Go"
Other Tech Role,"Boston, MA",Other US,Senior,On-site,220500.0,187394.0,Python
Other Tech Role,"Boston, MA",Other US,Senior,Hybrid,240000.0,180380.0,"C++, Bash, Python"
Other Tech Role,"Boston, MA",Other US,Senior,Hybrid,200500.0,180380.0,"C++, SQL, Python"
Data Engineer,"Boston, MA",Other US,Senior,Hybrid,257500.0,174421.0,"Go, Python"
Other Tech Role,"Boston, MA",Other US,Senior,On-site,223000.0,187394.0,"Scala, Python"
ML/AI Engineer,"Boston, MA",Other US,Senior,On-site,225000.0,184620.0,"Go, SQL, R, Python"
Other Tech Role,"Boston, MA",Other US,Senior,On-site,242000.0,187394.0,"C++, Java, Python"
Other Tech Role,"Boston, MA",Other US,Senior,On-site,227500.0,187394.0,"Go, R, Python"
ML/AI Engineer,"Boston, MA",Other US,Senior,Hybrid,216500.0,178877.0,"Bash, C++, Python"
ML/AI Engineer,"Boston, MA",Other US,Senior,On-site,231500.0,184620.0,"SQL, Python, Julia"
ML/AI Engineer,"Boston, MA",Other US,Senior,On-site,228000.0,184620.0,"Go, Python"
Other Tech Role,"Boston, MA",Other US,Senior,Hybrid,212000.0,180380.0,"R, Bash, Python"
Other Tech Role,"Boston, MA",Other US,Senior,On-site,236500.0,187394.0,"Bash, Python"
ML/AI Engineer,"Boston, MA",Other US,Senior,Hybrid,237500.0,178877.0,"Julia, C++, Python"
Other Tech Role,"Boston, MA",Other US,Senior,Hybrid,221000.0,180380.0,"C++, Scala, Java, Python"
Other Tech Role,"Boston, MA",Other US,Senior,Hybrid,241500.0,180380.0,Python
Data Engineer,"Boston, MA",Other US,Senior,Hybrid,239500.0,174421.0,"Python, Julia"
ML/AI Engineer,"Boston, MA",Other US,Senior,On-site,219000.0,184620.0,"Java, Bash, Python"
ML/AI Engineer,"Boston, MA",Other US,Senior,On-site,233000.0,184620.0,"Go, Scala, Bash, Python"
Data Engineer,"Boston, MA",Other US,Senior,Hybrid,199500.0,174421.0,"R, Python"
Other Tech Role,"Boston, MA",Other US,Senior,On-site,214500.0,187394.0,"Julia, R, Bash, Python"
ML/AI Engineer,"Boston, MA",Other US,Senior,On-site,238000.0,184620.0,"Scala, Go, Python"
Data Scientist,"Boston, MA",Other US,Senior,On-site,207000.0,178493.0,"R, Scala, C++, Python"
Data Scientist,"Boston, MA",Other US,Senior,Hybrid,230000.0,180558.0,"R, Scala, Python"
ML/AI Engineer,"Boston, MA",Other US,Senior,Hybrid,208000.0,178877.0,"SQL, Python"
ML/AI Engineer,"Boston, MA",Other US,Senior,Hybrid,251500.0,178877.0,"Julia, Python, Bash"
ML/AI Engineer,"Boston, MA",Other US,Senior,On-site,221000.0,184620.0,"C++, Python"
Other Tech Role,"Boston, MA",Other US,Senior,Hybrid,209500.0,180380.0,"Java, Scala, Python"
Other Tech Role,"Boston, MA",Other US,Senior,Hybrid,230500.0,180380.0,"SQL, Python"
ML/AI Engineer,"Boston, MA",Other US,Senior,Hybrid,214000.0,178877.0,"Bash, SQL, Java, Python"
ML/AI Engineer,"Boston, MA",Other US,Senior,Hybrid,224500.0,178877.0,"Julia, Bash, Go, Python"
Other Tech Role,"Boston, MA",Other US,Senior,Hybrid,229000.0,180380.0,"C++, Python"
Other Tech Role,"Boston, MA",Other US,Senior,Hybrid,224500.0,180380.0,"Go, Bash, SQL, Python"
Other Tech Role,"Boston, MA",Other US,Senior,Hybrid,246000.0,180380.0,"Bash, Java, Python"
ML/AI Engineer,"Boston, MA",Other US,Senior,On-site,225500.0,184620.0,"C++, Python"
ML/AI Engineer,"Boston, MA",Other US,Senior,On-site,229500.0,184620.0,"Java, Python, Scala"
Other Tech Role,"Boston, MA",Other US,Senior,On-site,226500.0,187394.0,"C++, Python"
ML/AI Engineer,Brisbane,Other US,Senior,Hybrid,153000.0,178877.0,"Java, Julia, Python"
ML/AI Engineer,Brisbane,Other US,Senior,Hybrid,143000.0,178877.0,"Python, SQL, Scala"
Data Engineer,Brisbane,Other US,Senior,Hybrid,160000.0,174421.0,"C++, Julia, Python"
Data Engineer,Brisbane,Other US,Senior,Hybrid,159000.0,174421.0,"Scala, Python"
ML/AI Engineer,Brisbane,Other US,Senior,Hybrid,144500.0,178877.0,"Java, Python"
ML/AI Engineer,Brisbane,Other US,Senior,On-site,164000.0,184620.0,"C++, Python, SQL"
Other Tech Role,Brisbane,Other US,Senior,Hybrid,167000.0,180380.0,"Java, Python"
ML/AI Engineer,Brisbane,Other US,Senior,Hybrid,161000.0,178877.0,"Java, C++, Python"
ML/AI Engineer,Brisbane,Other US,Senior,On-site,165000.0,184620.0,"C++, Python"
ML/AI Engineer,Brisbane,Other US,Senior,Hybrid,168000.0,178877.0,"SQL, C++, Python"
Other Tech Role,Brisbane,Other US,Senior,Hybrid,151500.0,180380.0,"C++, Bash, Python"
Other Tech Role,Brisbane,Other US,Senior,On-site,152500.0,187394.0,"Bash, Python"
Other Tech Role,Brisbane,Other US,Senior,Hybrid,153500.0,180380.0,"Go, Julia, Python"
ML/AI Engineer,Brisbane,Other US,Senior,Hybrid,168500.0,178877.0,"Python, Bash"
Other Tech Role,Brisbane,Other US,Senior,Hybrid,147500.0,180380.0,"Go, Python"
Other Tech Role,Brisbane,Other US,Senior,On-site,164000.0,187394.0,Bash
Other Tech Role,Brisbane,Other US,Senior,Hybrid,143500.0,180380.0,"Go, Python"
Other Tech Role,Brisbane,Other US,Senior,Hybrid,146000.0,180380.0,"Java, Scala, Python"
ML/AI Engineer,Brisbane,Other US,Senior,Hybrid,151000.0,178877.0,"SQL, Python"
Other Tech Role,Brisbane,Other US,Senior,Hybrid,154000.0,180380.0,"Python, Java"
ML/AI Engineer,Brisbane,Other US,Senior,On-site,167000.0,184620.0,"Scala, Python"
ML/AI Engineer,Brisbane,Other US,Senior,On-site,146000.0,184620.0,"Julia, Python"
ML/AI Engineer,Brisbane,Other US,Senior,Hybrid,150000.0,178877.0,"Java, Scala, Python"
ML/AI Engineer,Brisbane,Other US,Senior,Hybrid,154000.0,178877.0,"R, Python, C++"
ML/AI Engineer,Brisbane,Other US,Senior,On-site,164000.0,184620.0,"R, Python"
ML/AI Engineer,Brisbane,Other US,Senior,On-site,162500.0,184620.0,"Julia, Python"
Other Tech Role,Brisbane,Other US,Senior,Hybrid,143500.0,180380.0,"Python, Go, Scala"
Data Scientist,Brisbane,Other US,Senior,Hybrid,173500.0,180558.0,"Python, Go, SQL"
ML/AI Engineer,Brisbane,Other US,Senior,Hybrid,169000.0,178877.0,"Scala, Python"
ML/AI Engineer,Brisbane,Other US,Senior,On-site,145500.0,184620.0,"Java, SQL, Go, Python"
ML/AI Engineer,Brisbane,Other US,Senior,Hybrid,164000.0,178877.0,"Bash, SQL, Python"
ML/AI Engineer,Brisbane,Other US,Senior,On-site,162500.0,184620.0,"R, Bash, Python"
ML/AI Engineer,Brisbane,Other US,Senior,Hybrid,154500.0,178877.0,"Go, Python"
ML/AI Engineer,Brisbane,Other US,Senior,Hybrid,153000.0,178877.0,"Julia, Bash, Python"
ML/AI Engineer,Brisbane,Other US,Senior,Hybrid,164500.0,178877.0,"Go, Python"
Other Tech Role,Brisbane,Other US,Senior,Hybrid,165500.0,180380.0,"Scala, R, Bash, Python"
Other Tech Role,Brisbane,Other US,Senior,Hybrid,161000.0,180380.0,"Java, Python"
ML/AI Engineer,Brisbane,Other US,Senior,On-site,151000.0,184620.0,"Bash, R, Python"
ML/AI Engineer,Brisbane,Other US,Senior,Hybrid,160500.0,178877.0,"Go, Scala, Bash, Python"
Data Scientist,Brisbane,Other US,Senior,Hybrid,167500.0,180558.0,"R, Python, C++"
Other Tech Role,Brisbane,Other US,Senior,Hybrid,162500.0,180380.0,"Python, C++"
ML/AI Engineer,Brisbane,Other US,Senior,Hybrid,145500.0,178877.0,"Scala, R, Python"
ML/AI Engineer,Brisbane,Other US,Senior,Hybrid,162500.0,178877.0,Python
Other Tech Role,Brisbane,Other US,Senior,Hybrid,171500.0,180380.0,"Julia, Python"
Data Engineer,Brisbane,Other US,Senior,Hybrid,153000.0,174421.0,"SQL, C++, Go, Python"
Other Tech Role,Brisbane,Other US,Senior,Hybrid,144000.0,180380.0,"Julia, Python, R"
ML/AI Engineer,Brisbane,Other US,Senior,Hybrid,147000.0,178877.0,"C++, Scala, Python"
Other Tech Role,Brisbane,Other US,Senior,On-site,165500.0,187394.0,"Julia, Python"
ML/AI Engineer,Brisbane,Other US,Senior,Hybrid,145000.0,178877.0,"Bash, Python"
Data Scientist,Brisbane,Other US,Senior,Hybrid,152500.0,180558.0,"Julia, R, Go, Python"
Other Tech Role,Brisbane,Other US,Senior,Hybrid,156500.0,180380.0,"SQL, C++, R, Python"
ML/AI Engineer,Brisbane,Other US,Senior,Hybrid,153000.0,178877.0,"Python, R, SQL"
Other Tech Role,Brisbane,Other US,Senior,Hybrid,160500.0,180380.0,"R, Python"
Other Tech Role,Brisbane,Other US,Senior,On-site,160000.0,187394.0,"Go, R, Python"
Other Tech Role,Brisbane,Other US,Senior,Hybrid,151000.0,180380.0,"SQL, Bash, Python"
ML/AI Engineer,Brisbane,Other US,Senior,On-site,153000.0,184620.0,"Java, Scala, Python"
Other Tech Role,Brisbane,Other US,Senior,Hybrid,162500.0,180380.0,"Java, Scala, Python"
ML/AI Engineer,Brisbane,Other US,Senior,Hybrid,154000.0,178877.0,"R, C++, Python"
ML/AI Engineer,Brisbane,Other US,Senior,On-site,149500.0,184620.0,"Java, Bash, Go, Python"
ML/AI Engineer,Brisbane,Other US,Senior,On-site,155000.0,184620.0,"C++, Python"
ML/AI Engineer,Brisbane,Other US,Senior,Hybrid,170500.0,178877.0,"Julia, Python"
Data Scientist,Brisbane,Other US,Senior,Hybrid,145500.0,180558.0,Python
ML/AI Engineer,Brisbane,Other US,Senior,Hybrid,169500.0,178877.0,"Bash, Julia, Python"
ML/AI Engineer,Brisbane,Other US,Senior,Hybrid,168000.0,178877.0,"Python, C++"
ML/AI Engineer,Brisbane,Other US,Senior,Hybrid,154000.0,178877.0,"C++, Scala, Go"
ML/AI Engineer,Brisbane,Other US,Senior,Hybrid,165000.0,178877.0,"Go, Java, Python"
Other Tech Role,Brisbane,Other US,Senior,Hybrid,145500.0,180380.0,"C++, Scala, Go, Python"
ML/AI Engineer,Brisbane,Other US,Senior,On-site,143500.0,184620.0,"Scala, Python"
Other Tech Role,Brisbane,Other US,Senior,On-site,143000.0,187394.0,"Go, Scala, Python"
Other Tech Role,Brisbane,Other US,Senior,Hybrid,152000.0,180380.0,"Bash, SQL, Julia, Python"
Other Tech Role,Brisbane,Other US,Senior,Hybrid,159000.0,180380.0,"C++, R, Python"
Other Tech Role,Brisbane,Other US,Senior,On-site,143000.0,187394.0,"Bash, R, Scala, Python"
ML/AI Engineer,Brisbane,Other US,Senior,Hybrid,169000.0,178877.0,"Java, Go, Python"
Other Tech Role,Brisbane,Other US,Senior,On-site,153500.0,187394.0,"Julia, Python, Go"
Other Tech Role,Brisbane,Other US,Senior,Hybrid,153500.0,180380.0,"Julia, Python"
Other Tech Role,Brisbane,Other US,Senior,On-site,145000.0,187394.0,"Scala, Julia, Python"
Data Engineer,Brisbane,Other US,Senior,Hybrid,169500.0,174421.0,"Python, Scala, Go"
Other Tech Role,Brisbane,Other US,Senior,Hybrid,151500.0,180380.0,"Go, Python"
ML/AI Engineer,Brisbane,Other US,Senior,Hybrid,148500.0,178877.0,"Python, C++, Julia"
ML/AI Engineer,Brisbane,Other US,Senior,Hybrid,148500.0,178877.0,Bash
ML/AI Engineer,Brisbane,Other US,Senior,On-site,156000.0,184620.0,"Python, Scala, C++"
Other Tech Role,Brisbane,Other US,Senior,Hybrid,146000.0,180380.0,"Bash, Python"
Other Tech Role,Brisbane,Other US,Senior,On-site,167000.0,187394.0,"C++, SQL, Python"
ML/AI Engineer,Brisbane,Other US,Senior,On-site,149000.0,184620.0,"C++, Python"
Data Scientist,Brisbane,Other US,Senior,On-site,148000.0,178493.0,"Julia, Python"
ML/AI Engineer,Brisbane,Other US,Senior,Hybrid,145500.0,178877.0,"Julia, Scala, Python"
ML/AI Engineer,Brisbane,Other US,Senior,On-site,162500.0,184620.0,"Java, C++, Python"
ML/AI Engineer,Brisbane,Other US,Senior,Hybrid,143500.0,178877.0,"Bash, C++, Java, Python"
ML/AI Engineer,Brisbane,Other US,Senior,On-site,160000.0,184620.0,"Julia, Python"
Other Tech Role,Brisbane,Other US,Senior,On-site,159500.0,187394.0,"Go, Python"
ML/AI Engineer,Brisbane,Other US,Senior,Hybrid,162500.0,178877.0,"Go, Bash, Julia, Python"
Other Tech Role,Brisbane,Other US,Senior,Hybrid,162000.0,180380.0,"Julia, R, Python"
Other Tech Role,Brisbane,Other US,Senior,Hybrid,155000.0,180380.0,"Scala, Python"
Other Tech Role,Brisbane,Other US,Senior,Hybrid,165500.0,180380.0,"Scala, Go, Python"
ML/AI Engineer,Brisbane,Other US,Senior,Hybrid,159500.0,178877.0,"Go, C++, Python"
ML/AI Engineer,Brisbane,Other US,Senior,Hybrid,147000.0,178877.0,"SQL, Scala, Python"
ML/AI Engineer,Brisbane,Other US,Senior,On-site,152000.0,184620.0,"Scala, C++, Python"
ML/AI Engineer,Brisbane,Other US,Senior,Hybrid,152500.0,178877.0,"SQL, Python"
Other Tech Role,Brisbane,Other US,Senior,On-site,164000.0,187394.0,"Bash, Scala, R, Python"
Other Tech Role,Brisbane,Other US,Senior,Hybrid,172000.0,180380.0,"Bash, R, Java, Python"
Other Tech Role,Brisbane,Other US,Senior,On-site,170500.0,187394.0,Python
ML/AI Engineer,Brisbane,Other US,Senior,Hybrid,162000.0,178877.0,"R, Python"
ML/AI Engineer,Brisbane,Other US,Senior,Hybrid,160000.0,178877.0,"Python, Scala, Bash"
Other Tech Role,Brisbane,Other US,Senior,On-site,140500.0,187394.0,"C++, Bash, R, Python"
Other Tech Role,Brisbane,Other US,Senior,Hybrid,163000.0,180380.0,"Java, SQL, Scala, Python"
ML/AI Engineer,Brisbane,Other US,Senior,On-site,152000.0,184620.0,"Python, C++, Java"
ML/AI Engineer,Brisbane,Other US,Senior,Hybrid,148500.0,178877.0,"Python, R, Java"
ML/AI Engineer,Brisbane,Other US,Senior,Hybrid,157000.0,178877.0,"R, Python"
ML/AI Engineer,Brisbane,Other US,Senior,Hybrid,169000.0,178877.0,"C++, Go, Python"
Other Tech Role,Brisbane,Other US,Senior,On-site,153500.0,187394.0,"R, Python"
ML/AI Engineer,Brisbane,Other US,Senior,Hybrid,153000.0,178877.0,"Julia, Bash, Python"
ML/AI Engineer,Brisbane,Other US,Senior,Hybrid,164000.0,178877.0,"C++, Python"
ML/AI Engineer,Brisbane,Other US,Senior,Hybrid,151000.0,178877.0,"R, Go, Python"
ML/AI Engineer,Brisbane,Other US,Senior,On-site,161500.0,184620.0,"Go, Python"
ML/AI Engineer,Brisbane,Other US,Senior,On-site,158500.0,184620.0,"Go, Julia, Scala, Python"
Other Tech Role,Brisbane,Other US,Senior,Hybrid,168000.0,180380.0,"SQL, Python"
ML/AI Engineer,Brisbane,Other US,Senior,Hybrid,164500.0,178877.0,"R, Julia, C++, Python"
Other Tech Role,Brisbane,Other US,Senior,Hybrid,152500.0,180380.0,"Go, Python"
Other Tech Role,Brisbane,Other US,Senior,On-site,149500.0,187394.0,"Go, Bash, Python"
ML/AI Engineer,Brisbane,Other US,Senior,Hybrid,148500.0,178877.0,"Python, Scala"
Data Engineer,Brisbane,Other US,Senior,Hybrid,164500.0,174421.0,"C++, Python"
Other Tech Role,Brisbane,Other US,Senior,Hybrid,156500.0,180380.0,"R, Scala, C++, Python"
Other Tech Role,Brisbane,Other US,Senior,On-site,158000.0,187394.0,"SQL, C++, R, Python"
ML/AI Engineer,Brisbane,Other US,Senior,Hybrid,163000.0,178877.0,"Python, Julia, C++"
Other Tech Role,Brisbane,Other US,Senior,Hybrid,159500.0,180380.0,"SQL, Python"
Other Tech Role,Brisbane,Other US,Senior,On-site,170000.0,187394.0,"Julia, Python"
Other Tech Role,Brisbane,Other US,Senior,On-site,163500.0,187394.0,"Go, Python"
ML/AI Engineer,Brisbane,Other US,Senior,Hybrid,158000.0,178877.0,"Bash, R, SQL, Python"
Other Tech Role,Brisbane,Other US,Senior,Hybrid,162000.0,180380.0,"Go, R, C++, Python"
Data Scientist,Brisbane,Other US,Senior,On-site,157000.0,178493.0,"C++, R, Go, Python"
ML/AI Engineer,Brisbane,Other US,Senior,On-site,141000.0,184620.0,"R, Scala, Julia, Python"
ML/AI Engineer,Brisbane,Other US,Senior,On-site,152500.0,184620.0,"C++, Python"
ML/AI Engineer,Brisbane,Other US,Senior,On-site,145500.0,184620.0,"C++, Python"
ML/AI Engineer,Brisbane,Other US,Senior,On-site,159000.0,184620.0,"Julia, Python"
ML/AI Engineer,Brisbane,Other US,Senior,Hybrid,160500.0,178877.0,"SQL, Python, Go"
ML/AI Engineer,Brisbane,Other US,Senior,Hybrid,155000.0,178877.0,"Julia, Python"
Other Tech Role,Brisbane,Other US,Senior,Hybrid,157000.0,180380.0,"Python, Julia, SQL"
Other Tech Role,Brisbane,Other US,Senior,Hybrid,164500.0,180380.0,"SQL, Python"
ML/AI Engineer,Brisbane,Other US,Senior,Hybrid,159500.0,178877.0,"Julia, Python"
ML/AI Engineer,Brisbane,Other US,Senior,On-site,152000.0,184620.0,"Python, Julia"
Other Tech Role,Brisbane,Other US,Senior,Hybrid,164500.0,180380.0,"C++, Python"
Other Tech Role,Brisbane,Other US,Senior,Hybrid,163500.0,180380.0,"Java, Python"
ML/AI Engineer,Brisbane,Other US,Senior,Hybrid,170000.0,178877.0,"Julia, Python, Scala"
ML/AI Engineer,Brisbane,Other US,Senior,On-site,165000.0,184620.0,"Scala, R, Python"
Other Tech Role,Brisbane,Other US,Senior,On-site,164500.0,187394.0,"Scala, SQL, C++"
Other Tech Role,Brisbane,Other US,Senior,Hybrid,145000.0,180380.0,"Scala, Python, R"
ML/AI Engineer,Brisbane,Other US,Senior,Hybrid,158000.0,178877.0,"Go, Java, Python"
ML/AI Engineer,Brisbane,Other US,Senior,Hybrid,153500.0,178877.0,"Python, Java, Julia"
ML/AI Engineer,Brisbane,Other US,Senior,Hybrid,162500.0,178877.0,"R, SQL, Julia, Python"
Other Tech Role,Brisbane,Other US,Senior,On-site,164000.0,187394.0,"SQL, Scala, R, Python"
Other Tech Role,Brisbane,Other US,Senior,On-site,150000.0,187394.0,"Java, Python"
Other Tech Role,Brisbane,Other US,Senior,Hybrid,169500.0,180380.0,"Python, R, Scala"
ML/AI Engineer,Brisbane,Other US,Senior,On-site,149500.0,184620.0,"R, Bash, SQL, Python"
Data Engineer,Brisbane,Other US,Senior,On-site,169000.0,191216.0,"R, Bash, Python"
Other Tech Role,Brisbane,Other US,Senior,On-site,160500.0,187394.0,"Scala, Bash, SQL, Python"
Other Tech Role,Brisbane,Other US,Senior,On-site,159500.0,187394.0,"Go, Python"
Other Tech Role,Brisbane,Other US,Senior,Hybrid,150500.0,180380.0,R
ML/AI Engineer,Brisbane,Other US,Senior,On-site,161500.0,184620.0,"R, Bash, Python"
Other Tech Role,Brisbane,Other US,Senior,Hybrid,164500.0,180380.0,"SQL, Scala, Python"
ML/AI Engineer,Brisbane,Other US,Senior,Hybrid,145500.0,178877.0,"Go, Bash, Python"
Other Tech Role,Brisbane,Other US,Senior,Hybrid,153500.0,180380.0,"Bash, Go, Julia, Python"
Data Engineer,Brisbane,Other US,Senior,Hybrid,156500.0,174421.0,"SQL, Python"
ML/AI Engineer,Brisbane,Other US,Senior,On-site,166000.0,184620.0,"R, Python"
Other Tech Role,Brisbane,Other US,Senior,Hybrid,144500.0,180380.0,"Julia, Bash, Python"
ML/AI Engineer,Brisbane,Other US,Senior,Hybrid,155500.0,178877.0,"Julia, Python"
ML/AI Engineer,Brisbane,Other US,Senior,On-site,171000.0,184620.0,"Scala, Julia, Python"
Other Tech Role,Brisbane,Other US,Senior,Hybrid,148500.0,180380.0,"Scala, Python"
Other Tech Role,Brisbane,Other US,Senior,Hybrid,146000.0,180380.0,"SQL, C++, Java, Python"
ML/AI Engineer,Brisbane,Other US,Senior,On-site,161500.0,184620.0,"C++, Python"
ML/AI Engineer,Brisbane,Other US,Senior,Hybrid,156000.0,178877.0,"Bash, Python"
Other Tech Role,Brisbane,Other US,Senior,Hybrid,157500.0,180380.0,"SQL, Python"
Other Tech Role,Brisbane,Other US,Senior,Hybrid,162000.0,180380.0,"SQL, R, Go, Python"
ML/AI Engineer,Brisbane,Other US,Senior,On-site,157500.0,184620.0,"SQL, Scala, Python"
ML/AI Engineer,Brisbane,Other US,Senior,Hybrid,163500.0,178877.0,"Python, C++"
Other Tech Role,Brisbane,Other US,Senior,Hybrid,155000.0,180380.0,"Bash, Julia, Python"
Other Tech Role,Brisbane,Other US,Senior,On-site,148000.0,187394.0,"R, Python, SQL"
ML/AI Engineer,Brisbane,Other US,Senior,Hybrid,160000.0,178877.0,"R, Python"
Other Tech Role,Brisbane,Other US,Senior,Hybrid,164000.0,180380.0,"Julia, R, Java, Python"
Other Tech Role,Brisbane,Other US,Senior,On-site,168000.0,187394.0,"Java, Python"
Other Tech Role,Brisbane,Other US,Senior,Hybrid,172500.0,180380.0,"Java, R, Python"
ML/AI Engineer,Brisbane,Other US,Senior,Hybrid,172500.0,178877.0,"C++, Python"
Data Engineer,Brisbane,Other US,Senior,Hybrid,144500.0,174421.0,"R, Python"
ML/AI Engineer,Brisbane,Other US,Senior,On-site,155500.0,184620.0,"Julia, Python"
ML/AI Engineer,Brisbane,Other US,Senior,Hybrid,141000.0,178877.0,"C++, Python"
ML/AI Engineer,Brisbane,Other US,Senior,On-site,143000.0,184620.0,"C++, Python"
Other Tech Role,Brisbane,Other US,Senior,On-site,172000.0,187394.0,"Go, Java, Python"
ML/AI Engineer,Brisbane,Other US,Senior,On-site,169000.0,184620.0,"Scala, Python"
Data Scientist,Brisbane,Other US,Senior,Hybrid,170000.0,180558.0,"R, Python"
ML/AI Engineer,Brisbane,Other US,Senior,On-site,154000.0,184620.0,"Julia, Scala, Python"
ML/AI Engineer,Brisbane,Other US,Senior,Hybrid,160000.0,178877.0,"Scala, Julia, Java, Python"
Other Tech Role,Brisbane,Other US,Senior,On-site,162000.0,187394.0,"SQL, Go, Python"
Other Tech Role,Brisbane,Other US,Senior,Hybrid,159000.0,180380.0,"Julia, Scala, Go, Python"
ML/AI Engineer,Brisbane,Other US,Senior,Hybrid,163500.0,178877.0,"Python, Java, Scala"
ML/AI Engineer,Brisbane,Other US,Senior,On-site,163500.0,184620.0,"Julia, SQL, C++, Python"
ML/AI Engineer,Brisbane,Other US,Senior,Hybrid,161500.0,178877.0,"Python, Scala"
Other Tech Role,Brisbane,Other US,Senior,Hybrid,152500.0,180380.0,"Bash, Python"
ML/AI Engineer,Brisbane,Other US,Senior,On-site,158500.0,184620.0,"Java, Go, Python"
ML/AI Engineer,Brisbane,Other US,Senior,Hybrid,150500.0,178877.0,"Go, Python"
Other Tech Role,Brisbane,Other US,Senior,Hybrid,167000.0,180380.0,"Python, Go"
Other Tech Role,Brisbane,Other US,Senior,Hybrid,165500.0,180380.0,"Java, Python"
Data Scientist,Brisbane,Other US,Senior,On-site,140000.0,178493.0,"Java, SQL, Python"
ML/AI Engineer,Brisbane,Other US,Senior,Hybrid,141500.0,178877.0,"Java, Python"
ML/AI Engineer,Brisbane,Other US,Senior,On-site,154500.0,184620.0,"Bash, C++, Python"
Other Tech Role,Brisbane,Other US,Senior,Hybrid,158000.0,180380.0,"Julia, Python"
Other Tech Role,Brisbane,Other US,Senior,Hybrid,156500.0,180380.0,"Go, SQL, Bash"
Other Tech Role,Brisbane,Other US,Senior,Hybrid,146500.0,180380.0,"R, C++, Python"
ML/AI Engineer,Brisbane,Other US,Senior,Hybrid,159000.0,178877.0,"Java, Python"
ML/AI Engineer,Brisbane,Other US,Senior,Hybrid,152000.0,178877.0,"R, Python, C++"
Other Tech Role,Brisbane,Other US,Senior,On-site,145500.0,187394.0,"Julia, C++, Scala, Python"
ML/AI Engineer,Brisbane,Other US,Senior,Hybrid,148500.0,178877.0,"Python, Go, Java"
Other Tech Role,Brisbane,Other US,Senior,Hybrid,151500.0,180380.0,"SQL, Java, Python"
Other Tech Role,Brisbane,Other US,Senior,On-site,173500.0,187394.0,"SQL, Python"
Other Tech Role,Brisbane,Other US,Senior,Hybrid,163500.0,180380.0,"Bash, Python"
ML/AI Engineer,Brisbane,Other US,Senior,Hybrid,150500.0,178877.0,"R, Bash, Python"
ML/AI Engineer,Brisbane,Other US,Senior,Hybrid,170000.0,178877.0,"SQL, Bash, Python"
Data Engineer,Brisbane,Other US,Senior,On-site,170500.0,191216.0,"Python, Go, Java"
Other Tech Role,Brisbane,Other US,Senior,Hybrid,157000.0,180380.0,"SQL, Go, Python"
ML/AI Engineer,Brisbane,Other US,Senior,Hybrid,156500.0,178877.0,"Bash, Julia, Python"
Other Tech Role,Brisbane,Other US,Senior,On-site,154500.0,187394.0,Python
ML/AI Engineer,Brisbane,Other US,Senior,On-site,152500.0,184620.0,Python
ML/AI Engineer,Brisbane,Other US,Senior,Hybrid,148000.0,178877.0,"Julia, Python"
Other Tech Role,Brisbane,Other US,Senior,Hybrid,146000.0,180380.0,"SQL, Python"
Other Tech Role,Brisbane,Other US,Senior,Hybrid,157500.0,180380.0,Python
ML/AI Engineer,Brisbane,Other US,Senior,Hybrid,164000.0,178877.0,"C++, Bash, R, Python"
Other Tech Role,Brisbane,Other US,Senior,Hybrid,167000.0,180380.0,"Python, SQL"
Other Tech Role,Brisbane,Other US,Senior,On-site,159000.0,187394.0,"Java, Python"
Other Tech Role,Brisbane,Other US,Senior,On-site,166500.0,187394.0,"R, Python"
Other Tech Role,Brisbane,Other US,Senior,Hybrid,170500.0,180380.0,"R, Scala, Julia, Python"
ML/AI Engineer,Brisbane,Other US,Senior,Hybrid,151500.0,178877.0,"R, Python"
Other Tech Role,Brisbane,Other US,Senior,On-site,149500.0,187394.0,"Scala, SQL, C++, Python"
Data Scientist,Brisbane,Other US,Senior,On-site,165000.0,178493.0,"C++, Java, Python"
Other Tech Role,Brisbane,Other US,Senior,On-site,172000.0,187394.0,"Julia, Java, Python"
ML/AI Engineer,Brisbane,Other US,Senior,Hybrid,166000.0,178877.0,"Go, Java, Python"
Data Engineer,Brisbane,Other US,Senior,Hybrid,171500.0,174421.0,"R, Python, Bash"
Other Tech Role,Brisbane,Other US,Senior,On-site,146000.0,187394.0,"SQL, Python"
ML/AI Engineer,Brisbane,Other US,Senior,Hybrid,142500.0,178877.0,"R, Julia"
Other Tech Role,Brisbane,Other US,Senior,Hybrid,169000.0,180380.0,"SQL, Scala, Bash, Python"
Data Scientist,Brisbane,Other US,Senior,On-site,159000.0,178493.0,"Bash, Scala, Python"
ML/AI Engineer,Brisbane,Other US,Senior,On-site,141500.0,184620.0,"Go, Python"
ML/AI Engineer,Brisbane,Other US,Senior,Hybrid,153000.0,178877.0,"Scala, C++, Julia, Python"
ML/AI Engineer,Brisbane,Other US,Senior,Hybrid,162000.0,178877.0,"SQL, R"
ML/AI Engineer,Brisbane,Other US,Senior,Hybrid,157500.0,178877.0,"Scala, R, Python"
Data Engineer,Brisbane,Other US,Senior,Hybrid,165500.0,174421.0,"Java, Python"
Data Scientist,Brisbane,Other US,Senior,On-site,169500.0,178493.0,"Julia, Bash, Java, Python"
Other Tech Role,Brisbane,Other US,Senior,On-site,157000.0,187394.0,"R, Python"
Other Tech Role,Brisbane,Other US,Senior,Hybrid,152500.0,180380.0,"Python, Julia, Go"
Other Tech Role,Brisbane,Other US,Senior,Hybrid,173500.0,180380.0,"Scala, Python, Bash"
ML/AI Engineer,Brisbane,Other US,Senior,On-site,163000.0,184620.0,"Java, Python"
ML/AI Engineer,Brisbane,Other US,Senior,Hybrid,168000.0,178877.0,"Bash, Python"
Other Tech Role,Brisbane,Other US,Senior,On-site,155000.0,187394.0,"SQL, Bash, Python"
Data Scientist,Brisbane,Other US,Senior,On-site,158000.0,178493.0,"Java, R, Bash, Python"
Other Tech Role,Brisbane,Other US,Senior,Hybrid,170500.0,180380.0,"Scala, Python"
ML/AI Engineer,Brisbane,Other US,Senior,Hybrid,160500.0,178877.0,"Julia, Python"
ML/AI Engineer,Brisbane,Other US,Senior,Hybrid,170500.0,178877.0,"R, Scala, Python"
Other Tech Role,Brisbane,Other US,Senior,On-site,170000.0,187394.0,"Go, Julia, Python"
Other Tech Role,Brisbane,Other US,Senior,Hybrid,165500.0,180380.0,"Scala, Go, Python"
ML/AI Engineer,Brisbane,Other US,Senior,Hybrid,162500.0,178877.0,"Python, SQL, Scala"
ML/AI Engineer,Brisbane,Other US,Senior,Hybrid,148500.0,178877.0,"SQL, Go, Bash, Python"
Other Tech Role,Brisbane,Other US,Senior,Hybrid,147500.0,180380.0,"Java, SQL, Python"
Other Tech Role,Brisbane,Other US,Senior,On-site,166500.0,187394.0,"Go, Scala, Python"
Other Tech Role,Brisbane,Other US,Senior,On-site,161000.0,187394.0,"Java, Python"
ML/AI Engineer,Brisbane,Other US,Senior,On-site,149500.0,184620.0,"Go, SQL, Python"
Data Scientist,Brisbane,Other US,Senior,Hybrid,161000.0,180558.0,"R, Python"
ML/AI Engineer,Brisbane,Other US,Senior,On-site,169500.0,184620.0,"SQL, R, Python"
Other Tech Role,Brisbane,Other US,Senior,On-site,166000.0,187394.0,"Java, Python, Julia"
ML/AI Engineer,Brisbane,Other US,Senior,On-site,160000.0,184620.0,"Bash, Python"
Other Tech Role,Brisbane,Other US,Senior,Hybrid,156500.0,180380.0,"SQL, Go, Python"
Other Tech Role,Brisbane,Other US,Senior,Hybrid,166000.0,180380.0,"SQL, Scala, C++, Python"
Other Tech Role,Brisbane,Other US,Senior,On-site,154000.0,187394.0,"Go, Python"
Other Tech Role,Brisbane,Other US,Senior,Hybrid,147000.0,180380.0,"Java, Python"
ML/AI Engineer,Brisbane,Other US,Senior,Hybrid,153500.0,178877.0,"R, SQL, Julia, Python"
Other Tech Role,Brisbane,Other US,Senior,On-site,155000.0,187394.0,R
ML/AI Engineer,Cambridge,California,Senior,Hybrid,119500.0,184746.0,"SQL, Python"
ML/AI Engineer,Cambridge,California,Senior,On-site,133000.0,329435.0,"R, Go, Python"
ML/AI Engineer,Cambridge,California,Senior,Hybrid,110000.0,184746.0,"Go, Scala, Python"
ML/AI Engineer,Cambridge,California,Senior,Hybrid,135000.0,184746.0,"Scala, Python"
ML/AI Engineer,Cambridge,California,Senior,Hybrid,134500.0,184746.0,"Bash, Java, Python"
ML/AI Engineer,Cambridge,California,Senior,Hybrid,122000.0,184746.0,"Scala, SQL, Python"
Other Tech Role,Cambridge,California,Senior,Hybrid,113000.0,179989.0,"Bash, Python"
ML/AI Engineer,Cambridge,California,Senior,On-site,111000.0,329435.0,"Go, SQL, R, Python"
Other Tech Role,Cambridge,California,Senior,Hybrid,121000.0,179989.0,"Go, Scala, Python"
Other Tech Role,Cambridge,California,Senior,Hybrid,103000.0,179989.0,"Go, Java, Julia, Python"
ML/AI Engineer,Cambridge,California,Senior,Hybrid,130000.0,184746.0,"R, Go, Python"
ML/AI Engineer,Cambridge,California,Senior,On-site,115500.0,329435.0,"R, SQL, Python"
ML/AI Engineer,Cambridge,California,Senior,On-site,110500.0,329435.0,"SQL, R, Julia, Python"
ML/AI Engineer,Cambridge,California,Senior,On-site,129500.0,329435.0,"Scala, Go, R, Python"
ML/AI Engineer,Cambridge,California,Senior,Hybrid,106000.0,184746.0,"Java, Bash, SQL, Python"
ML/AI Engineer,Cambridge,California,Senior,Hybrid,119000.0,184746.0,"Go, C++, Python"
ML/AI Engineer,Cambridge,California,Senior,Hybrid,109500.0,184746.0,"Java, Python"
Other Tech Role,Cambridge,California,Senior,Hybrid,108000.0,179989.0,"R, Java, Bash"
Data Scientist,Cambridge,California,Senior,On-site,126000.0,174335.0,Go
ML/AI Engineer,Cambridge,California,Senior,Hybrid,107000.0,184746.0,"SQL, Python"
Other Tech Role,Cambridge,California,Senior,Hybrid,125500.0,179989.0,"SQL, Julia, Python"
ML/AI Engineer,Cambridge,California,Senior,Hybrid,115500.0,184746.0,"C++, Julia, SQL, Python"
ML/AI Engineer,Cambridge,California,Senior,On-site,126000.0,329435.0,"Java, R, Julia, Python"
ML/AI Engineer,Cambridge,California,Senior,Hybrid,122000.0,184746.0,"SQL, Python"
ML/AI Engineer,Cambridge,California,Senior,Hybrid,128000.0,184746.0,"C++, Python, Java"
Other Tech Role,Cambridge,California,Senior,Hybrid,110000.0,179989.0,"SQL, R, Go, Python"
ML/AI Engineer,Cambridge,California,Senior,Hybrid,113000.0,184746.0,"SQL, Bash, Python"
ML/AI Engineer,Cambridge,California,Senior,On-site,127500.0,329435.0,"R, Julia, Python"
Other Tech Role,Cambridge,California,Senior,On-site,114000.0,199445.0,"Python, R, Julia"
ML/AI Engineer,Cambridge,California,Senior,On-site,117500.0,329435.0,"C++, SQL, Python"
Other Tech Role,Cambridge,California,Senior,Hybrid,107000.0,179989.0,Python
Data Scientist,Cambridge,California,Senior,Hybrid,117500.0,178502.0,"Java, C++, Bash, Python"
ML/AI Engineer,Cambridge,California,Senior,Hybrid,131000.0,184746.0,"Java, Julia, R, Python"
ML/AI Engineer,Cambridge,California,Senior,Hybrid,126000.0,184746.0,"SQL, R, Python"
ML/AI Engineer,Cambridge,California,Senior,Hybrid,126500.0,184746.0,"Java, Python"
ML/AI Engineer,Cambridge,California,Senior,On-site,128500.0,329435.0,Python
Other Tech Role,Cambridge,California,Senior,On-site,111000.0,199445.0,"Python, SQL, C++"
ML/AI Engineer,Cambridge,California,Senior,On-site,123000.0,329435.0,"Julia, Python"
Other Tech Role,Cambridge,California,Senior,Hybrid,123500.0,179989.0,"Go, Python"
Other Tech Role,Cambridge,California,Senior,Hybrid,127000.0,179989.0,"Python, Bash, SQL"
Other Tech Role,Cambridge,California,Senior,On-site,121000.0,199445.0,"R, Python"
Other Tech Role,Cambridge,California,Senior,Hybrid,130500.0,179989.0,"Python, Java"
ML/AI Engineer,Cambridge,California,Senior,Hybrid,118000.0,184746.0,"Go, Scala, Julia, Python"
Data Engineer,Cambridge,California,Senior,On-site,115500.0,186908.0,"Scala, R, Python"
ML/AI Engineer,Cambridge,California,Senior,Hybrid,120000.0,184746.0,"Julia, R, Java, Python"
Other Tech Role,Cambridge,California,Senior,Hybrid,119500.0,179989.0,"Scala, Python"
Other Tech Role,Cambridge,California,Senior,Hybrid,123000.0,179989.0,"R, Python"
Other Tech Role,Cambridge,California,Senior,Hybrid,132500.0,179989.0,"Python, R, Java"
ML/AI Engineer,Cambridge,California,Senior,On-site,135000.0,329435.0,"SQL, Python"
Other Tech Role,Cambridge,California,Senior,Hybrid,106000.0,179989.0,"C++, Scala, Python"
ML/AI Engineer,Cambridge,California,Senior,Hybrid,129000.0,184746.0,"R, Python"
Data Scientist,Cambridge,California,Senior,On-site,118000.0,174335.0,"C++, Python"
Other Tech Role,Cambridge,California,Senior,Hybrid,123500.0,179989.0,"Python, Julia"
Other Tech Role,Cambridge,California,Senior,Hybrid,131000.0,179989.0,"Scala, R, Python"
Other Tech Role,Cambridge,California,Senior,On-site,124000.0,199445.0,"Go, Scala, Python"
Other Tech Role,Cambridge,California,Senior,Hybrid,124500.0,179989.0,"Julia, SQL, Java"
Other Tech Role,Cambridge,California,Senior,Hybrid,113500.0,179989.0,"Julia, R, Java, Python"
Other Tech Role,Cambridge,California,Senior,Hybrid,129500.0,179989.0,"Scala, Python"
Data Scientist,Cambridge,California,Senior,Hybrid,119000.0,178502.0,"Bash, C++, R, Python"
Other Tech Role,Cambridge,California,Senior,Hybrid,126500.0,179989.0,"R, Julia, SQL, Python"
ML/AI Engineer,Cambridge,California,Senior,Hybrid,119000.0,184746.0,"SQL, Scala, Python"
ML/AI Engineer,Cambridge,California,Senior,Hybrid,109000.0,184746.0,"Scala, Java, Python"
Other Tech Role,Cambridge,California,Senior,On-site,121000.0,199445.0,Python
ML/AI Engineer,Cambridge,California,Senior,Hybrid,122500.0,184746.0,"Julia, R, Python"
ML/AI Engineer,Cambridge,California,Senior,Hybrid,129000.0,184746.0,"Scala, Python"
ML/AI Engineer,Cambridge,California,Senior,On-site,125000.0,329435.0,"Julia, SQL, Bash, Python"
ML/AI Engineer,Cambridge,California,Senior,Hybrid,108000.0,184746.0,"Java, R, Python"
Other Tech Role,Cambridge,California,Senior,Hybrid,130500.0,179989.0,"Python, Java, Go"
Other Tech Role,Cambridge,California,Senior,Hybrid,114500.0,179989.0,"R, Python"
Data Engineer,Cambridge,California,Senior,Hybrid,117500.0,215674.0,"C++, Bash, Go, Python"
ML/AI Engineer,Cambridge,California,Senior,Hybrid,113500.0,184746.0,"Scala, Python"
Other Tech Role,Cambridge,California,Senior,Hybrid,111000.0,179989.0,"Bash, Julia, Python"
Other Tech Role,Cambridge,California,Senior,Hybrid,111500.0,179989.0,"Java, Go, Python"
Other Tech Role,Cambridge,California,Senior,Hybrid,123000.0,179989.0,"Python, Java"
ML/AI Engineer,Cambridge,California,Senior,Hybrid,109500.0,184746.0,"R, Python"
Data Engineer,Cambridge,California,Senior,On-site,118500.0,186908.0,"SQL, Go, Python"
ML/AI Engineer,Cambridge,California,Senior,On-site,125500.0,329435.0,"R, Java, Python"
Other Tech Role,Cambridge,California,Senior,Hybrid,125000.0,179989.0,"Go, Java, Python"
ML/AI Engineer,Cambridge,California,Senior,Hybrid,134000.0,184746.0,"Bash, Go, Java, Python"
Other Tech Role,Cambridge,California,Senior,On-site,125500.0,199445.0,"Scala, Go, Python"
Data Scientist,Cambridge,California,Senior,On-site,125500.0,174335.0,"Go, Python"
ML/AI Engineer,Cambridge,California,Senior,On-site,120500.0,329435.0,"R, Python"
ML/AI Engineer,Cambridge,California,Senior,On-site,123000.0,329435.0,"SQL, R, C++, Python"
Data Scientist,Cambridge,California,Senior,On-site,123500.0,174335.0,"R, Julia"
ML/AI Engineer,Cambridge,California,Senior,Hybrid,113000.0,184746.0,"Python, R"
ML/AI Engineer,Cambridge,California,Senior,Hybrid,122000.0,184746.0,Python
Other Tech Role,Cambridge,California,Senior,On-site,127000.0,199445.0,"Bash, SQL, Python"
ML/AI Engineer,Cambridge,California,Senior,On-site,118000.0,329435.0,C++
Data Scientist,Cambridge,California,Senior,On-site,116500.0,174335.0,"Python, Java"
Other Tech Role,Cambridge,California,Senior,Hybrid,105000.0,179989.0,"Julia, R, Python"
Other Tech Role,Cambridge,California,Senior,Hybrid,121500.0,179989.0,"Java, Scala, Bash, Python"
ML/AI Engineer,Cambridge,California,Senior,Hybrid,130000.0,184746.0,"Scala, Go, Python"
Other Tech Role,Cambridge,California,Senior,Hybrid,113000.0,179989.0,"SQL, Python"
Other Tech Role,Cambridge,California,Senior,Hybrid,117000.0,179989.0,"R, Python"
Data Engineer,Cambridge,California,Senior,Hybrid,106500.0,215674.0,"Scala, Python"
ML/AI Engineer,Cambridge,California,Senior,Hybrid,133500.0,184746.0,"Julia, R, Bash, Python"
ML/AI Engineer,Cambridge,California,Senior,Hybrid,107500.0,184746.0,"C++, Java, Python"
Other Tech Role,Cambridge,California,Senior,On-site,105000.0,199445.0,"Scala, SQL, Python"
ML/AI Engineer,Cambridge,California,Senior,Hybrid,125000.0,184746.0,"Go, C++, Python"
ML/AI Engineer,Cambridge,California,Senior,On-site,117500.0,329435.0,"Go, Python"
ML/AI Engineer,Cambridge,California,Senior,Hybrid,128000.0,184746.0,"R, Python"
ML/AI Engineer,Cambridge,California,Senior,Hybrid,126500.0,184746.0,"Go, R, Scala, Python"
Other Tech Role,Cambridge,California,Senior,Hybrid,125000.0,179989.0,"R, Scala, Python"
Other Tech Role,Cambridge,California,Senior,Hybrid,120500.0,179989.0,"C++, R, Python"
ML/AI Engineer,Cambridge,California,Senior,Hybrid,118000.0,184746.0,"R, Python"
Other Tech Role,Cambridge,California,Senior,Hybrid,121000.0,179989.0,"Java, Go, Scala, Python"
Other Tech Role,Cambridge,California,Senior,Hybrid,121500.0,179989.0,"Scala, Python"
ML/AI Engineer,Cambridge,California,Senior,On-site,107500.0,329435.0,"SQL, Bash, Go, Python"
ML/AI Engineer,Cambridge,California,Senior,Hybrid,111000.0,184746.0,"SQL, Julia, Scala, Python"
Other Tech Role,Cambridge,California,Senior,Hybrid,117500.0,179989.0,"Java, Python"
ML/AI Engineer,Cambridge,California,Senior,On-site,121500.0,329435.0,"Java, Bash, Python"
Other Tech Role,Cambridge,California,Senior,Hybrid,108500.0,179989.0,"R, Julia, Python"
ML/AI Engineer,Cambridge,California,Senior,On-site,120000.0,329435.0,"Python, Bash"
ML/AI Engineer,Cambridge,California,Senior,On-site,112000.0,329435.0,"R, Python"
ML/AI Engineer,Cambridge,California,Senior,Hybrid,125500.0,184746.0,"Scala, Python, Julia"
Data Engineer,Cambridge,California,Senior,Hybrid,126000.0,215674.0,"Python, R, SQL"
ML/AI Engineer,Cambridge,California,Senior,Hybrid,126500.0,184746.0,"Bash, C++, Python"
ML/AI Engineer,Cambridge,California,Senior,Hybrid,129000.0,184746.0,"R, Go, Python"
ML/AI Engineer,Cambridge,California,Senior,Hybrid,119000.0,184746.0,"Bash, Julia, Go, Python"
Other Tech Role,Cambridge,California,Senior,Hybrid,137000.0,179989.0,"Java, R, Python"
Data Scientist,Cambridge,California,Senior,Hybrid,113500.0,178502.0,"Julia, SQL, R, Python"
ML/AI Engineer,Cambridge,California,Senior,Hybrid,121500.0,184746.0,"SQL, C++, R, Python"
Other Tech Role,Cambridge,California,Senior,Hybrid,114500.0,179989.0,"Go, Python"
ML/AI Engineer,Cambridge,California,Senior,Hybrid,125500.0,184746.0,"Scala, Python"
ML/AI Engineer,Cambridge,California,Senior,On-site,125000.0,329435.0,"Bash, Go, Python"
ML/AI Engineer,Cambridge,California,Senior,On-site,130000.0,329435.0,"R, Python"
ML/AI Engineer,Cambridge,California,Senior,On-site,134000.0,329435.0,"Julia, Python"
Other Tech Role,Cambridge,California,Senior,On-site,109000.0,199445.0,Python
Other Tech Role,Cambridge,California,Senior,On-site,129000.0,199445.0,"SQL, Python"
ML/AI Engineer,Cambridge,California,Senior,On-site,133500.0,329435.0,"Java, Python"
Other Tech Role,Cambridge,California,Senior,Hybrid,126500.0,179989.0,"Bash, C++, Python"
Data Scientist,Cambridge,California,Senior,Hybrid,107500.0,178502.0,"SQL, Python"
ML/AI Engineer,Cambridge,California,Senior,Hybrid,126000.0,184746.0,"Python, Scala"
Other Tech Role,Cambridge,California,Senior,Hybrid,121500.0,179989.0,"Go, Python, Scala"
ML/AI Engineer,Cambridge,California,Senior,Hybrid,106000.0,184746.0,"Java, C++, Python"
ML/AI Engineer,Cambridge,California,Senior,Hybrid,118000.0,184746.0,"Python, SQL"
ML/AI Engineer,Cambridge,California,Senior,Hybrid,116500.0,184746.0,"Go, R, Python"
Other Tech Role,Cambridge,California,Senior,On-site,113000.0,199445.0,"Scala, Bash, Python"
Other Tech Role,Cambridge,California,Senior,Hybrid,114500.0,179989.0,"Scala, Julia, Python"
Data Scientist,Cambridge,California,Senior,Hybrid,130500.0,178502.0,"C++, Python"
Other Tech Role,Cambridge,California,Senior,On-site,124000.0,199445.0,"SQL, R, Python"
ML/AI Engineer,Cambridge,California,Senior,On-site,121000.0,329435.0,"Scala, R, Go, Python"
ML/AI Engineer,Cambridge,California,Senior,Hybrid,107500.0,184746.0,"Bash, C++, Python"
Other Tech Role,Cambridge,California,Senior,On-site,110000.0,199445.0,Python
ML/AI Engineer,Cambridge,California,Senior,On-site,132500.0,329435.0,"Julia, R, Python"
Data Scientist,Cambridge,California,Senior,Hybrid,122000.0,178502.0,"Java, R, Python"
Other Tech Role,Cambridge,California,Senior,Hybrid,116000.0,179989.0,"Julia, C++, Python"
Other Tech Role,Cambridge,California,Senior,Hybrid,111500.0,179989.0,"Python, Julia, Bash"
ML/AI Engineer,Cambridge,California,Senior,Hybrid,123000.0,184746.0,"Java, Python"
Data Scientist,Cambridge,California,Senior,Hybrid,125500.0,178502.0,"Scala, C++, Python"
ML/AI Engineer,Cambridge,California,Senior,Hybrid,119500.0,184746.0,"Julia, Python"
Other Tech Role,Cambridge,California,Senior,Hybrid,107500.0,179989.0,"Python, SQL, Julia"
Other Tech Role,Cambridge,California,Senior,On-site,114000.0,199445.0,"SQL, Python"
Other Tech Role,Cambridge,California,Senior,Hybrid,103500.0,179989.0,"SQL, Julia, Python"
Other Tech Role,Cambridge,California,Senior,Hybrid,121500.0,179989.0,"R, Scala, Bash, Python"
ML/AI Engineer,Cambridge,California,Senior,On-site,117500.0,329435.0,"R, Python"
Other Tech Role,Cambridge,California,Senior,Hybrid,114500.0,179989.0,"Bash, Go, Python"
Other Tech Role,Cambridge,California,Senior,Hybrid,131500.0,179989.0,"Bash, R, SQL, Python"
Other Tech Role,Cambridge,California,Senior,On-site,127500.0,199445.0,"Go, Python"
Other Tech Role,Cambridge,California,Senior,Hybrid,136000.0,179989.0,"R, SQL, Bash, Python"
Other Tech Role,Cambridge,California,Senior,On-site,113000.0,199445.0,"Go, Bash, Julia, Python"
Data Engineer,Cambridge,California,Senior,On-site,108000.0,186908.0,"C++, Java, Bash, Python"
ML/AI Engineer,Cambridge,California,Senior,On-site,123000.0,329435.0,"Scala, R, Python"
Other Tech Role,Cambridge,California,Senior,On-site,114500.0,199445.0,"SQL, Bash, C++, Python"
ML/AI Engineer,Cambridge,California,Senior,On-site,120000.0,329435.0,"SQL, Bash, Python"
Other Tech Role,Cambridge,California,Senior,Hybrid,129000.0,179989.0,"Bash, Go, SQL, Python"
ML/AI Engineer,Cambridge,California,Senior,On-site,120500.0,329435.0,"Python, R, SQL"
ML/AI Engineer,Cambridge,California,Senior,On-site,121000.0,329435.0,"C++, Python"
ML/AI Engineer,Cambridge,California,Senior,Hybrid,121000.0,184746.0,"Scala, C++, R, Python"
ML/AI Engineer,Cambridge,California,Senior,Hybrid,133500.0,184746.0,"R, Go, Python"
Data Scientist,Cambridge,California,Senior,On-site,116500.0,174335.0,"Java, Go, Python"
Other Tech Role,Cambridge,California,Senior,Hybrid,126500.0,179989.0,"Scala, R, Python"
Other Tech Role,Cambridge,California,Senior,Hybrid,113500.0,179989.0,"Go, Python"
Data Engineer,"Chicago, IL",California,Senior,Hybrid,233000.0,215674.0,"Scala, C++, Python"
Other Tech Role,"Chicago, IL",California,Senior,On-site,220000.0,199445.0,"Java, SQL, Bash, Python"
ML/AI Engineer,"Chicago, IL",California,Senior,Hybrid,235000.0,184746.0,"Bash, Go, Python"
Other Tech Role,"Chicago, IL",California,Senior,Hybrid,217500.0,179989.0,"Julia, C++, Python"
ML/AI Engineer,"Chicago, IL",California,Senior,On-site,232000.0,329435.0,"Bash, Scala, Python"
Other Tech Role,"Chicago, IL",California,Senior,Hybrid,214000.0,179989.0,"Scala, Python"
ML/AI Engineer,"Chicago, IL",California,Senior,Hybrid,246000.0,184746.0,"SQL, Python"
Other Tech Role,"Chicago, IL",California,Senior,Hybrid,235500.0,179989.0,"Go, R, Python"
ML/AI Engineer,"Chicago, IL",California,Senior,Hybrid,233500.0,184746.0,"SQL, Python"
ML/AI Engineer,"Chicago, IL",California,Senior,Hybrid,247000.0,184746.0,"Bash, C++, Python"
ML/AI Engineer,"Chicago, IL",California,Senior,On-site,261000.0,329435.0,"Bash, Python"
ML/AI Engineer,"Chicago, IL",California,Senior,Hybrid,241500.0,184746.0,"Scala, Julia, Python"
Data Engineer,"Chicago, IL",California,Senior,Hybrid,238500.0,215674.0,"SQL, Go, Python"
Other Tech Role,"Chicago, IL",California,Senior,Hybrid,198500.0,179989.0,"Bash, Julia, Python"
ML/AI Engineer,"Chicago, IL",California,Senior,On-site,232000.0,329435.0,Python
Other Tech Role,"Chicago, IL",California,Senior,Hybrid,247000.0,179989.0,"Python, Bash"
ML/AI Engineer,"Chicago, IL",California,Senior,On-site,256500.0,329435.0,Python
ML/AI Engineer,"Chicago, IL",California,Senior,On-site,260000.0,329435.0,Python
Other Tech Role,"Chicago, IL",California,Senior,On-site,230000.0,199445.0,"Julia, Python"
ML/AI Engineer,"Chicago, IL",California,Senior,Hybrid,233500.0,184746.0,"SQL, Go, Python"
Data Engineer,"Chicago, IL",California,Senior,On-site,248500.0,186908.0,"C++, SQL, Scala, Python"
ML/AI Engineer,"Chicago, IL",California,Senior,On-site,255500.0,329435.0,"Go, R, C++, Python"
Other Tech Role,"Chicago, IL",California,Senior,Hybrid,209500.0,179989.0,"R, Python"
Other Tech Role,"Chicago, IL",California,Senior,Hybrid,202500.0,179989.0,"Julia, Scala, Python"
ML/AI Engineer,"Chicago, IL",California,Senior,On-site,217500.0,329435.0,"C++, Scala, Python"
Other Tech Role,"Chicago, IL",California,Senior,Hybrid,235500.0,179989.0,"C++, Java, Python"
Other Tech Role,"Chicago, IL",California,Senior,On-site,233500.0,199445.0,"Bash, Scala, Go, Python"
ML/AI Engineer,"Chicago, IL",California,Senior,Hybrid,244000.0,184746.0,"Julia, Python"
ML/AI Engineer,"Chicago, IL",California,Senior,On-site,222500.0,329435.0,"C++, Java, Python"
Data Scientist,"Chicago, IL",California,Senior,Hybrid,232000.0,178502.0,"C++, Bash, Python"
Other Tech Role,"Chicago, IL",California,Senior,Hybrid,216500.0,179989.0,"SQL, C++, Python"
ML/AI Engineer,"Chicago, IL",California,Senior,Hybrid,242000.0,184746.0,"Bash, R, Scala, Python"
Other Tech Role,"Chicago, IL",California,Senior,Hybrid,225000.0,179989.0,"Java, Bash, Julia, Python"
Data Scientist,"Chicago, IL",California,Senior,Hybrid,234500.0,178502.0,"SQL, R, Go"
Other Tech Role,"Chicago, IL",California,Senior,On-site,223000.0,199445.0,"Julia, Java, Python"
ML/AI Engineer,"Chicago, IL",California,Senior,Hybrid,254500.0,184746.0,"Julia, Go, Bash, Python"
Other Tech Role,"Chicago, IL",California,Senior,On-site,224500.0,199445.0,Python
Other Tech Role,"Chicago, IL",California,Senior,On-site,247000.0,199445.0,"SQL, Python"
ML/AI Engineer,"Chicago, IL",California,Senior,Hybrid,224500.0,184746.0,"C++, Python"
Other Tech Role,"Chicago, IL",California,Senior,Hybrid,209000.0,179989.0,"Go, SQL, Python"
Other Tech Role,"Chicago, IL",California,Senior,Hybrid,241500.0,179989.0,"Java, R, Python"
ML/AI Engineer,"Chicago, IL",California,Senior,Hybrid,239500.0,184746.0,"SQL, Bash, Python"
Data Engineer,"Chicago, IL",California,Senior,Hybrid,216000.0,215674.0,"R, Python"
Data Engineer,"Chicago, IL",California,Senior,Hybrid,245500.0,215674.0,"Julia, Scala, Go, Python"
Other Tech Role,"Chicago, IL",California,Senior,On-site,211000.0,199445.0,"SQL, Bash, C++, Python"
Other Tech Role,"Chicago, IL",California,Senior,On-site,202500.0,199445.0,"Bash, Julia, SQL, Python"
ML/AI Engineer,"Chicago, IL",California,Senior,Hybrid,222000.0,184746.0,"R, Python"
ML/AI Engineer,"Chicago, IL",California,Senior,On-site,241500.0,329435.0,"Bash, Python"
Other Tech Role,"Chicago, IL",California,Senior,Hybrid,213500.0,179989.0,"Python, SQL, Julia"
Other Tech Role,"Chicago, IL",California,Senior,Hybrid,250500.0,179989.0,"R, Java, Julia, Python"
Other Tech Role,"Chicago, IL",California,Senior,Hybrid,224500.0,179989.0,"Scala, Julia, Python"
Other Tech Role,"Chicago, IL",California,Senior,Hybrid,244500.0,179989.0,"R, Python"
Other Tech Role,"Chicago, IL",California,Senior,Hybrid,233500.0,179989.0,"Java, Julia, Python"
Other Tech Role,"Chicago, IL",California,Senior,Hybrid,228000.0,179989.0,"SQL, Bash, Python"
ML/AI Engineer,"Chicago, IL",California,Senior,Hybrid,210000.0,184746.0,"C++, Python"
Other Tech Role,"Chicago, IL",California,Senior,On-site,239500.0,199445.0,"C++, Python"
Data Scientist,"Chicago, IL",California,Senior,Hybrid,222000.0,178502.0,"Scala, C++, Go, Python"
Other Tech Role,"Chicago, IL",California,Senior,Hybrid,224500.0,179989.0,"R, Scala, Python"
ML/AI Engineer,"Chicago, IL",California,Senior,Hybrid,231500.0,184746.0,"C++, Python"
ML/AI Engineer,"Chicago, IL",California,Senior,On-site,230500.0,329435.0,"Julia, Python"
ML/AI Engineer,"Chicago, IL",California,Senior,On-site,236000.0,329435.0,"Java, Python, C++"
ML/AI Engineer,"Chicago, IL",California,Senior,Hybrid,229500.0,184746.0,"Bash, Python"
ML/AI Engineer,"Chicago, IL",California,Senior,Hybrid,236000.0,184746.0,"Scala, Go, Python"
Other Tech Role,"Chicago, IL",California,Senior,On-site,219500.0,199445.0,"Java, Bash, Python"
Other Tech Role,"Chicago, IL",California,Senior,On-site,236500.0,199445.0,"Java, SQL, Julia, Python"
ML/AI Engineer,"Chicago, IL",California,Senior,On-site,253000.0,329435.0,"Julia, Python"
ML/AI Engineer,"Chicago, IL",California,Senior,Hybrid,203500.0,184746.0,Python
ML/AI Engineer,"Chicago, IL",California,Senior,Hybrid,249000.0,184746.0,"Scala, Bash, R, Python"
Other Tech Role,"Chicago, IL",California,Senior,On-site,249000.0,199445.0,"SQL, Python"
Other Tech Role,"Chicago, IL",California,Senior,Hybrid,220000.0,179989.0,"Java, Bash, Python"
ML/AI Engineer,"Chicago, IL",California,Senior,Hybrid,231000.0,184746.0,"Go, Python"
ML/AI Engineer,"Chicago, IL",California,Senior,Hybrid,237500.0,184746.0,"SQL, Python"
ML/AI Engineer,"Chicago, IL",California,Senior,Hybrid,218500.0,184746.0,"Julia, Java, R"
Other Tech Role,"Chicago, IL",California,Senior,On-site,223000.0,199445.0,"Go, Python"
Other Tech Role,"Chicago, IL",California,Senior,On-site,221500.0,199445.0,"Go, Julia, Python"
Data Scientist,"Chicago, IL",California,Senior,On-site,244000.0,174335.0,"SQL, Go, Python"
Other Tech Role,"Chicago, IL",California,Senior,On-site,224000.0,199445.0,"Go, Julia, Python"
ML/AI Engineer,"Chicago, IL",California,Senior,On-site,239500.0,329435.0,"Julia, Bash, Python"
Other Tech Role,"Chicago, IL",California,Senior,Hybrid,246000.0,179989.0,"Python, Scala"
ML/AI Engineer,"Chicago, IL",California,Senior,On-site,210500.0,329435.0,"Scala, Python, Java"
ML/AI Engineer,"Chicago, IL",California,Senior,Hybrid,217000.0,184746.0,"R, Python"
Data Scientist,"Chicago, IL",California,Senior,On-site,246000.0,174335.0,"Go, C++, Python"
Other Tech Role,"Chicago, IL",California,Senior,Hybrid,219500.0,179989.0,"R, C++, Python"
ML/AI Engineer,"Chicago, IL",California,Senior,Hybrid,240000.0,184746.0,"Java, R, Python"
ML/AI Engineer,"Chicago, IL",California,Senior,Hybrid,227000.0,184746.0,"Python, R"
ML/AI Engineer,"Chicago, IL",California,Senior,Hybrid,233000.0,184746.0,"Scala, Python, C++"
Other Tech Role,"Chicago, IL",California,Senior,On-site,246500.0,199445.0,"Julia, Python"
Other Tech Role,"Chicago, IL",California,Senior,On-site,251000.0,199445.0,"Bash, Python"
ML/AI Engineer,"Denver, CO",Other US,Senior,Hybrid,246000.0,178877.0,"Julia, Python"
Other Tech Role,"Denver, CO",Other US,Senior,Hybrid,218500.0,180380.0,"Python, SQL"
Data Engineer,"Denver, CO",Other US,Senior,On-site,233000.0,191216.0,"Julia, Python"
Other Tech Role,"Denver, CO",Other US,Senior,Hybrid,216500.0,180380.0,"Python, Bash, SQL"
ML/AI Engineer,"Denver, CO",Other US,Senior,On-site,236000.0,184620.0,"R, Bash, Python"
Other Tech Role,"Denver, CO",Other US,Senior,On-site,232000.0,187394.0,"Scala, Bash, Python"
ML/AI Engineer,"Denver, CO",Other US,Senior,On-site,241500.0,184620.0,"C++, Python"
ML/AI Engineer,"Denver, CO",Other US,Senior,Hybrid,235000.0,178877.0,"SQL, Java, C++, Python"
Data Scientist,"Denver, CO",Other US,Senior,Hybrid,226500.0,180558.0,"C++, Scala, SQL, Python"
ML/AI Engineer,"Denver, CO",Other US,Senior,On-site,221500.0,184620.0,"Go, Java, Scala, Python"
Other Tech Role,"Denver, CO",Other US,Senior,On-site,246500.0,187394.0,"Python, Julia, Bash"
ML/AI Engineer,"Denver, CO",Other US,Senior,On-site,239500.0,184620.0,"Scala, Python"
Other Tech Role,"Denver, CO",Other US,Senior,Hybrid,222000.0,180380.0,"Java, Python"
Other Tech Role,"Denver, CO",Other US,Senior,On-site,230000.0,187394.0,"Scala, Python"
Other Tech Role,"Denver, CO",Other US,Senior,On-site,246500.0,187394.0,"SQL, C++, Python"
ML/AI Engineer,"Denver, CO",Other US,Senior,Hybrid,242000.0,178877.0,"R, Python"
Other Tech Role,"Denver, CO",Other US,Senior,Hybrid,219500.0,180380.0,"C++, Python"
Other Tech Role,"Denver, CO",Other US,Senior,Hybrid,226500.0,180380.0,"C++, Python"
Other Tech Role,"Denver, CO",Other US,Senior,On-site,223000.0,187394.0,"R, Python"
ML/AI Engineer,"Denver, CO",Other US,Senior,Hybrid,248000.0,178877.0,"Julia, Python"
ML/AI Engineer,"Denver, CO",Other US,Senior,On-site,236000.0,184620.0,"Julia, R, Scala"
ML/AI Engineer,"Denver, CO",Other US,Senior,Hybrid,217000.0,178877.0,"Java, Scala, Python"
Other Tech Role,"Denver, CO",Other US,Senior,Hybrid,256000.0,180380.0,"C++, SQL, Python"
Other Tech Role,"Denver, CO",Other US,Senior,Hybrid,206500.0,180380.0,"C++, Python, Julia"
Other Tech Role,"Denver, CO",Other US,Senior,On-site,207500.0,187394.0,"R, Python"
ML/AI Engineer,"Denver, CO",Other US,Senior,Hybrid,204000.0,178877.0,"Scala, Go, Python"
Other Tech Role,"Denver, CO",Other US,Senior,On-site,234000.0,187394.0,"C++, Python"
Other Tech Role,"Denver, CO",Other US,Senior,On-site,259500.0,187394.0,"Scala, Python"
ML/AI Engineer,"Denver, CO",Other US,Senior,Hybrid,230500.0,178877.0,"Scala, Python"
ML/AI Engineer,"Denver, CO",Other US,Senior,Hybrid,236500.0,178877.0,"R, Python"
Data Scientist,"Denver, CO",Other US,Senior,On-site,230500.0,178493.0,"Julia, Python"
Data Engineer,"Denver, CO",Other US,Senior,On-site,239500.0,191216.0,"Julia, Python"
Other Tech Role,"Denver, CO",Other US,Senior,On-site,245500.0,187394.0,"Bash, Python"
ML/AI Engineer,"Denver, CO",Other US,Senior,Hybrid,215500.0,178877.0,"Julia, Python"
Other Tech Role,"Denver, CO",Other US,Senior,Hybrid,240000.0,180380.0,"Java, C++, Bash, Python"
ML/AI Engineer,"Denver, CO",Other US,Senior,On-site,232000.0,184620.0,"Bash, Python"
ML/AI Engineer,"Denver, CO",Other US,Senior,Hybrid,210000.0,178877.0,"Bash, Python"
Other Tech Role,"Denver, CO",Other US,Senior,Hybrid,231500.0,180380.0,"Bash, C++, Java"
Other Tech Role,"Denver, CO",Other US,Senior,Hybrid,223500.0,180380.0,"R, Python"
Other Tech Role,"Denver, CO",Other US,Senior,Hybrid,206500.0,180380.0,"Bash, Python"
ML/AI Engineer,"Denver, CO",Other US,Senior,Hybrid,248500.0,178877.0,"C++, Python"
Other Tech Role,"Denver, CO",Other US,Senior,Hybrid,227000.0,180380.0,"C++, Julia, Python"
Other Tech Role,"Denver, CO",Other US,Senior,Hybrid,236000.0,180380.0,"Go, R, Python"
Other Tech Role,"Denver, CO",Other US,Senior,On-site,239000.0,187394.0,"Go, R, Python"
Other Tech Role,"Denver, CO",Other US,Senior,On-site,250500.0,187394.0,"Python, Bash"
Other Tech Role,"Denver, CO",Other US,Senior,Hybrid,218500.0,180380.0,"Julia, Bash, SQL, Python"
Other Tech Role,"Denver, CO",Other US,Senior,On-site,216000.0,187394.0,"Go, C++, Python"
Other Tech Role,"Denver, CO",Other US,Senior,On-site,225500.0,187394.0,"C++, Python"
Other Tech Role,"Denver, CO",Other US,Senior,On-site,219500.0,187394.0,"Java, Scala, Python"
ML/AI Engineer,"Denver, CO",Other US,Senior,Hybrid,243500.0,178877.0,"Scala, Python"
ML/AI Engineer,"Denver, CO",Other US,Senior,On-site,244500.0,184620.0,"R, Python"
Data Scientist,"Denver, CO",Other US,Senior,On-site,233500.0,178493.0,"C++, Python"
ML/AI Engineer,"Denver, CO",Other US,Senior,Hybrid,262500.0,178877.0,"SQL, Python"
Other Tech Role,"Denver, CO",Other US,Senior,On-site,212500.0,187394.0,"Go, SQL, Python"
Other Tech Role,"Denver, CO",Other US,Senior,On-site,220000.0,187394.0,"Java, R, Go, Python"
ML/AI Engineer,"Denver, CO",Other US,Senior,On-site,258500.0,184620.0,"Java, Python"
Other Tech Role,"Denver, CO",Other US,Senior,Hybrid,215000.0,180380.0,"C++, SQL, Python"
ML/AI Engineer,"Denver, CO",Other US,Senior,On-site,228500.0,184620.0,"R, Python"
ML/AI Engineer,"Denver, CO",Other US,Senior,Hybrid,237500.0,178877.0,"Go, Python, Java"
ML/AI Engineer,"Denver, CO",Other US,Senior,Hybrid,213500.0,178877.0,"SQL, Julia, Scala, Python"
ML/AI Engineer,"Denver, CO",Other US,Senior,Hybrid,215500.0,178877.0,"Go, Java, Python"
Other Tech Role,"Denver, CO",Other US,Senior,Hybrid,230000.0,180380.0,"R, Python"
Other Tech Role,"Denver, CO",Other US,Senior,Hybrid,233500.0,180380.0,"Julia, Bash, Python"
ML/AI Engineer,"Denver, CO",Other US,Senior,Hybrid,238000.0,178877.0,"Scala, SQL, Julia, Python"
Other Tech Role,"Denver, CO",Other US,Senior,On-site,220500.0,187394.0,"SQL, Scala"
Data Engineer,"Denver, CO",Other US,Senior,Hybrid,228000.0,174421.0,"Python, C++, Java"
ML/AI Engineer,"Denver, CO",Other US,Senior,On-site,212500.0,184620.0,"Scala, Python"
ML/AI Engineer,"Denver, CO",Other US,Senior,On-site,241000.0,184620.0,"Java, SQL, Scala, Python"
ML/AI Engineer,"Denver, CO",Other US,Senior,Hybrid,247500.0,178877.0,"Scala, Python, Go"
Other Tech Role,"Denver, CO",Other US,Senior,Hybrid,247500.0,180380.0,"C++, Python"
ML/AI Engineer,"Denver, CO",Other US,Senior,Hybrid,236000.0,178877.0,"Scala, Python"
Other Tech Role,"Denver, CO",Other US,Senior,Hybrid,225500.0,180380.0,"C++, Julia, Python"
Other Tech Role,"Denver, CO",Other US,Senior,Hybrid,242000.0,180380.0,"Java, Python"
ML/AI Engineer,"Denver, CO",Other US,Senior,Hybrid,259000.0,178877.0,"C++, Python"
Other Tech Role,"Denver, CO",Other US,Senior,On-site,218000.0,187394.0,"SQL, Python"
Data Scientist,"Denver, CO",Other US,Senior,Hybrid,227500.0,180558.0,"Julia, Python"
Other Tech Role,"Denver, CO",Other US,Senior,Hybrid,230500.0,180380.0,"Scala, Bash, Python"
Other Tech Role,"Denver, CO",Other US,Senior,Hybrid,252000.0,180380.0,"Go, Python"
ML/AI Engineer,"Denver, CO",Other US,Senior,Hybrid,238500.0,178877.0,"Julia, Bash, Python"
Other Tech Role,"Denver, CO",Other US,Senior,Hybrid,252000.0,180380.0,"C++, SQL, Python"
Other Tech Role,"Denver, CO",Other US,Senior,On-site,225000.0,187394.0,"Go, Python"
Data Engineer,"Denver, CO",Other US,Senior,Hybrid,251000.0,174421.0,"Scala, C++, Python"
ML/AI Engineer,"Denver, CO",Other US,Senior,On-site,241500.0,184620.0,"R, Bash, Python"
Other Tech Role,"Denver, CO",Other US,Senior,Hybrid,217500.0,180380.0,"C++, Java, Scala, Python"
ML/AI Engineer,"Denver, CO",Other US,Senior,Hybrid,244500.0,178877.0,"R, Scala, Java, Python"
Other Tech Role,"Denver, CO",Other US,Senior,Hybrid,264000.0,180380.0,"Bash, Python"
Data Scientist,"Denver, CO",Other US,Senior,Hybrid,220500.0,180558.0,"R, Go, Scala, Python"
Other Tech Role,"Denver, CO",Other US,Senior,Hybrid,226000.0,180380.0,"Julia, R, Python"
Other Tech Role,"Denver, CO",Other US,Senior,Hybrid,216500.0,180380.0,"R, Bash, Go, Python"
Other Tech Role,"Denver, CO",Other US,Senior,On-site,251000.0,187394.0,"R, SQL, Scala, Python"
Other Tech Role,"Denver, CO",Other US,Senior,Hybrid,236000.0,180380.0,"Python, Go"
Data Scientist,"Denver, CO",Other US,Senior,On-site,206000.0,178493.0,"Julia, SQL, Python"
ML/AI Engineer,"Denver, CO",Other US,Senior,Hybrid,226500.0,178877.0,"R, Scala, Python"
Other Tech Role,"Denver, CO",Other US,Senior,Hybrid,251000.0,180380.0,"Scala, SQL, Java, Python"
Other Tech Role,"Denver, CO",Other US,Senior,On-site,255500.0,187394.0,"Java, Julia, Python"
ML/AI Engineer,"Denver, CO",Other US,Senior,Hybrid,229500.0,178877.0,"Java, Python"
ML/AI Engineer,"Los Angeles, CA",California,Senior,On-site,218500.0,329435.0,"Python, C++, Bash"
ML/AI Engineer,"Los Angeles, CA",California,Senior,On-site,208000.0,329435.0,"Java, Python"
ML/AI Engineer,"Los Angeles, CA",California,Senior,On-site,222000.0,329435.0,"C++, Go, Python"
Other Tech Role,"Los Angeles, CA",California,Senior,On-site,218500.0,199445.0,"SQL, Python"
Data Scientist,"Los Angeles, CA",California,Senior,Hybrid,237500.0,178502.0,Python
Other Tech Role,"Los Angeles, CA",California,Senior,On-site,240000.0,199445.0,"Java, Scala, Python"
Data Engineer,"Los Angeles, CA",California,Senior,Hybrid,255000.0,215674.0,"R, Python"
ML/AI Engineer,"Los Angeles, CA",California,Senior,On-site,204500.0,329435.0,"Java, Python"
ML/AI Engineer,"Los Angeles, CA",California,Senior,On-site,218500.0,329435.0,"Julia, Python"
Other Tech Role,"Los Angeles, CA",California,Senior,Hybrid,238000.0,179989.0,Python
Other Tech Role,"Los Angeles, CA",California,Senior,On-site,236000.0,199445.0,"Julia, SQL, Python"
Other Tech Role,"Los Angeles, CA",California,Senior,On-site,220000.0,199445.0,"Julia, Bash, Python"
Data Scientist,"Los Angeles, CA",California,Senior,Hybrid,208000.0,178502.0,"Java, C++, Julia, Python"
Data Engineer,"Los Angeles, CA",California,Senior,Hybrid,230500.0,215674.0,"SQL, Python"
Data Scientist,"Los Angeles, CA",California,Senior,Hybrid,242500.0,178502.0,"R, SQL, Julia, Python"
ML/AI Engineer,"Los Angeles, CA",California,Senior,Hybrid,251000.0,184746.0,"Scala, C++, Go, Python"
Other Tech Role,"Los Angeles, CA",California,Senior,On-site,255000.0,199445.0,"Java, R, Go, Python"
ML/AI Engineer,"Los Angeles, CA",California,Senior,On-site,236000.0,329435.0,"Scala, Java, Python"
Other Tech Role,"Los Angeles, CA",California,Senior,On-site,214000.0,199445.0,"Java, Python"
Other Tech Role,"Los Angeles, CA",California,Senior,On-site,211000.0,199445.0,"Julia, Python"
Other Tech Role,"Los Angeles, CA",California,Senior,Hybrid,222500.0,179989.0,"Bash, Python"
ML/AI Engineer,"Los Angeles, CA",California,Senior,On-site,216500.0,329435.0,"Julia, Python"
Other Tech Role,"Los Angeles, CA",California,Senior,Hybrid,219000.0,179989.0,"Julia, C++"
ML/AI Engineer,"Los Angeles, CA",California,Senior,On-site,247500.0,329435.0,"Python, Scala, Java"
ML/AI Engineer,"Los Angeles, CA",California,Senior,On-site,201500.0,329435.0,"R, Julia, Python"
Other Tech Role,"Los Angeles, CA",California,Senior,On-site,250000.0,199445.0,"SQL, Python"
ML/AI Engineer,"Los Angeles, CA",California,Senior,On-site,251000.0,329435.0,"R, Java, C++, Python"
Other Tech Role,"Los Angeles, CA",California,Senior,On-site,219000.0,199445.0,"Julia, Python"
ML/AI Engineer,"Los Angeles, CA",California,Senior,Hybrid,220000.0,184746.0,"Java, Go, Bash, Python"
Data Engineer,"Los Angeles, CA",California,Senior,Hybrid,257000.0,215674.0,"Julia, Go, Python"
ML/AI Engineer,"Los Angeles, CA",California,Senior,On-site,240000.0,329435.0,"C++, Python"
Other Tech Role,"Los Angeles, CA",California,Senior,On-site,227500.0,199445.0,"Go, Python"
ML/AI Engineer,"Los Angeles, CA",California,Senior,Hybrid,222000.0,184746.0,"Go, Python"
ML/AI Engineer,"Los Angeles, CA",California,Senior,On-site,235000.0,329435.0,"SQL, R, Python"
ML/AI Engineer,"Los Angeles, CA",California,Senior,Hybrid,219000.0,184746.0,"Scala, C++, R"
Other Tech Role,"Los Angeles, CA",California,Senior,On-site,222000.0,199445.0,"Julia, Scala, Python"
ML/AI Engineer,"Los Angeles, CA",California,Senior,Hybrid,233000.0,184746.0,"R, C++, Bash, Python"
Other Tech Role,"Los Angeles, CA",California,Senior,On-site,238000.0,199445.0,"SQL, Python"
Data Scientist,"Los Angeles, CA",California,Senior,On-site,235500.0,174335.0,"Scala, Java, SQL, Python"
Other Tech Role,"Los Angeles, CA",California,Senior,On-site,236000.0,199445.0,"SQL, Python"
ML/AI Engineer,"Los Angeles, CA",California,Senior,Hybrid,233000.0,184746.0,"Go, Python"
ML/AI Engineer,"Los Angeles, CA",California,Senior,Hybrid,241000.0,184746.0,"Julia, Go, Python"
ML/AI Engineer,"Los Angeles, CA",California,Senior,On-site,240000.0,329435.0,"SQL, Python"
ML/AI Engineer,"Los Angeles, CA",California,Senior,On-site,231000.0,329435.0,"C++, R, Python"
Other Tech Role,"Los Angeles, CA",California,Senior,Hybrid,256000.0,179989.0,"C++, SQL, Python"
Data Engineer,"Los Angeles, CA",California,Senior,On-site,207500.0,186908.0,"C++, Python"
Other Tech Role,"Los Angeles, CA",California,Senior,On-site,238000.0,199445.0,"C++, Julia, Python"
ML/AI Engineer,"Los Angeles, CA",California,Senior,Hybrid,233500.0,184746.0,"Scala, Julia, Go, Python"
Other Tech Role,"Los Angeles, CA",California,Senior,On-site,248000.0,199445.0,"R, SQL, Java, Python"
ML/AI Engineer,"Los Angeles, CA",California,Senior,Hybrid,219000.0,184746.0,"Julia, R, Python"
ML/AI Engineer,"Los Angeles, CA",California,Senior,On-site,212000.0,329435.0,"C++, Java, Julia, Python"
Other Tech Role,"Los Angeles, CA",California,Senior,Hybrid,234500.0,179989.0,"Julia, Python"
ML/AI Engineer,"Los Angeles, CA",California,Senior,Hybrid,258500.0,184746.0,"Go, Java, Python"
ML/AI Engineer,"Los Angeles, CA",California,Senior,Hybrid,218500.0,184746.0,"C++, Bash, Python"
ML/AI Engineer,"Los Angeles, CA",California,Senior,Hybrid,235000.0,184746.0,"Java, Python"
Data Scientist,"Los Angeles, CA",California,Senior,Hybrid,240000.0,178502.0,"Go, Python"
ML/AI Engineer,"Los Angeles, CA",California,Senior,Hybrid,212500.0,184746.0,"Java, Python"
Other Tech Role,"Los Angeles, CA",California,Senior,On-site,215500.0,199445.0,"C++, Python"
Other Tech Role,"Los Angeles, CA",California,Senior,Hybrid,200500.0,179989.0,"Bash, Java, Python"
ML/AI Engineer,"Los Angeles, CA",California,Senior,Hybrid,227000.0,184746.0,"Python, R"
ML/AI Engineer,"Los Angeles, CA",California,Senior,On-site,217000.0,329435.0,"C++, R, Java, Python"
ML/AI Engineer,"Los Angeles, CA",California,Senior,Hybrid,238000.0,184746.0,"Java, Python"
Other Tech Role,"Los Angeles, CA",California,Senior,On-site,219500.0,199445.0,"Java, C++, Python"
ML/AI Engineer,"Los Angeles, CA",California,Senior,On-site,218000.0,329435.0,"Bash, Julia, Java, Python"
Other Tech Role,"Los Angeles, CA",California,Senior,Hybrid,221500.0,179989.0,"Go, Python"
Other Tech Role,"Los Angeles, CA",California,Senior,Hybrid,251500.0,179989.0,"SQL, Python"
ML/AI Engineer,"Los Angeles, CA",California,Senior,On-site,243000.0,329435.0,"Bash, Julia, Python"
Data Scientist,"Los Angeles, CA",California,Senior,Hybrid,245500.0,178502.0,"Bash, Scala, Python"
Other Tech Role,"Los Angeles, CA",California,Senior,Hybrid,234500.0,179989.0,"Scala, SQL, Python"
Data Scientist,"Los Angeles, CA",California,Senior,On-site,243500.0,174335.0,"Bash, Python"
ML/AI Engineer,"Los Angeles, CA",California,Senior,Hybrid,239000.0,184746.0,"C++, Python"
Other Tech Role,"Los Angeles, CA",California,Senior,On-site,246500.0,199445.0,"C++, Python"
ML/AI Engineer,"Los Angeles, CA",California,Senior,Hybrid,245500.0,184746.0,"SQL, Scala, Java, Python"
ML/AI Engineer,"Los Angeles, CA",California,Senior,Hybrid,216000.0,184746.0,"Bash, Go, Python"
Other Tech Role,"Los Angeles, CA",California,Senior,Hybrid,245500.0,179989.0,"Go, R, Python"
Other Tech Role,"Los Angeles, CA",California,Senior,Hybrid,216500.0,179989.0,"Scala, R, SQL, Python"
ML/AI Engineer,"Los Angeles, CA",California,Senior,On-site,225500.0,329435.0,"Java, Python"
ML/AI Engineer,"Los Angeles, CA",California,Senior,On-site,230000.0,329435.0,"C++, Go, Python"
Data Engineer,"Los Angeles, CA",California,Senior,On-site,242500.0,186908.0,"Julia, Python, Scala"
ML/AI Engineer,"Los Angeles, CA",California,Senior,Hybrid,227000.0,184746.0,"Python, Java, SQL"
ML/AI Engineer,"Los Angeles, CA",California,Senior,Hybrid,210000.0,184746.0,"Go, C++, Python"
ML/AI Engineer,"Los Angeles, CA",California,Senior,On-site,216500.0,329435.0,"C++, Python"
Other Tech Role,"Los Angeles, CA",California,Senior,Hybrid,235500.0,179989.0,"Julia, Python"
ML/AI Engineer,"Los Angeles, CA",California,Senior,Hybrid,237500.0,184746.0,"Scala, Python, Go"
Other Tech Role,"Los Angeles, CA",California,Senior,On-site,230500.0,199445.0,"C++, Julia"
ML/AI Engineer,Melbourne,Other US,Senior,On-site,156500.0,184620.0,"SQL, Python"
ML/AI Engineer,Melbourne,Other US,Senior,Hybrid,157500.0,178877.0,"Go, Python"
ML/AI Engineer,Melbourne,Other US,Senior,Hybrid,158500.0,178877.0,Python
Other Tech Role,Melbourne,Other US,Senior,Hybrid,146500.0,180380.0,"Julia, C++, Python"
ML/AI Engineer,Melbourne,Other US,Senior,Hybrid,149000.0,178877.0,"Python, Julia, SQL"
ML/AI Engineer,Melbourne,Other US,Senior,Hybrid,163000.0,178877.0,"Bash, SQL, R, Python"
ML/AI Engineer,Melbourne,Other US,Senior,On-site,169000.0,184620.0,"R, Bash, Python"
ML/AI Engineer,Melbourne,Other US,Senior,On-site,157000.0,184620.0,"R, Scala, SQL, Python"
Other Tech Role,Melbourne,Other US,Senior,Hybrid,163500.0,180380.0,"Scala, Bash, Python"
ML/AI Engineer,Melbourne,Other US,Senior,On-site,174000.0,184620.0,"Go, Bash, Python"
ML/AI Engineer,Melbourne,Other US,Senior,Hybrid,158500.0,178877.0,"Java, Bash, R, Python"
Other Tech Role,Melbourne,Other US,Senior,Hybrid,168000.0,180380.0,"Bash, Scala, Python"
Other Tech Role,Melbourne,Other US,Senior,Hybrid,155000.0,180380.0,"Scala, R, Python"
Other Tech Role,Melbourne,Other US,Senior,Hybrid,165000.0,180380.0,"Scala, Python"
Other Tech Role,Melbourne,Other US,Senior,Hybrid,151500.0,180380.0,"Bash, Python"
Other Tech Role,Melbourne,Other US,Senior,Hybrid,160500.0,180380.0,"C++, Python, Java"
Other Tech Role,Melbourne,Other US,Senior,Hybrid,150000.0,180380.0,"R, Go, Java"
Other Tech Role,Melbourne,Other US,Senior,Hybrid,156500.0,180380.0,"Python, Bash"
Other Tech Role,Melbourne,Other US,Senior,Hybrid,168000.0,180380.0,"Scala, Python"
Other Tech Role,Melbourne,Other US,Senior,Hybrid,170500.0,180380.0,"C++, Python"
ML/AI Engineer,Melbourne,Other US,Senior,On-site,170000.0,184620.0,"SQL, C++, R, Python"
ML/AI Engineer,Melbourne,Other US,Senior,On-site,166500.0,184620.0,"SQL, Python"
ML/AI Engineer,Melbourne,Other US,Senior,Hybrid,144000.0,178877.0,"Julia, Python, Bash"
Other Tech Role,Melbourne,Other US,Senior,On-site,164500.0,187394.0,"SQL, Julia, Python"
ML/AI Engineer,Melbourne,Other US,Senior,Hybrid,156500.0,178877.0,"C++, Python"
Other Tech Role,Melbourne,Other US,Senior,Hybrid,148000.0,180380.0,"C++, Julia, Python"
ML/AI Engineer,Melbourne,Other US,Senior,Hybrid,166500.0,178877.0,"R, Python"
Data Engineer,Melbourne,Other US,Senior,Hybrid,148500.0,174421.0,"Julia, Go, Python"
Data Scientist,Melbourne,Other US,Senior,Hybrid,143500.0,180558.0,"C++, Bash, Python"
ML/AI Engineer,Melbourne,Other US,Senior,On-site,152000.0,184620.0,"R, Python, Go"
ML/AI Engineer,Melbourne,Other US,Senior,Hybrid,147000.0,178877.0,"Java, Python"
Other Tech Role,Melbourne,Other US,Senior,Hybrid,151000.0,180380.0,"C++, Python, Julia"
Other Tech Role,Melbourne,Other US,Senior,Hybrid,165500.0,180380.0,"Java, R, Go, Python"
ML/AI Engineer,Melbourne,Other US,Senior,On-site,155500.0,184620.0,"Julia, R, Scala, Python"
ML/AI Engineer,Melbourne,Other US,Senior,On-site,165500.0,184620.0,Python
Other Tech Role,Melbourne,Other US,Senior,Hybrid,157000.0,180380.0,"Scala, Go, SQL, Python"
ML/AI Engineer,Melbourne,Other US,Senior,Hybrid,145500.0,178877.0,"Bash, C++, Python"
Other Tech Role,Melbourne,Other US,Senior,Hybrid,142000.0,180380.0,"SQL, R, Go, Python"
Other Tech Role,Melbourne,Other US,Senior,On-site,160000.0,187394.0,"Julia, Python"
Other Tech Role,Melbourne,Other US,Senior,On-site,155000.0,187394.0,"SQL, Python"
Other Tech Role,Melbourne,Other US,Senior,Hybrid,160500.0,180380.0,"Java, Scala, C++, Python"
ML/AI Engineer,Melbourne,Other US,Senior,Hybrid,169000.0,178877.0,"C++, Python"
ML/AI Engineer,Melbourne,Other US,Senior,On-site,171500.0,184620.0,"Go, Bash, Julia, Python"
ML/AI Engineer,Melbourne,Other US,Senior,Hybrid,146000.0,178877.0,"Julia, Java, Python"
ML/AI Engineer,Melbourne,Other US,Senior,On-site,153500.0,184620.0,"Scala, Python"
ML/AI Engineer,Melbourne,Other US,Senior,Hybrid,169000.0,178877.0,"Java, Python"
ML/AI Engineer,Melbourne,Other US,Senior,Hybrid,158000.0,178877.0,"Java, SQL, Bash, Python"
ML/AI Engineer,Melbourne,Other US,Senior,On-site,161000.0,184620.0,"C++, SQL, Python"
Other Tech Role,Melbourne,Other US,Senior,On-site,149000.0,187394.0,"Julia, SQL, Python"
Other Tech Role,Melbourne,Other US,Senior,On-site,162000.0,187394.0,"Scala, SQL, Bash, Python"
ML/AI Engineer,Melbourne,Other US,Senior,Hybrid,151000.0,178877.0,"Bash, Python"
Other Tech Role,Melbourne,Other US,Senior,Hybrid,156000.0,180380.0,"SQL, C++, Bash, Python"
Other Tech Role,Melbourne,Other US,Senior,Hybrid,150500.0,180380.0,"SQL, Python"
ML/AI Engineer,Melbourne,Other US,Senior,Hybrid,157000.0,178877.0,"Go, Scala, Python"
Other Tech Role,Melbourne,Other US,Senior,Hybrid,159500.0,180380.0,"Scala, Python"
Other Tech Role,Melbourne,Other US,Senior,On-site,151000.0,187394.0,"Go, C++, SQL"
Other Tech Role,Melbourne,Other US,Senior,Hybrid,143500.0,180380.0,"R, C++, Python"
Other Tech Role,Melbourne,Other US,Senior,Hybrid,144500.0,180380.0,"Julia, Python"
Data Scientist,Melbourne,Other US,Senior,On-site,158000.0,178493.0,"Bash, Python, Go"
ML/AI Engineer,Melbourne,Other US,Senior,Hybrid,170000.0,178877.0,SQL
Other Tech Role,Melbourne,Other US,Senior,On-site,172000.0,187394.0,"R, Python"
ML/AI Engineer,Melbourne,Other US,Senior,On-site,162000.0,184620.0,"Scala, Python"
ML/AI Engineer,Melbourne,Other US,Senior,On-site,163000.0,184620.0,"Java, Python"
Other Tech Role,Melbourne,Other US,Senior,Hybrid,151500.0,180380.0,"Bash, C++, Python"
ML/AI Engineer,Melbourne,Other US,Senior,On-site,164000.0,184620.0,"R, Scala, Java, Python"
Other Tech Role,Melbourne,Other US,Senior,Hybrid,140500.0,180380.0,"Java, Python"
Other Tech Role,Melbourne,Other US,Senior,Hybrid,152000.0,180380.0,"Julia, Python"
Data Scientist,Melbourne,Other US,Senior,On-site,149000.0,178493.0,"Go, C++, Python"
ML/AI Engineer,Melbourne,Other US,Senior,Hybrid,139500.0,178877.0,"SQL, Go, R, Python"
Other Tech Role,Melbourne,Other US,Senior,Hybrid,149000.0,180380.0,"Python, Julia, Java"
Other Tech Role,Melbourne,Other US,Senior,On-site,164500.0,187394.0,"SQL, Python"
ML/AI Engineer,Melbourne,Other US,Senior,Hybrid,166000.0,178877.0,"SQL, Python"
ML/AI Engineer,Melbourne,Other US,Senior,On-site,161500.0,184620.0,"C++, Python"
ML/AI Engineer,Melbourne,Other US,Senior,Hybrid,155000.0,178877.0,"Julia, Scala, Python"
Other Tech Role,Melbourne,Other US,Senior,On-site,174500.0,187394.0,"Go, Python"
ML/AI Engineer,Melbourne,Other US,Senior,Hybrid,164000.0,178877.0,"C++, Python"
ML/AI Engineer,Melbourne,Other US,Senior,Hybrid,159500.0,178877.0,"Python, Scala, R"
ML/AI Engineer,Melbourne,Other US,Senior,On-site,148500.0,184620.0,"Julia, Python"
ML/AI Engineer,Melbourne,Other US,Senior,Hybrid,146500.0,178877.0,"Julia, Scala, SQL, Python"
ML/AI Engineer,Melbourne,Other US,Senior,Hybrid,158500.0,178877.0,"Julia, Python"
Other Tech Role,Melbourne,Other US,Senior,Hybrid,162500.0,180380.0,"Bash, SQL, Python"
Data Engineer,Melbourne,Other US,Senior,On-site,160500.0,191216.0,Python
ML/AI Engineer,Melbourne,Other US,Senior,On-site,153000.0,184620.0,"Go, SQL, Bash, Python"
ML/AI Engineer,Melbourne,Other US,Senior,Hybrid,169000.0,178877.0,Python
Other Tech Role,Melbourne,Other US,Senior,Hybrid,171000.0,180380.0,"C++, Bash, Python"
ML/AI Engineer,Melbourne,Other US,Senior,On-site,144000.0,184620.0,"Scala, Bash, R, Python"
ML/AI Engineer,Melbourne,Other US,Senior,On-site,162500.0,184620.0,"Julia, Go, Python"
ML/AI Engineer,Melbourne,Other US,Senior,Hybrid,163000.0,178877.0,Python
Other Tech Role,Melbourne,Other US,Senior,Hybrid,151500.0,180380.0,"Go, Python"
ML/AI Engineer,Melbourne,Other US,Senior,On-site,157500.0,184620.0,"C++, Python"
ML/AI Engineer,Melbourne,Other US,Senior,Hybrid,163000.0,178877.0,"C++, R, Python"
Other Tech Role,Melbourne,Other US,Senior,Hybrid,140500.0,180380.0,"Bash, Julia, Python"
Other Tech Role,Melbourne,Other US,Senior,On-site,160000.0,187394.0,"C++, Python"
ML/AI Engineer,Melbourne,Other US,Senior,On-site,162000.0,184620.0,"SQL, Julia, Java, Python"
ML/AI Engineer,Melbourne,Other US,Senior,Hybrid,168000.0,178877.0,"Bash, Python, Java"
ML/AI Engineer,Melbourne,Other US,Senior,Hybrid,159000.0,178877.0,"Julia, SQL, Java, Python"
ML/AI Engineer,Melbourne,Other US,Senior,Hybrid,161000.0,178877.0,"SQL, Go, Python"
Data Scientist,Melbourne,Other US,Senior,Hybrid,163500.0,180558.0,"C++, Python"
ML/AI Engineer,Melbourne,Other US,Senior,On-site,151500.0,184620.0,"Go, Bash, Python"
Other Tech Role,Melbourne,Other US,Senior,Hybrid,163000.0,180380.0,"SQL, Java, Python"
Other Tech Role,Melbourne,Other US,Senior,Hybrid,148500.0,180380.0,"Python, C++, SQL"
ML/AI Engineer,Melbourne,Other US,Senior,On-site,143000.0,184620.0,"R, Python"
ML/AI Engineer,Melbourne,Other US,Senior,On-site,159000.0,184620.0,"Scala, Python"
Data Engineer,Melbourne,Other US,Senior,Hybrid,162000.0,174421.0,Bash
ML/AI Engineer,Melbourne,Other US,Senior,Hybrid,149500.0,178877.0,"Java, Python"
Other Tech Role,Melbourne,Other US,Senior,Hybrid,156000.0,180380.0,"Scala, C++, Bash, Python"
Other Tech Role,Melbourne,Other US,Senior,On-site,161500.0,187394.0,"Bash, R, Python"
Other Tech Role,Melbourne,Other US,Senior,On-site,159000.0,187394.0,"SQL, Scala, Bash, Python"
ML/AI Engineer,Melbourne,Other US,Senior,Hybrid,172500.0,178877.0,"Java, Python, Julia"
Other Tech Role,Melbourne,Other US,Senior,On-site,165000.0,187394.0,"SQL, R, Go, Python"
ML/AI Engineer,Melbourne,Other US,Senior,Hybrid,157500.0,178877.0,"Java, R, SQL, Python"
ML/AI Engineer,Melbourne,Other US,Senior,Hybrid,168500.0,178877.0,"C++, Scala, Go, Python"
Other Tech Role,Melbourne,Other US,Senior,Hybrid,153000.0,180380.0,"SQL, Python"
Other Tech Role,Melbourne,Other US,Senior,Hybrid,152500.0,180380.0,"Python, C++"
Data Scientist,Melbourne,Other US,Senior,On-site,150000.0,178493.0,"Julia, Python"
Other Tech Role,Melbourne,Other US,Senior,On-site,154000.0,187394.0,"C++, Python"
ML/AI Engineer,Melbourne,Other US,Senior,Hybrid,161500.0,178877.0,"Java, Scala, C++, Python"
ML/AI Engineer,Melbourne,Other US,Senior,Hybrid,145500.0,178877.0,"R, Go, Python"
Other Tech Role,Melbourne,Other US,Senior,Hybrid,157000.0,180380.0,"Go, Python"
ML/AI Engineer,Melbourne,Other US,Senior,Hybrid,163000.0,178877.0,"R, Java, Python"
ML/AI Engineer,Melbourne,Other US,Senior,Hybrid,148500.0,178877.0,"Bash, Julia"
ML/AI Engineer,Melbourne,Other US,Senior,On-site,159000.0,184620.0,"Scala, Python"
Other Tech Role,Melbourne,Other US,Senior,Hybrid,159000.0,180380.0,"R, Python"
ML/AI Engineer,Melbourne,Other US,Senior,On-site,154500.0,184620.0,"C++, Python"
ML/AI Engineer,Melbourne,Other US,Senior,On-site,155500.0,184620.0,"Java, Go, Bash, Python"
Data Scientist,Melbourne,Other US,Senior,On-site,146500.0,178493.0,"R, Python"
Other Tech Role,Melbourne,Other US,Senior,Hybrid,152500.0,180380.0,"Scala, Python"
Other Tech Role,Melbourne,Other US,Senior,On-site,167000.0,187394.0,"Julia, Python"
Other Tech Role,Melbourne,Other US,Senior,Hybrid,168500.0,180380.0,Julia
ML/AI Engineer,Melbourne,Other US,Senior,On-site,168000.0,184620.0,"C++, Python"
ML/AI Engineer,Melbourne,Other US,Senior,Hybrid,168000.0,178877.0,"Bash, C++, SQL, Python"
ML/AI Engineer,Melbourne,Other US,Senior,On-site,160000.0,184620.0,"Julia, Python"
ML/AI Engineer,Melbourne,Other US,Senior,On-site,160500.0,184620.0,"C++, Python"
ML/AI Engineer,Melbourne,Other US,Senior,On-site,167000.0,184620.0,"Julia, Go, Scala, Python"
Other Tech Role,Melbourne,Other US,Senior,Hybrid,139500.0,180380.0,"Bash, SQL"
ML/AI Engineer,Melbourne,Other US,Senior,Hybrid,154500.0,178877.0,"Java, Python"
ML/AI Engineer,Melbourne,Other US,Senior,Hybrid,166000.0,178877.0,"Go, R, Python"
Other Tech Role,Melbourne,Other US,Senior,On-site,171500.0,187394.0,"Bash, Python"
Data Scientist,Melbourne,Other US,Senior,Hybrid,153000.0,180558.0,"R, Go, Scala, Python"
ML/AI Engineer,Melbourne,Other US,Senior,Hybrid,146500.0,178877.0,"Java, Python"
ML/AI Engineer,Melbourne,Other US,Senior,Hybrid,144000.0,178877.0,"SQL, Julia, R, Python"
Other Tech Role,Melbourne,Other US,Senior,Hybrid,143000.0,180380.0,"Scala, SQL, Python"
ML/AI Engineer,Melbourne,Other US,Senior,Hybrid,156000.0,178877.0,"Java, Python"
Other Tech Role,Melbourne,Other US,Senior,On-site,157500.0,187394.0,"SQL, Python"
Data Scientist,Melbourne,Other US,Senior,Hybrid,166000.0,180558.0,"SQL, R, Python"
Other Tech Role,Melbourne,Other US,Senior,Hybrid,141000.0,180380.0,"Python, Julia, SQL"
ML/AI Engineer,Melbourne,Other US,Senior,Hybrid,153500.0,178877.0,"Java, Python"
ML/AI Engineer,Melbourne,Other US,Senior,Hybrid,168000.0,178877.0,"Scala, Java, Go, Python"
ML/AI Engineer,Melbourne,Other US,Senior,On-site,157000.0,184620.0,"Go, C++, Python"
Other Tech Role,Melbourne,Other US,Senior,Hybrid,164000.0,180380.0,"Bash, C++, Scala, Python"
ML/AI Engineer,Melbourne,Other US,Senior,Hybrid,161000.0,178877.0,"Julia, Python"
Other Tech Role,Melbourne,Other US,Senior,On-site,148500.0,187394.0,"Scala, Python"
Data Engineer,Melbourne,Other US,Senior,On-site,160000.0,191216.0,"Julia, Go, Python"
ML/AI Engineer,Melbourne,Other US,Senior,On-site,154500.0,184620.0,"R, Scala, Python"
Other Tech Role,Melbourne,Other US,Senior,Hybrid,152000.0,180380.0,"Scala, R, C++, Python"
Data Engineer,Melbourne,Other US,Senior,On-site,146500.0,191216.0,"Scala, R, SQL, Python"
Data Scientist,Melbourne,Other US,Senior,Hybrid,151000.0,180558.0,"Go, Julia, Python"
ML/AI Engineer,Melbourne,Other US,Senior,On-site,164000.0,184620.0,"C++, Scala, Go, Python"
ML/AI Engineer,Melbourne,Other US,Senior,On-site,161500.0,184620.0,"Python, R, Go"
Other Tech Role,Melbourne,Other US,Senior,On-site,167500.0,187394.0,"R, Go, Python"
Other Tech Role,Melbourne,Other US,Senior,On-site,159500.0,187394.0,"Go, R, Python"
ML/AI Engineer,Melbourne,Other US,Senior,Hybrid,153000.0,178877.0,"Julia, R, Python"
Other Tech Role,Melbourne,Other US,Senior,On-site,149500.0,187394.0,"C++, R, Julia, Python"
Other Tech Role,Melbourne,Other US,Senior,Hybrid,151000.0,180380.0,"Julia, R, SQL, Python"
ML/AI Engineer,Melbourne,Other US,Senior,On-site,157500.0,184620.0,"Python, Julia"
ML/AI Engineer,Melbourne,Other US,Senior,On-site,156500.0,184620.0,"Bash, R, Python"
Other Tech Role,Melbourne,Other US,Senior,Hybrid,145000.0,180380.0,"C++, Go, Python"
Other Tech Role,Melbourne,Other US,Senior,Hybrid,162500.0,180380.0,"Go, Python"
Data Engineer,Melbourne,Other US,Senior,On-site,158000.0,191216.0,"C++, Java, Python"
Other Tech Role,Melbourne,Other US,Senior,Hybrid,158000.0,180380.0,"Java, Scala, Go, Python"
ML/AI Engineer,Melbourne,Other US,Senior,Hybrid,149000.0,178877.0,"C++, Go, Python"
Other Tech Role,Melbourne,Other US,Senior,Hybrid,152500.0,180380.0,"R, Python"
Other Tech Role,Melbourne,Other US,Senior,Hybrid,146500.0,180380.0,"Bash, SQL, Python"
ML/AI Engineer,Melbourne,Other US,Senior,Hybrid,167000.0,178877.0,"R, C++, Bash, Python"
ML/AI Engineer,Melbourne,Other US,Senior,Hybrid,171500.0,178877.0,"Java, C++, Bash, Python"
Other Tech Role,Melbourne,Other US,Senior,On-site,169500.0,187394.0,"Bash, Scala, Python"
Data Scientist,Melbourne,Other US,Senior,On-site,146500.0,178493.0,"R, SQL, Python"
ML/AI Engineer,Melbourne,Other US,Senior,On-site,159500.0,184620.0,"Julia, Bash, Python"
ML/AI Engineer,Melbourne,Other US,Senior,Hybrid,162000.0,178877.0,"C++, Bash, Python"
Other Tech Role,Melbourne,Other US,Senior,Hybrid,166000.0,180380.0,"Scala, Julia, Python"
ML/AI Engineer,Melbourne,Other US,Senior,Hybrid,158000.0,178877.0,"Java, C++, Bash, Python"
ML/AI Engineer,Melbourne,Other US,Senior,Hybrid,168000.0,178877.0,"Go, Bash, SQL, Python"
ML/AI Engineer,Melbourne,Other US,Senior,On-site,153500.0,184620.0,"Bash, Python"
ML/AI Engineer,Melbourne,Other US,Senior,On-site,160500.0,184620.0,"R, Python"
Data Engineer,Melbourne,Other US,Senior,Hybrid,145500.0,174421.0,"SQL, Julia, C++, Python"
Data Scientist,Melbourne,Other US,Senior,Hybrid,154000.0,180558.0,"R, Python"
Other Tech Role,Melbourne,Other US,Senior,On-site,148500.0,187394.0,"Julia, Python"
Other Tech Role,Melbourne,Other US,Senior,Hybrid,159000.0,180380.0,"Go, Julia, Bash, Python"
ML/AI Engineer,Melbourne,Other US,Senior,Hybrid,165000.0,178877.0,"Bash, Scala, Go, Python"
ML/AI Engineer,Melbourne,Other US,Senior,On-site,148000.0,184620.0,"Bash, Python"
ML/AI Engineer,Melbourne,Other US,Senior,On-site,157000.0,184620.0,"SQL, Go, R, Python"
Other Tech Role,Melbourne,Other US,Senior,On-site,157500.0,187394.0,"Java, Bash, Python"
Other Tech Role,Melbourne,Other US,Senior,Hybrid,151500.0,180380.0,"SQL, Python"
Other Tech Role,Melbourne,Other US,Senior,On-site,168500.0,187394.0,"Julia, Python"
ML/AI Engineer,Melbourne,Other US,Senior,Hybrid,152500.0,178877.0,"R, Java, Python"
ML/AI Engineer,Melbourne,Other US,Senior,On-site,147000.0,184620.0,"Julia, Python"
ML/AI Engineer,Melbourne,Other US,Senior,Hybrid,155500.0,178877.0,"Go, C++, Python"
ML/AI Engineer,Melbourne,Other US,Senior,On-site,145000.0,184620.0,"Java, Python"
ML/AI Engineer,Melbourne,Other US,Senior,On-site,155500.0,184620.0,"SQL, C++, Python"
Other Tech Role,Melbourne,Other US,Senior,On-site,142500.0,187394.0,"Bash, Python"
Other Tech Role,Melbourne,Other US,Senior,Hybrid,151500.0,180380.0,"Julia, Go, Scala, Python"
Other Tech Role,Melbourne,Other US,Senior,On-site,146000.0,187394.0,"Julia, R, Python"
Other Tech Role,Melbourne,Other US,Senior,On-site,158000.0,187394.0,"SQL, C++, Python"
Other Tech Role,Melbourne,Other US,Senior,On-site,165000.0,187394.0,"Julia, Python"
Data Scientist,Melbourne,Other US,Senior,Hybrid,165000.0,180558.0,"SQL, Java, Python"
ML/AI Engineer,Melbourne,Other US,Senior,On-site,152000.0,184620.0,Python
ML/AI Engineer,Melbourne,Other US,Senior,Hybrid,159000.0,178877.0,"Julia, Python"
ML/AI Engineer,Melbourne,Other US,Senior,Hybrid,156500.0,178877.0,"SQL, Go, Python"
ML/AI Engineer,Melbourne,Other US,Senior,On-site,142000.0,184620.0,"SQL, Python"
Data Engineer,Melbourne,Other US,Senior,Hybrid,156500.0,174421.0,"Python, R, Julia"
Other Tech Role,Melbourne,Other US,Senior,On-site,146000.0,187394.0,"Scala, SQL, Python"
Data Scientist,Melbourne,Other US,Senior,On-site,164000.0,178493.0,"Julia, Go, Java, Python"
ML/AI Engineer,Melbourne,Other US,Senior,On-site,164500.0,184620.0,Python
ML/AI Engineer,Melbourne,Other US,Senior,Hybrid,168000.0,178877.0,"Bash, Scala, Go, Python"
Other Tech Role,Melbourne,Other US,Senior,Hybrid,161000.0,180380.0,"Go, Scala, Julia, Python"
Other Tech Role,Melbourne,Other US,Senior,Hybrid,161000.0,180380.0,"R, Julia, Scala, Python"
Other Tech Role,Melbourne,Other US,Senior,On-site,164000.0,187394.0,"R, Go"
Data Scientist,Melbourne,Other US,Senior,Hybrid,155500.0,180558.0,"C++, Python"
Other Tech Role,Melbourne,Other US,Senior,Hybrid,156000.0,180380.0,"Bash, Python"
Other Tech Role,Melbourne,Other US,Senior,Hybrid,146000.0,180380.0,"SQL, R, Julia, Python"
ML/AI Engineer,Melbourne,Other US,Senior,On-site,162000.0,184620.0,"Bash, Python"
Other Tech Role,Melbourne,Other US,Senior,Hybrid,170000.0,180380.0,"R, SQL, Go, Python"
Other Tech Role,Melbourne,Other US,Senior,Hybrid,168500.0,180380.0,"Bash, Python"
ML/AI Engineer,Melbourne,Other US,Senior,On-site,169000.0,184620.0,"Java, SQL, Julia, Python"
Other Tech Role,Melbourne,Other US,Senior,Hybrid,155000.0,180380.0,"SQL, Python"
Other Tech Role,Melbourne,Other US,Senior,Hybrid,160500.0,180380.0,"Bash, Scala, C++, Python"
Other Tech Role,Melbourne,Other US,Senior,Hybrid,152500.0,180380.0,Python
ML/AI Engineer,Melbourne,Other US,Senior,On-site,173000.0,184620.0,"C++, Julia, Python"
Other Tech Role,Melbourne,Other US,Senior,On-site,162000.0,187394.0,"SQL, Python, C++"
ML/AI Engineer,Melbourne,Other US,Senior,Hybrid,161000.0,178877.0,"Scala, Python"
ML/AI Engineer,Melbourne,Other US,Senior,On-site,166000.0,184620.0,"SQL, Scala, R, Python"
Other Tech Role,Melbourne,Other US,Senior,Hybrid,152500.0,180380.0,"Java, Python"
Other Tech Role,Melbourne,Other US,Senior,Hybrid,150000.0,180380.0,"Java, Julia, Python"
ML/AI Engineer,Melbourne,Other US,Senior,On-site,143000.0,184620.0,"SQL, Python"
Other Tech Role,Melbourne,Other US,Senior,Hybrid,153500.0,180380.0,"Bash, Python"
Other Tech Role,Melbourne,Other US,Senior,On-site,161000.0,187394.0,"Scala, C++, Python"
ML/AI Engineer,Melbourne,Other US,Senior,On-site,155500.0,184620.0,"Scala, Python, R"
ML/AI Engineer,Melbourne,Other US,Senior,Hybrid,154000.0,178877.0,"Go, Scala, Python"
Other Tech Role,Melbourne,Other US,Senior,On-site,169500.0,187394.0,"SQL, Python"
Other Tech Role,Melbourne,Other US,Senior,Hybrid,155000.0,180380.0,"Bash, Python"
ML/AI Engineer,Melbourne,Other US,Senior,Hybrid,149500.0,178877.0,"SQL, Julia, C++, Python"
Data Scientist,Melbourne,Other US,Senior,On-site,142000.0,178493.0,"Go, SQL, Scala, Python"
ML/AI Engineer,Melbourne,Other US,Senior,Hybrid,147500.0,178877.0,"Java, Python"
ML/AI Engineer,Melbourne,Other US,Senior,On-site,160500.0,184620.0,"C++, R, Python"
Other Tech Role,Melbourne,Other US,Senior,Hybrid,143000.0,180380.0,"Scala, Python, Go"
Other Tech Role,Melbourne,Other US,Senior,On-site,161500.0,187394.0,"SQL, Julia, Scala, Python"
ML/AI Engineer,Melbourne,Other US,Senior,Hybrid,155500.0,178877.0,"Bash, Python"
Other Tech Role,Melbourne,Other US,Senior,On-site,160500.0,187394.0,"Python, Java, Bash"
ML/AI Engineer,Melbourne,Other US,Senior,Hybrid,157000.0,178877.0,"Julia, Scala, Bash, Python"
ML/AI Engineer,Melbourne,Other US,Senior,Hybrid,161000.0,178877.0,"Bash, Scala, Python"
ML/AI Engineer,Melbourne,Other US,Senior,Hybrid,160000.0,178877.0,"Java, Bash, Python"
ML/AI Engineer,Melbourne,Other US,Senior,Hybrid,146500.0,178877.0,"R, Python"
Other Tech Role,Melbourne,Other US,Senior,On-site,166500.0,187394.0,"Python, Bash, C++"
Other Tech Role,Melbourne,Other US,Senior,Hybrid,161000.0,180380.0,"C++, Python"
ML/AI Engineer,Melbourne,Other US,Senior,Hybrid,141500.0,178877.0,"Java, Python"
ML/AI Engineer,Melbourne,Other US,Senior,Hybrid,158000.0,178877.0,"SQL, Python, Scala"
Data Scientist,Melbourne,Other US,Senior,On-site,162500.0,178493.0,"SQL, Python, Go"
ML/AI Engineer,Melbourne,Other US,Senior,On-site,167500.0,184620.0,"Java, Python"
Other Tech Role,Melbourne,Other US,Senior,Hybrid,151500.0,180380.0,"Java, Scala, Python"
ML/AI Engineer,"New York, NY",Other US,Senior,Hybrid,220000.0,178877.0,"Go, Python"
ML/AI Engineer,"New York, NY",Other US,Senior,Hybrid,206000.0,178877.0,"Java, Python"
Data Scientist,"New York, NY",Other US,Senior,On-site,257000.0,178493.0,"Julia, Java, C++, Python"
ML/AI Engineer,"New York, NY",Other US,Senior,Hybrid,232000.0,178877.0,Python
ML/AI Engineer,"New York, NY",Other US,Senior,On-site,250500.0,184620.0,"SQL, Bash, Java, Python"
ML/AI Engineer,"New York, NY",Other US,Senior,On-site,244500.0,184620.0,Python
Other Tech Role,"New York, NY",Other US,Senior,On-site,204500.0,187394.0,"Bash, SQL, Python"
ML/AI Engineer,"New York, NY",Other US,Senior,Hybrid,209000.0,178877.0,"Bash, Python"
ML/AI Engineer,"New York, NY",Other US,Senior,Hybrid,228000.0,178877.0,"R, Scala, Python"
Other Tech Role,"New York, NY",Other US,Senior,On-site,260500.0,187394.0,"Bash, Python"
Other Tech Role,"New York, NY",Other US,Senior,Hybrid,220500.0,180380.0,"Scala, Java, Python"
ML/AI Engineer,"New York, NY",Other US,Senior,Hybrid,210000.0,178877.0,"Java, Python"
Data Engineer,"New York, NY",Other US,Senior,On-site,254500.0,191216.0,"Go, Java, Julia, Python"
Other Tech Role,"New York, NY",Other US,Senior,Hybrid,260500.0,180380.0,"Go, SQL, Python"
Other Tech Role,"New York, NY",Other US,Senior,Hybrid,260000.0,180380.0,"SQL, Bash, Python"
ML/AI Engineer,"New York, NY",Other US,Senior,On-site,245500.0,184620.0,"Python, R, Bash"
ML/AI Engineer,"New York, NY",Other US,Senior,Hybrid,244000.0,178877.0,"Go, R, Julia, Python"
Other Tech Role,"New York, NY",Other US,Senior,Hybrid,228500.0,180380.0,"Scala, Python"
ML/AI Engineer,"New York, NY",Other US,Senior,Hybrid,236000.0,178877.0,"Python, R"
ML/AI Engineer,"New York, NY",Other US,Senior,Hybrid,208500.0,178877.0,Python
ML/AI Engineer,"New York, NY",Other US,Senior,Hybrid,211000.0,178877.0,"Scala, C++, Python"
Other Tech Role,"New York, NY",Other US,Senior,On-site,248500.0,187394.0,"SQL, Julia, R, Python"
Other Tech Role,"New York, NY",Other US,Senior,Hybrid,220000.0,180380.0,"R, Python"
Data Scientist,"New York, NY",Other US,Senior,Hybrid,241500.0,180558.0,"Bash, Julia, Java, Python"
ML/AI Engineer,"New York, NY",Other US,Senior,On-site,243000.0,184620.0,"Scala, Python, Julia"
ML/AI Engineer,"New York, NY",Other US,Senior,On-site,223000.0,184620.0,"C++, Python"
Other Tech Role,"New York, NY",Other US,Senior,On-site,221000.0,187394.0,"Go, Python, R"
Other Tech Role,"New York, NY",Other US,Senior,Hybrid,239500.0,180380.0,"R, SQL, Python"
ML/AI Engineer,"New York, NY",Other US,Senior,Hybrid,245000.0,178877.0,"Scala, Java, SQL, Python"
Other Tech Role,"New York, NY",Other US,Senior,Hybrid,246000.0,180380.0,"Go, Julia, C++, Python"
Data Engineer,"New York, NY",Other US,Senior,Hybrid,234500.0,174421.0,Python
Other Tech Role,"New York, NY",Other US,Senior,Hybrid,201500.0,180380.0,"Scala, SQL, R, Python"
Other Tech Role,"New York, NY",Other US,Senior,Hybrid,252000.0,180380.0,"Scala, SQL, Julia, Python"
ML/AI Engineer,"New York, NY",Other US,Senior,Hybrid,232000.0,178877.0,"Julia, Scala, Python"
ML/AI Engineer,"New York, NY",Other US,Senior,On-site,214000.0,184620.0,"Bash, Python"
ML/AI Engineer,"New York, NY",Other US,Senior,On-site,227000.0,184620.0,"Java, R, Go"
Other Tech Role,"New York, NY",Other US,Senior,Hybrid,233000.0,180380.0,"C++, Bash"
Data Engineer,"New York, NY",Other US,Senior,On-site,210500.0,191216.0,"SQL, Go, Python"
ML/AI Engineer,"New York, NY",Other US,Senior,Hybrid,219500.0,178877.0,"SQL, Scala, Python"
Other Tech Role,"New York, NY",Other US,Senior,Hybrid,213000.0,180380.0,Python
ML/AI Engineer,"New York, NY",Other US,Senior,On-site,247000.0,184620.0,"Scala, Go, R, Python"
ML/AI Engineer,"New York, NY",Other US,Senior,Hybrid,209500.0,178877.0,"C++, Python, Bash"
ML/AI Engineer,"New York, NY",Other US,Senior,Hybrid,233500.0,178877.0,"R, Python"
ML/AI Engineer,"New York, NY",Other US,Senior,Hybrid,236500.0,178877.0,"SQL, C++, Python"
Other Tech Role,"New York, NY",Other US,Senior,On-site,209000.0,187394.0,"SQL, Julia, Python"
Other Tech Role,"New York, NY",Other US,Senior,Hybrid,225000.0,180380.0,"Go, SQL, Python"
Other Tech Role,"New York, NY",Other US,Senior,Hybrid,219000.0,180380.0,"R, Julia, Python"
Other Tech Role,"New York, NY",Other US,Senior,On-site,215500.0,187394.0,"C++, R, Go, Python"
Data Engineer,"New York, NY",Other US,Senior,On-site,218000.0,191216.0,"R, Bash, Java, Python"
Other Tech Role,"New York, NY",Other US,Senior,Hybrid,231000.0,180380.0,"C++, Python"
Other Tech Role,"New York, NY",Other US,Senior,Hybrid,248500.0,180380.0,"Go, R, Python"
ML/AI Engineer,"New York, NY",Other US,Senior,On-site,248500.0,184620.0,"Java, Python"
Other Tech Role,"New York, NY",Other US,Senior,Hybrid,226000.0,180380.0,"Bash, SQL, Java, Python"
Other Tech Role,"New York, NY",Other US,Senior,Hybrid,211000.0,180380.0,"Java, Python"
ML/AI Engineer,"New York, NY",Other US,Senior,Hybrid,219000.0,178877.0,"Scala, SQL, Java, Python"
ML/AI Engineer,"New York, NY",Other US,Senior,Hybrid,207000.0,178877.0,Python
ML/AI Engineer,"New York, NY",Other US,Senior,Hybrid,242500.0,178877.0,"Scala, Bash, Java, Python"
ML/AI Engineer,"New York, NY",Other US,Senior,On-site,231000.0,184620.0,"Julia, R, Python"
ML/AI Engineer,"New York, NY",Other US,Senior,Hybrid,215000.0,178877.0,Go
Other Tech Role,"New York, NY",Other US,Senior,Hybrid,230500.0,180380.0,"Java, Python"
ML/AI Engineer,"New York, NY",Other US,Senior,Hybrid,213500.0,178877.0,"Go, SQL, Python"
ML/AI Engineer,"New York, NY",Other US,Senior,Hybrid,244500.0,178877.0,"C++, Java, Python"
ML/AI Engineer,"New York, NY",Other US,Senior,On-site,239000.0,184620.0,"Go, Python"
Other Tech Role,"New York, NY",Other US,Senior,Hybrid,235500.0,180380.0,"Go, Bash, Scala, Python"
ML/AI Engineer,"New York, NY",Other US,Senior,Hybrid,206500.0,178877.0,"SQL, Bash, Scala, Python"
Other Tech Role,"New York, NY",Other US,Senior,On-site,210500.0,187394.0,"R, Python"
Other Tech Role,"New York, NY",Other US,Senior,On-site,223500.0,187394.0,"Bash, Java, Python"
Other Tech Role,"New York, NY",Other US,Senior,Hybrid,235500.0,180380.0,"Java, Python"
Other Tech Role,"New York, NY",Other US,Senior,Hybrid,250000.0,180380.0,"Bash, Python"
Other Tech Role,"New York, NY",Other US,Senior,Hybrid,214500.0,180380.0,"R, Python"
Other Tech Role,"New York, NY",Other US,Senior,Hybrid,219000.0,180380.0,"Java, Python"
ML/AI Engineer,"New York, NY",Other US,Senior,On-site,259500.0,184620.0,"Julia, Java, Python"
Other Tech Role,"New York, NY",Other US,Senior,Hybrid,223500.0,180380.0,"Python, Go"
Other Tech Role,"New York, NY",Other US,Senior,On-site,252000.0,187394.0,"Python, Scala, Bash"
Other Tech Role,"New York, NY",Other US,Senior,Hybrid,209000.0,180380.0,"Bash, Python"
ML/AI Engineer,"New York, NY",Other US,Senior,Hybrid,252500.0,178877.0,"Python, Scala, C++"
Other Tech Role,"New York, NY",Other US,Senior,On-site,250500.0,187394.0,"Java, Python"
ML/AI Engineer,"New York, NY",Other US,Senior,On-site,230000.0,184620.0,"C++, Java, Julia, Python"
ML/AI Engineer,"New York, NY",Other US,Senior,On-site,248500.0,184620.0,"Julia, R, Python"
ML/AI Engineer,"New York, NY",Other US,Senior,On-site,222000.0,184620.0,Python
ML/AI Engineer,"New York, NY",Other US,Senior,On-site,246500.0,184620.0,"Python, Bash"
Other Tech Role,"New York, NY",Other US,Senior,Hybrid,220500.0,180380.0,"C++, Python"
ML/AI Engineer,"New York, NY",Other US,Senior,Hybrid,236000.0,178877.0,"SQL, Python"
Other Tech Role,"New York, NY",Other US,Senior,Hybrid,225000.0,180380.0,"C++, Python"
Data Scientist,"New York, NY",Other US,Senior,On-site,239500.0,178493.0,"Bash, Python, C++"
Other Tech Role,"New York, NY",Other US,Senior,On-site,229500.0,187394.0,"Bash, Scala, Go, Python"
ML/AI Engineer,"New York, NY",Other US,Senior,On-site,242000.0,184620.0,"R, Python, SQL"
ML/AI Engineer,"New York, NY",Other US,Senior,Hybrid,253500.0,178877.0,"Julia, Python"
Data Scientist,"New York, NY",Other US,Senior,Hybrid,263000.0,180558.0,"Bash, Python"
Data Scientist,"New York, NY",Other US,Senior,Hybrid,212000.0,180558.0,"SQL, R, Python"
ML/AI Engineer,"New York, NY",Other US,Senior,Hybrid,202000.0,178877.0,"R, C++, Python"
ML/AI Engineer,"New York, NY",Other US,Senior,Hybrid,222500.0,178877.0,"R, SQL, Python"
ML/AI Engineer,"New York, NY",Other US,Senior,Hybrid,259500.0,178877.0,"SQL, R, Python"
ML/AI Engineer,"New York, NY",Other US,Senior,On-site,226500.0,184620.0,"C++, Bash, Python"
Other Tech Role,"New York, NY",Other US,Senior,Hybrid,242500.0,180380.0,"Python, Bash, SQL"
ML/AI Engineer,"New York, NY",Other US,Senior,On-site,228000.0,184620.0,"Go, Scala, Python"
ML/AI Engineer,Remote,Other US,Senior,Remote,143500.0,195454.0,"R, Go, SQL"
ML/AI Engineer,Remote,Other US,Senior,Remote,160500.0,195454.0,"Scala, SQL, Python"
ML/AI Engineer,Remote,Other US,Senior,Remote,162500.0,195454.0,"Python, R"
ML/AI Engineer,Remote,Other US,Senior,Remote,211000.0,195454.0,"C++, R, Julia, Python"
ML/AI Engineer,Remote,Other US,Senior,Remote,228500.0,195454.0,"Go, Python, C++"
Other Tech Role,Remote,Other US,Senior,Remote,164500.0,192808.0,"C++, Bash, Python"
Other Tech Role,Remote,Other US,Senior,Remote,156500.0,192808.0,"R, Python"
Data Engineer,Remote,Other US,Senior,Remote,212500.0,193770.0,"Java, Python"
Data Scientist,Remote,Other US,Senior,Remote,205500.0,198944.0,"C++, Go, SQL, Python"
Data Scientist,Remote,Other US,Senior,Remote,222000.0,198944.0,"Go, C++, Python"
Data Scientist,Remote,Other US,Senior,Remote,235500.0,198944.0,"R, C++, Python"
Other Tech Role,Remote,Other US,Senior,Remote,231000.0,192808.0,"Go, Python"
Other Tech Role,Remote,Other US,Senior,Remote,243500.0,192808.0,"Python, Scala, Bash"
Other Tech Role,Remote,Other US,Senior,Remote,172500.0,192808.0,"Go, Python"
ML/AI Engineer,Remote,Other US,Senior,Remote,233000.0,195454.0,"R, Java, SQL, Python"
ML/AI Engineer,Remote,Other US,Senior,Remote,154500.0,195454.0,Julia
ML/AI Engineer,Remote,Other US,Senior,Remote,238000.0,195454.0,"Scala, SQL, Bash, Python"
Other Tech Role,Remote,Other US,Senior,Remote,254500.0,192808.0,"C++, Python"
Other Tech Role,Remote,Other US,Senior,Remote,225000.0,192808.0,"SQL, Python"
Other Tech Role,Remote,Other US,Senior,Remote,171500.0,192808.0,"Go, Scala, Python"
ML/AI Engineer,Remote,Other US,Senior,Remote,167000.0,195454.0,"Python, Java"
ML/AI Engineer,Remote,Other US,Senior,Remote,152000.0,195454.0,"Python, Scala"
Other Tech Role,Remote,Other US,Senior,Remote,163500.0,192808.0,"Java, Python"
Other Tech Role,Remote,Other US,Senior,Remote,241000.0,192808.0,"Java, Bash, Go, Python"
Other Tech Role,Remote,Other US,Senior,Remote,163000.0,192808.0,"Java, Julia, C++, Python"
ML/AI Engineer,Remote,Other US,Senior,Remote,244500.0,195454.0,"Julia, Python"
Other Tech Role,Remote,Other US,Senior,Remote,158500.0,192808.0,"Java, Python"
Other Tech Role,Remote,Other US,Senior,Remote,167500.0,192808.0,"C++, Python, Java"
ML/AI Engineer,Remote,Other US,Senior,Remote,228500.0,195454.0,"Bash, Python"
ML/AI Engineer,Remote,Other US,Senior,Remote,227000.0,195454.0,"R, Python"
ML/AI Engineer,Remote,Other US,Senior,Remote,236500.0,195454.0,"Bash, Julia, Python"
ML/AI Engineer,Remote,Other US,Senior,Remote,212000.0,195454.0,"C++, Julia, Python"
ML/AI Engineer,Remote,Other US,Senior,Remote,171500.0,195454.0,"C++, Go, SQL, Python"
ML/AI Engineer,Remote,Other US,Senior,Remote,237500.0,195454.0,"SQL, Python"
ML/AI Engineer,Remote,Other US,Senior,Remote,145000.0,195454.0,"Scala, Python, C++"
ML/AI Engineer,Remote,Other US,Senior,Remote,163000.0,195454.0,"Go, Python, Julia"
Other Tech Role,Remote,Other US,Senior,Remote,233000.0,192808.0,"Bash, SQL, Python"
Other Tech Role,Remote,Other US,Senior,Remote,151000.0,192808.0,"Scala, C++, Python"
Other Tech Role,Remote,Other US,Senior,Remote,158000.0,192808.0,"Scala, Python"
Other Tech Role,Remote,Other US,Senior,Remote,165500.0,192808.0,"R, Julia, Go, Python"
Other Tech Role,Remote,Other US,Senior,Remote,211500.0,192808.0,"Go, Julia, Python"
Other Tech Role,Remote,Other US,Senior,Remote,241500.0,192808.0,"Scala, Bash, Python"
Other Tech Role,Remote,Other US,Senior,Remote,163000.0,192808.0,"Bash, SQL, Scala, Python"
Other Tech Role,Remote,Other US,Senior,Remote,166000.0,192808.0,"Go, Java, R, Python"
Other Tech Role,Remote,Other US,Senior,Remote,147500.0,192808.0,"Bash, Python"
ML/AI Engineer,Remote,Other US,Senior,Remote,263000.0,195454.0,"R, Go, C++, Python"
ML/AI Engineer,Remote,Other US,Senior,Remote,235000.0,195454.0,"Python, Go, Java"
ML/AI Engineer,Remote,Other US,Senior,Remote,154500.0,195454.0,"Go, Julia, Java, Python"
ML/AI Engineer,Remote,Other US,Senior,Remote,150000.0,195454.0,"Julia, Scala, C++, Python"
Other Tech Role,Remote,Other US,Senior,Remote,214000.0,192808.0,"Python, Julia, Go"
Other Tech Role,Remote,Other US,Senior,Remote,226500.0,192808.0,"Go, Java, SQL, Python"
Other Tech Role,Remote,Other US,Senior,Remote,161500.0,192808.0,"Bash, R, Scala, Python"
Data Engineer,Remote,Other US,Senior,Remote,220500.0,193770.0,"Go, Python"
Data Engineer,Remote,Other US,Senior,Remote,229500.0,193770.0,"Bash, Scala, Python"
Other Tech Role,Remote,Other US,Senior,Remote,237500.0,192808.0,"Julia, Python"
Other Tech Role,Remote,Other US,Senior,Remote,156500.0,192808.0,"Bash, Python"
Other Tech Role,Remote,Other US,Senior,Remote,158500.0,192808.0,"Python, SQL"
Other Tech Role,Remote,Other US,Senior,Remote,174000.0,192808.0,"Go, R, Python"
ML/AI Engineer,Remote,Other US,Senior,Remote,163500.0,195454.0,"Python, R, Scala"
Other Tech Role,Remote,Other US,Senior,Remote,162000.0,192808.0,"Julia, C++, SQL, Python"
ML/AI Engineer,Remote,Other US,Senior,Remote,226000.0,195454.0,"SQL, Go, Python"
ML/AI Engineer,Remote,Other US,Senior,Remote,171500.0,195454.0,"C++, Bash, Scala, Python"
ML/AI Engineer,Remote,Other US,Senior,Remote,239000.0,195454.0,"Scala, Bash, Python"
ML/AI Engineer,Remote,Other US,Senior,Remote,155000.0,195454.0,"C++, Python"
ML/AI Engineer,Remote,Other US,Senior,Remote,237000.0,195454.0,"Python, SQL, Julia"
Other Tech Role,Remote,Other US,Senior,Remote,229500.0,192808.0,"Java, Python"
Other Tech Role,Remote,Other US,Senior,Remote,222500.0,192808.0,"Scala, Python"
Other Tech Role,Remote,Other US,Senior,Remote,151500.0,192808.0,"Julia, Python"
Other Tech Role,Remote,Other US,Senior,Remote,232000.0,192808.0,"Java, Julia, Python"
Other Tech Role,Remote,Other US,Senior,Remote,220500.0,192808.0,"SQL, C++"
Other Tech Role,Remote,Other US,Senior,Remote,143500.0,192808.0,"SQL, Go, Python"
ML/AI Engineer,Remote,Other US,Senior,Remote,248000.0,195454.0,"C++, Python"
ML/AI Engineer,Remote,Other US,Senior,Remote,166000.0,195454.0,"SQL, Go, C++, Python"
ML/AI Engineer,Remote,Other US,Senior,Remote,236500.0,195454.0,"Go, SQL, Python"
ML/AI Engineer,Remote,Other US,Senior,Remote,147000.0,195454.0,"Scala, Python"
Other Tech Role,Remote,Other US,Senior,Remote,209500.0,192808.0,"Go, Julia, Bash"
Other Tech Role,Remote,Other US,Senior,Remote,259500.0,192808.0,"Go, C++"
Data Engineer,Remote,Other US,Senior,Remote,237500.0,193770.0,"Java, SQL, Python"
Data Engineer,Remote,Other US,Senior,Remote,265000.0,193770.0,"C++, Bash, Go, Python"
Data Scientist,Remote,Other US,Senior,Remote,150500.0,198944.0,"Go, Java, Python"
Other Tech Role,Remote,Other US,Senior,Remote,234500.0,192808.0,"Scala, Python"
Other Tech Role,Remote,Other US,Senior,Remote,237500.0,192808.0,"R, Go, Python"
Other Tech Role,Remote,Other US,Senior,Remote,253000.0,192808.0,"Go, Scala, Python"
Other Tech Role,Remote,Other US,Senior,Remote,157000.0,192808.0,"Scala, Java, Go, Python"
ML/AI Engineer,Remote,Other US,Senior,Remote,249500.0,195454.0,"Python, SQL"
ML/AI Engineer,Remote,Other US,Senior,Remote,249000.0,195454.0,"SQL, Python"
ML/AI Engineer,Remote,Other US,Senior,Remote,149000.0,195454.0,"Julia, Python"
ML/AI Engineer,Remote,Other US,Senior,Remote,248500.0,195454.0,"Go, C++, Scala, Python"
ML/AI Engineer,Remote,Other US,Senior,Remote,163500.0,195454.0,"R, Python"
Other Tech Role,Remote,Other US,Senior,Remote,242500.0,192808.0,"C++, Scala, Java, Python"
Other Tech Role,Remote,Other US,Senior,Remote,214500.0,192808.0,Julia
Other Tech Role,Remote,Other US,Senior,Remote,163500.0,192808.0,"Julia, Python, Go"
ML/AI Engineer,Remote,Other US,Senior,Remote,231000.0,195454.0,"Bash, Go, Scala, Python"
ML/AI Engineer,Remote,Other US,Senior,Remote,155500.0,195454.0,"Julia, Python"
ML/AI Engineer,Remote,Other US,Senior,Remote,232000.0,195454.0,"Java, Go, Python"
ML/AI Engineer,Remote,Other US,Senior,Remote,250500.0,195454.0,"Java, Python"
Other Tech Role,Remote,Other US,Senior,Remote,236500.0,192808.0,"Bash, Python"
Other Tech Role,Remote,Other US,Senior,Remote,151500.0,192808.0,"SQL, Python"
Data Scientist,Remote,Other US,Senior,Remote,206500.0,198944.0,Python
Data Scientist,Remote,Other US,Senior,Remote,153000.0,198944.0,"Go, Julia, Python"
Other Tech Role,Remote,Other US,Senior,Remote,142500.0,192808.0,"Bash, R, Scala, Python"
Other Tech Role,Remote,Other US,Senior,Remote,161000.0,192808.0,"SQL, Scala, Go, Python"
ML/AI Engineer,Remote,Other US,Senior,Remote,158000.0,195454.0,"Scala, Bash, Python"
ML/AI Engineer,Remote,Other US,Senior,Remote,159000.0,195454.0,"C++, Python, Bash"
ML/AI Engineer,Remote,Other US,Senior,Remote,238000.0,195454.0,"Java, Julia, Python"
ML/AI Engineer,Remote,Other US,Senior,Remote,142500.0,195454.0,"Java, Julia, Go, Python"
ML/AI Engineer,Remote,Other US,Senior,Remote,166500.0,195454.0,"Java, Julia, Python"
ML/AI Engineer,Remote,Other US,Senior,Remote,234500.0,195454.0,"Scala, Julia, Python"
ML/AI Engineer,Remote,Other US,Senior,Remote,153000.0,195454.0,"Bash, Julia, R, Python"
Other Tech Role,Remote,Other US,Senior,Remote,147500.0,192808.0,"Bash, C++, Python"
Other Tech Role,Remote,Other US,Senior,Remote,229500.0,192808.0,"Scala, Go, C++"
ML/AI Engineer,Remote,Other US,Senior,Remote,147000.0,195454.0,"Bash, Python"
ML/AI Engineer,Remote,Other US,Senior,Remote,166000.0,195454.0,"Java, C++, Python"
ML/AI Engineer,Remote,Other US,Senior,Remote,209500.0,195454.0,"Bash, Python"
ML/AI Engineer,Remote,Other US,Senior,Remote,229000.0,195454.0,"Bash, Python, Julia"
ML/AI Engineer,Remote,Other US,Senior,Remote,158000.0,195454.0,"Python, Go"
ML/AI Engineer,Remote,Other US,Senior,Remote,255000.0,195454.0,"Go, R, Python"
ML/AI Engineer,Remote,Other US,Senior,Remote,156500.0,195454.0,"Bash, C++, Python"
ML/AI Engineer,Remote,Other US,Senior,Remote,161500.0,195454.0,"SQL, Scala, Python"
Other Tech Role,Remote,Other US,Senior,Remote,212000.0,192808.0,"Go, C++, Bash, Python"
Other Tech Role,Remote,Other US,Senior,Remote,245500.0,192808.0,"Go, Bash, Java, Python"
Other Tech Role,Remote,Other US,Senior,Remote,162500.0,192808.0,"Bash, R, Python"
Data Engineer,Remote,Other US,Senior,Remote,243500.0,193770.0,"Scala, Python"
Data Engineer,Remote,Other US,Senior,Remote,254000.0,193770.0,"SQL, Python"
Data Engineer,Remote,Other US,Senior,Remote,144500.0,193770.0,"Bash, Java, SQL, Python"
Data Engineer,Remote,Other US,Senior,Remote,153500.0,193770.0,"Python, C++, Bash"
Data Engineer,Remote,Other US,Senior,Remote,155500.0,193770.0,"SQL, R, Java, Python"
Other Tech Role,Remote,Other US,Senior,Remote,240000.0,192808.0,"Julia, C++, R, Python"
Other Tech Role,Remote,Other US,Senior,Remote,243500.0,192808.0,"Julia, Python"
Other Tech Role,Remote,Other US,Senior,Remote,243000.0,192808.0,"R, Python"
ML/AI Engineer,Remote,Other US,Senior,Remote,245500.0,195454.0,"Python, Scala, Bash"
ML/AI Engineer,Remote,Other US,Senior,Remote,158500.0,195454.0,"Bash, Java"
ML/AI Engineer,Remote,Other US,Senior,Remote,216500.0,195454.0,"Julia, Java, Scala, Python"
ML/AI Engineer,Remote,Other US,Senior,Remote,220500.0,195454.0,"Go, Java, Python"
ML/AI Engineer,Remote,Other US,Senior,Remote,233000.0,195454.0,"C++, Python"
ML/AI Engineer,Remote,Other US,Senior,Remote,143500.0,195454.0,"Java, Bash, Go, Python"
Other Tech Role,Remote,Other US,Senior,Remote,169500.0,192808.0,"Julia, R, Java, Python"
Other Tech Role,Remote,Other US,Senior,Remote,219000.0,192808.0,"Bash, Scala, Python"
Other Tech Role,Remote,Other US,Senior,Remote,245500.0,192808.0,"Julia, Scala, C++, Python"
Other Tech Role,Remote,Other US,Senior,Remote,231500.0,192808.0,"Python, C++, Bash"
ML/AI Engineer,Remote,Other US,Senior,Remote,153500.0,195454.0,"Java, Python"
ML/AI Engineer,Remote,Other US,Senior,Remote,151000.0,195454.0,"Julia, R, SQL, Python"
ML/AI Engineer,Remote,Other US,Senior,Remote,154500.0,195454.0,"SQL, Bash, R, Python"
ML/AI Engineer,Remote,Other US,Senior,Remote,217000.0,195454.0,"Python, R, C++"
Other Tech Role,Remote,Other US,Senior,Remote,211500.0,192808.0,Python
Other Tech Role,Remote,Other US,Senior,Remote,226000.0,192808.0,"Python, Bash"
Other Tech Role,Remote,Other US,Senior,Remote,163000.0,192808.0,"C++, SQL, Python"
Other Tech Role,Remote,Other US,Senior,Remote,209000.0,192808.0,"SQL, Python"
Other Tech Role,Remote,Other US,Senior,Remote,224500.0,192808.0,"Bash, C++, Python"
Data Engineer,Remote,Other US,Senior,Remote,239000.0,193770.0,"C++, Scala, R, Python"
Data Engineer,Remote,Other US,Senior,Remote,161000.0,193770.0,"Java, Python"
Data Scientist,Remote,Other US,Senior,Remote,217500.0,198944.0,"R, Python"
Other Tech Role,Remote,Other US,Senior,Remote,242500.0,192808.0,"Scala, Python"
ML/AI Engineer,Remote,Other US,Senior,Remote,158000.0,195454.0,"R, Julia, SQL, Python"
ML/AI Engineer,Remote,Other US,Senior,Remote,154000.0,195454.0,"C++, Scala, Python"
ML/AI Engineer,Remote,Other US,Senior,Remote,257500.0,195454.0,"Scala, SQL, Python"
ML/AI Engineer,Remote,Other US,Senior,Remote,203500.0,195454.0,"Scala, C++, Python"
ML/AI Engineer,Remote,Other US,Senior,Remote,158500.0,195454.0,"Python, Scala, Bash"
Other Tech Role,Remote,Other US,Senior,Remote,240000.0,192808.0,"SQL, R, Python"
Other Tech Role,Remote,Other US,Senior,Remote,243000.0,192808.0,"Java, C++, Python"
Other Tech Role,Remote,Other US,Senior,Remote,144000.0,192808.0,"Bash, Go, Scala, Python"
Other Tech Role,Remote,Other US,Senior,Remote,213500.0,192808.0,"Scala, Python"
Other Tech Role,Remote,Other US,Senior,Remote,205500.0,192808.0,"Bash, Julia, Python"
Other Tech Role,Remote,Other US,Senior,Remote,159000.0,192808.0,"SQL, Python"
Other Tech Role,Remote,Other US,Senior,Remote,165500.0,192808.0,"C++, Python"
ML/AI Engineer,Remote,Other US,Senior,Remote,258000.0,195454.0,"R, SQL"
ML/AI Engineer,Remote,Other US,Senior,Remote,241000.0,195454.0,"C++, Go, Python"
ML/AI Engineer,Remote,Other US,Senior,Remote,155500.0,195454.0,"Python, Java"
ML/AI Engineer,Remote,Other US,Senior,Remote,148000.0,195454.0,Python
Other Tech Role,Remote,Other US,Senior,Remote,158000.0,192808.0,"Bash, C++, Python"
Other Tech Role,Remote,Other US,Senior,Remote,168500.0,192808.0,"SQL, Go, Java, Python"
Other Tech Role,Remote,Other US,Senior,Remote,149500.0,192808.0,"R, SQL, Java, Python"
Data Engineer,Remote,Other US,Senior,Remote,213000.0,193770.0,"Scala, Python"
Data Engineer,Remote,Other US,Senior,Remote,141500.0,193770.0,"Java, Python"
Data Scientist,Remote,Other US,Senior,Remote,219000.0,198944.0,"R, SQL, C++, Python"
Other Tech Role,Remote,Other US,Senior,Remote,160500.0,192808.0,"Julia, Python"
ML/AI Engineer,Remote,Other US,Senior,Remote,223000.0,195454.0,"Julia, Python"
ML/AI Engineer,Remote,Other US,Senior,Remote,243500.0,195454.0,"SQL, R, Julia, Python"
ML/AI Engineer,Remote,Other US,Senior,Remote,151000.0,195454.0,"Java, Python"
ML/AI Engineer,Remote,Other US,Senior,Remote,236500.0,195454.0,"R, Scala, Go, Python"
Other Tech Role,Remote,Other US,Senior,Remote,250500.0,192808.0,"Bash, Java, C++"
Other Tech Role,Remote,Other US,Senior,Remote,250000.0,192808.0,"Java, Python"
Other Tech Role,Remote,Other US,Senior,Remote,146500.0,192808.0,"Bash, Java, Python"
ML/AI Engineer,Remote,Other US,Senior,Remote,224500.0,195454.0,"Go, Python"
ML/AI Engineer,Remote,Other US,Senior,Remote,262000.0,195454.0,"Julia, C++, Python"
ML/AI Engineer,Remote,Other US,Senior,Remote,145000.0,195454.0,Python
ML/AI Engineer,Remote,Other US,Senior,Remote,218500.0,195454.0,"Julia, Java, Python"
ML/AI Engineer,Remote,Other US,Senior,Remote,237500.0,195454.0,"Julia, Python"
Other Tech Role,Remote,Other US,Senior,Remote,219500.0,192808.0,"SQL, Python"
Other Tech Role,Remote,Other US,Senior,Remote,149500.0,192808.0,"SQL, Scala, Python"
Other Tech Role,Remote,Other US,Senior,Remote,171500.0,192808.0,"Scala, Python"
Data Engineer,Remote,Other US,Senior,Remote,158000.0,193770.0,Python
Data Scientist,Remote,Other US,Senior,Remote,148000.0,198944.0,"R, Java, C++, Python"
Data Scientist,Remote,Other US,Senior,Remote,164000.0,198944.0,"Bash, R, Python"
Other Tech Role,Remote,Other US,Senior,Remote,166500.0,192808.0,"C++, Python"
ML/AI Engineer,Remote,Other US,Senior,Remote,224500.0,195454.0,"C++, R, Python"
Other Tech Role,Remote,Other US,Senior,Remote,158000.0,192808.0,"R, Python"
Other Tech Role,Remote,Other US,Senior,Remote,163000.0,192808.0,"Python, C++, Java"
ML/AI Engineer,Remote,Other US,Senior,Remote,157500.0,195454.0,"Python, Java, Scala"
ML/AI Engineer,Remote,Other US,Senior,Remote,233500.0,195454.0,"R, Scala, Java, Python"
ML/AI Engineer,Remote,Other US,Senior,Remote,244000.0,195454.0,"SQL, R, Julia"
ML/AI Engineer,Remote,Other US,Senior,Remote,160000.0,195454.0,Python
ML/AI Engineer,Remote,Other US,Senior,Remote,210000.0,195454.0,"Julia, Scala, C++, Python"
Other Tech Role,Remote,Other US,Senior,Remote,148000.0,192808.0,"SQL, R, Go, Python"
ML/AI Engineer,Remote,Other US,Senior,Remote,232500.0,195454.0,"Julia, Java, Bash, Python"
ML/AI Engineer,Remote,Other US,Senior,Remote,162500.0,195454.0,"Julia, Python"
ML/AI Engineer,Remote,Other US,Senior,Remote,249000.0,195454.0,"Scala, Python"
ML/AI Engineer,Remote,Other US,Senior,Remote,142500.0,195454.0,"R, Python, Go"
ML/AI Engineer,Remote,Other US,Senior,Remote,154000.0,195454.0,"C++, Go, R, Python"
ML/AI Engineer,Remote,Other US,Senior,Remote,207500.0,195454.0,Python
ML/AI Engineer,Remote,Other US,Senior,Remote,151500.0,195454.0,"Bash, SQL, R, Python"
ML/AI Engineer,Remote,Other US,Senior,Remote,161500.0,195454.0,"Julia, Python"
Other Tech Role,Remote,Other US,Senior,Remote,155000.0,192808.0,"Python, Scala, SQL"
Other Tech Role,Remote,Other US,Senior,Remote,160000.0,192808.0,"Python, R"
Other Tech Role,Remote,Other US,Senior,Remote,227500.0,192808.0,"Python, Go"
Data Engineer,Remote,Other US,Senior,Remote,160000.0,193770.0,"Go, Julia, Python"
Other Tech Role,Remote,Other US,Senior,Remote,242000.0,192808.0,"SQL, Go, Python"
ML/AI Engineer,Remote,Other US,Senior,Remote,215000.0,195454.0,"Julia, Scala, Python"
ML/AI Engineer,Remote,Other US,Senior,Remote,221000.0,195454.0,"Go, R, Python"
ML/AI Engineer,Remote,Other US,Senior,Remote,252000.0,195454.0,"SQL, Scala, Python"
ML/AI Engineer,Remote,Other US,Senior,Remote,158500.0,195454.0,"Go, Python"
ML/AI Engineer,Remote,Other US,Senior,Remote,221500.0,195454.0,"Julia, Scala, Bash"
ML/AI Engineer,Remote,Other US,Senior,Remote,263500.0,195454.0,"Go, Scala, Python"
ML/AI Engineer,Remote,Other US,Senior,Remote,223000.0,195454.0,"Bash, Scala, Python"
Other Tech Role,Remote,Other US,Senior,Remote,235500.0,192808.0,"Julia, Java, R, Python"
Other Tech Role,Remote,Other US,Senior,Remote,226000.0,192808.0,"R, Julia, Python"
Other Tech Role,Remote,Other US,Senior,Remote,231000.0,192808.0,"SQL, Python"
Other Tech Role,Remote,Other US,Senior,Remote,147000.0,192808.0,"Python, Scala, R"
Other Tech Role,Remote,Other US,Senior,Remote,157000.0,192808.0,"Julia, Python"
Other Tech Role,Remote,Other US,Senior,Remote,219500.0,192808.0,"Bash, Scala, R, Python"
Other Tech Role,Remote,Other US,Senior,Remote,141000.0,192808.0,"Julia, Bash, Go, Python"
Other Tech Role,Remote,Other US,Senior,Remote,211000.0,192808.0,"Python, R, Go"
Other Tech Role,Remote,Other US,Senior,Remote,220500.0,192808.0,"Scala, SQL, Python"
Other Tech Role,Remote,Other US,Senior,Remote,159500.0,192808.0,"Bash, R, Go"
Other Tech Role,Remote,Other US,Senior,Remote,169000.0,192808.0,"Bash, Scala, Python"
ML/AI Engineer,Remote,Other US,Senior,Remote,211000.0,195454.0,"C++, R, Python"
ML/AI Engineer,Remote,Other US,Senior,Remote,243000.0,195454.0,"Scala, Python"
ML/AI Engineer,Remote,Other US,Senior,Remote,160500.0,195454.0,"Scala, Python, Go"
ML/AI Engineer,Remote,Other US,Senior,Remote,209000.0,195454.0,"Bash, Python, R"
ML/AI Engineer,Remote,Other US,Senior,Remote,156000.0,195454.0,"SQL, R, Python"
ML/AI Engineer,Remote,Other US,Senior,Remote,217000.0,195454.0,"Julia, SQL, Python"
Other Tech Role,Remote,Other US,Senior,Remote,216000.0,192808.0,"Julia, Scala, Python"
Data Engineer,Remote,Other US,Senior,Remote,246500.0,193770.0,"Python, Go"
Data Engineer,Remote,Other US,Senior,Remote,260000.0,193770.0,"Java, Python"
Data Scientist,Remote,Other US,Senior,Remote,223500.0,198944.0,"Bash, C++, R, Python"
Data Scientist,Remote,Other US,Senior,Remote,240000.0,198944.0,"C++, SQL, Python"
Data Scientist,Remote,Other US,Senior,Remote,169000.0,198944.0,"Go, Python, Bash"
Other Tech Role,Remote,Other US,Senior,Remote,199500.0,192808.0,"SQL, Julia, Python"
Other Tech Role,Remote,Other US,Senior,Remote,161000.0,192808.0,"C++, SQL, Python"
ML/AI Engineer,Remote,Other US,Senior,Remote,208000.0,195454.0,"Scala, Java, Python"
ML/AI Engineer,Remote,Other US,Senior,Remote,230500.0,195454.0,"Scala, Go, Python"
ML/AI Engineer,Remote,Other US,Senior,Remote,253000.0,195454.0,"Julia, Bash, Python"
ML/AI Engineer,Remote,Other US,Senior,Remote,155000.0,195454.0,"Bash, C++, Python"
ML/AI Engineer,Remote,Other US,Senior,Remote,161000.0,195454.0,"Scala, Python"
Other Tech Role,Remote,Other US,Senior,Remote,153500.0,192808.0,Python
ML/AI Engineer,Remote,Other US,Senior,Remote,232500.0,195454.0,"R, Julia, Bash, Python"
ML/AI Engineer,Remote,Other US,Senior,Remote,258000.0,195454.0,"Julia, Bash, C++, Python"
ML/AI Engineer,Remote,Other US,Senior,Remote,243500.0,195454.0,"R, Julia, Python"
Other Tech Role,Remote,Other US,Senior,Remote,147000.0,192808.0,"Go, Julia, Python"
Other Tech Role,Remote,Other US,Senior,Remote,159000.0,192808.0,"R, Python"
Other Tech Role,Remote,Other US,Senior,Remote,248000.0,192808.0,"R, Bash, Python"
Other Tech Role,Remote,Other US,Senior,Remote,212500.0,192808.0,"Go, Python, R"
Other Tech Role,Remote,Other US,Senior,Remote,236000.0,192808.0,"Go, Python"
Other Tech Role,Remote,Other US,Senior,Remote,258000.0,192808.0,"Bash, Python, Go"
Other Tech Role,Remote,Other US,Senior,Remote,157000.0,192808.0,"Java, Go, R, Python"
ML/AI Engineer,Remote,Other US,Senior,Remote,227500.0,195454.0,"Julia, R, Python"
ML/AI Engineer,Remote,Other US,Senior,Remote,206000.0,195454.0,"Bash, Python"
ML/AI Engineer,Remote,Other US,Senior,Remote,227500.0,195454.0,"Bash, Python"
ML/AI Engineer,Remote,Other US,Senior,Remote,234500.0,195454.0,"R, C++, SQL, Python"
ML/AI Engineer,Remote,Other US,Senior,Remote,168500.0,195454.0,"C++, Python, SQL"
ML/AI Engineer,Remote,Other US,Senior,Remote,226500.0,195454.0,"R, Julia, Go, Python"
ML/AI Engineer,Remote,Other US,Senior,Remote,243000.0,195454.0,"Go, Python"
Other Tech Role,Remote,Other US,Senior,Remote,203000.0,192808.0,"R, Go, Python"
Data Engineer,Remote,Other US,Senior,Remote,164500.0,193770.0,"Go, Python"
Data Scientist,Remote,Other US,Senior,Remote,156000.0,198944.0,"Scala, R, Python"
Other Tech Role,Remote,Other US,Senior,Remote,223000.0,192808.0,"Bash, Julia, Python"
Other Tech Role,Remote,Other US,Senior,Remote,229000.0,192808.0,"Go, Bash, Java, Python"
Other Tech Role,Remote,Other US,Senior,Remote,228500.0,192808.0,"C++, SQL, Scala, Python"
Other Tech Role,Remote,Other US,Senior,Remote,247500.0,192808.0,"R, Julia, SQL, Python"
Other Tech Role,Remote,Other US,Senior,Remote,260000.0,192808.0,"Python, SQL, C++"
Other Tech Role,Remote,Other US,Senior,Remote,163000.0,192808.0,"SQL, Scala, Python"
Other Tech Role,Remote,Other US,Senior,Remote,165500.0,192808.0,"Java, Python"
ML/AI Engineer,Remote,Other US,Senior,Remote,241500.0,195454.0,"C++, Python"
ML/AI Engineer,Remote,Other US,Senior,Remote,158500.0,195454.0,"Go, Python"
ML/AI Engineer,Remote,Other US,Senior,Remote,166500.0,195454.0,"Go, Scala"
ML/AI Engineer,Remote,Other US,Senior,Remote,232500.0,195454.0,"Go, SQL, Scala, Python"
ML/AI Engineer,Remote,Other US,Senior,Remote,234500.0,195454.0,"Java, Go, Python"
ML/AI Engineer,Remote,Other US,Senior,Remote,251000.0,195454.0,"R, Python"
ML/AI Engineer,Remote,Other US,Senior,Remote,153000.0,195454.0,"Python, Bash, Julia"
ML/AI Engineer,Remote,Other US,Senior,Remote,169000.0,195454.0,"SQL, Python"
ML/AI Engineer,Remote,Other US,Senior,Remote,165500.0,195454.0,"Bash, R, Python"
Other Tech Role,Remote,Other US,Senior,Remote,223500.0,192808.0,"C++, Python"
Other Tech Role,Remote,Other US,Senior,Remote,151000.0,192808.0,"R, Java, Bash, Python"
Other Tech Role,Remote,Other US,Senior,Remote,165500.0,192808.0,"SQL, R, Python"
Other Tech Role,Remote,Other US,Senior,Remote,223000.0,192808.0,"R, Go, Java, Python"
Other Tech Role,Remote,Other US,Senior,Remote,225500.0,192808.0,"SQL, Python"
Other Tech Role,Remote,Other US,Senior,Remote,159500.0,192808.0,Python
Other Tech Role,Remote,Other US,Senior,Remote,226000.0,192808.0,"Scala, SQL, Go, Python"
Other Tech Role,Remote,Other US,Senior,Remote,210500.0,192808.0,"Scala, Python"
ML/AI Engineer,Remote,Other US,Senior,Remote,165000.0,195454.0,"Bash, Python"
ML/AI Engineer,Remote,Other US,Senior,Remote,249000.0,195454.0,"Go, C++, Julia, Python"
ML/AI Engineer,Remote,Other US,Senior,Remote,237500.0,195454.0,Python
Other Tech Role,Remote,Other US,Senior,Remote,168500.0,192808.0,"Julia, Python"
Other Tech Role,Remote,Other US,Senior,Remote,158500.0,192808.0,"Python, Julia"
Data Engineer,Remote,Other US,Senior,Remote,240000.0,193770.0,"Scala, Python, SQL"
Data Engineer,Remote,Other US,Senior,Remote,150500.0,193770.0,"Scala, Python"
Other Tech Role,Remote,Other US,Senior,Remote,148000.0,192808.0,"Go, Python"
ML/AI Engineer,Remote,Other US,Senior,Remote,217500.0,195454.0,"Julia, Bash, C++, Python"
ML/AI Engineer,Remote,Other US,Senior,Remote,236000.0,195454.0,"Go, Python"
ML/AI Engineer,Remote,Other US,Senior,Remote,242000.0,195454.0,"Julia, Bash, Python"
ML/AI Engineer,Remote,Other US,Senior,Remote,159500.0,195454.0,"C++, Java, Julia, Python"
ML/AI Engineer,Remote,Other US,Senior,Remote,159500.0,195454.0,"Julia, Java, Python"
Other Tech Role,Remote,Other US,Senior,Remote,161500.0,192808.0,"Go, Java, Python"
Other Tech Role,Remote,Other US,Senior,Remote,249000.0,192808.0,"Go, R, SQL, Python"
Other Tech Role,Remote,Other US,Senior,Remote,155000.0,192808.0,"Go, Java, Python"
Other Tech Role,Remote,Other US,Senior,Remote,151500.0,192808.0,"Python, Bash"
Other Tech Role,Remote,Other US,Senior,Remote,152500.0,192808.0,"Scala, Python"
Other Tech Role,Remote,Other US,Senior,Remote,162000.0,192808.0,"Go, Scala, Java, Python"
ML/AI Engineer,Remote,Other US,Senior,Remote,220500.0,195454.0,"Go, Java, R, Python"
ML/AI Engineer,Remote,Other US,Senior,Remote,236000.0,195454.0,"C++, Python, Julia"
ML/AI Engineer,Remote,Other US,Senior,Remote,233500.0,195454.0,"Julia, Python"
Other Tech Role,Remote,Other US,Senior,Remote,205500.0,192808.0,"Bash, Python"
Data Scientist,Remote,Other US,Senior,Remote,151500.0,198944.0,"C++, Python"
Data Scientist,Remote,Other US,Senior,Remote,157500.0,198944.0,"Java, C++, Python"
ML/AI Engineer,Remote,Other US,Senior,Remote,157500.0,195454.0,"C++, SQL, Python"
Other Tech Role,Remote,Other US,Senior,Remote,243000.0,192808.0,"R, Python"
ML/AI Engineer,Remote,Other US,Senior,Remote,240000.0,195454.0,"Java, R, Python"
ML/AI Engineer,Remote,Other US,Senior,Remote,210500.0,195454.0,"SQL, Go, Python"
ML/AI Engineer,Remote,Other US,Senior,Remote,152000.0,195454.0,"Python, Bash"
ML/AI Engineer,Remote,Other US,Senior,Remote,237500.0,195454.0,"SQL, Python"
ML/AI Engineer,Remote,Other US,Senior,Remote,263500.0,195454.0,"Scala, Python"
Other Tech Role,Remote,Other US,Senior,Remote,225500.0,192808.0,"SQL, Python, R"
Other Tech Role,Remote,Other US,Senior,Remote,165500.0,192808.0,"R, C++, Python"
Other Tech Role,Remote,Other US,Senior,Remote,161000.0,192808.0,"C++, Go, Python"
Other Tech Role,Remote,Other US,Senior,Remote,145000.0,192808.0,"C++, Scala, Python"
Other Tech Role,Remote,Other US,Senior,Remote,224500.0,192808.0,"Go, Scala, Python"
Other Tech Role,Remote,Other US,Senior,Remote,148000.0,192808.0,"Julia, Bash, Python"
ML/AI Engineer,Remote,Other US,Senior,Remote,230500.0,195454.0,Python
ML/AI Engineer,Remote,Other US,Senior,Remote,254000.0,195454.0,"Java, Python"
ML/AI Engineer,Remote,Other US,Senior,Remote,225500.0,195454.0,"Bash, Python"
ML/AI Engineer,Remote,Other US,Senior,Remote,214000.0,195454.0,"Python, R"
Other Tech Role,Remote,Other US,Senior,Remote,164000.0,192808.0,"R, Julia, Python"
Other Tech Role,Remote,Other US,Senior,Remote,209500.0,192808.0,"Java, Python"
Data Engineer,Remote,Other US,Senior,Remote,222500.0,193770.0,"SQL, Julia, Python"
Data Engineer,Remote,Other US,Senior,Remote,149500.0,193770.0,"Bash, Python"
Data Scientist,Remote,Other US,Senior,Remote,245500.0,198944.0,"C++, R, Python"
Data Scientist,Remote,Other US,Senior,Remote,154500.0,198944.0,"Scala, Java, Python"
Other Tech Role,Remote,Other US,Senior,Remote,142500.0,192808.0,"Python, Bash"
ML/AI Engineer,Remote,Other US,Senior,Remote,235500.0,195454.0,"Julia, Python"
ML/AI Engineer,Remote,Other US,Senior,Remote,151500.0,195454.0,"Scala, Python"
Other Tech Role,Remote,Other US,Senior,Remote,210500.0,192808.0,"Java, Go, Python"
ML/AI Engineer,Remote,Other US,Senior,Remote,170500.0,195454.0,"Go, Bash, Python"
ML/AI Engineer,Remote,Other US,Senior,Remote,149500.0,195454.0,"C++, Go, Python"
ML/AI Engineer,Remote,Other US,Senior,Remote,159500.0,195454.0,"Scala, Julia, Python"
ML/AI Engineer,Remote,Other US,Senior,Remote,222000.0,195454.0,Python
ML/AI Engineer,Remote,Other US,Senior,Remote,234000.0,195454.0,"Bash, Python"
Other Tech Role,Remote,Other US,Senior,Remote,242000.0,192808.0,"Python, Bash, Go"
Other Tech Role,Remote,Other US,Senior,Remote,229500.0,192808.0,"Java, Scala, Python"
Other Tech Role,Remote,Other US,Senior,Remote,164000.0,192808.0,"Python, C++, R"
Other Tech Role,Remote,Other US,Senior,Remote,162000.0,192808.0,"Python, Java"
Other Tech Role,Remote,Other US,Senior,Remote,239500.0,192808.0,"R, Bash, Python"
ML/AI Engineer,Remote,Other US,Senior,Remote,156500.0,195454.0,"Go, Java, Python"
ML/AI Engineer,Remote,Other US,Senior,Remote,155500.0,195454.0,"C++, Python"
ML/AI Engineer,Remote,Other US,Senior,Remote,161500.0,195454.0,"Scala, Python"
ML/AI Engineer,Remote,Other US,Senior,Remote,168500.0,195454.0,"Scala, Java, Python"
ML/AI Engineer,Remote,Other US,Senior,Remote,167500.0,195454.0,"Scala, Java, Python"
ML/AI Engineer,Remote,Other US,Senior,Remote,165000.0,195454.0,Python
Other Tech Role,Remote,Other US,Senior,Remote,169500.0,192808.0,Python
Other Tech Role,Remote,Other US,Senior,Remote,150500.0,192808.0,"SQL, Python"
Data Engineer,Remote,Other US,Senior,Remote,228500.0,193770.0,"Go, Java, SQL, Python"
Data Scientist,Remote,Other US,Senior,Remote,221500.0,198944.0,"Go, C++, R, Python"
Other Tech Role,Remote,Other US,Senior,Remote,251000.0,192808.0,Python
Other Tech Role,Remote,Other US,Senior,Remote,147500.0,192808.0,"R, Julia, Bash, Python"
Other Tech Role,Remote,Other US,Senior,Remote,155000.0,192808.0,"Go, Python"
ML/AI Engineer,Remote,Other US,Senior,Remote,160000.0,195454.0,"Go, Java, Python"
Other Tech Role,Remote,Other US,Senior,Remote,240000.0,192808.0,"Go, Bash, Python"
Other Tech Role,Remote,Other US,Senior,Remote,261000.0,192808.0,"Scala, R, Julia, Python"
ML/AI Engineer,Remote,Other US,Senior,Remote,158000.0,195454.0,"Scala, Bash, Python"
ML/AI Engineer,Remote,Other US,Senior,Remote,150000.0,195454.0,"SQL, Bash, Java, Python"
ML/AI Engineer,Remote,Other US,Senior,Remote,156500.0,195454.0,"Java, Python"
Other Tech Role,Remote,Other US,Senior,Remote,147000.0,192808.0,"Go, Python"
Other Tech Role,Remote,Other US,Senior,Remote,216500.0,192808.0,"Go, Bash, Python"
Other Tech Role,Remote,Other US,Senior,Remote,150000.0,192808.0,"Java, Python"
ML/AI Engineer,Remote,Other US,Senior,Remote,223000.0,195454.0,"Julia, Scala, R, Python"
ML/AI Engineer,Remote,Other US,Senior,Remote,228500.0,195454.0,"Python, Julia"
ML/AI Engineer,Remote,Other US,Senior,Remote,238000.0,195454.0,"Java, Python"
ML/AI Engineer,Remote,Other US,Senior,Remote,218000.0,195454.0,"Go, Python"
ML/AI Engineer,Remote,Other US,Senior,Remote,244000.0,195454.0,Julia
ML/AI Engineer,Remote,Other US,Senior,Remote,237500.0,195454.0,"Scala, Python"
ML/AI Engineer,Remote,Other US,Senior,Remote,166000.0,195454.0,"SQL, Python"
ML/AI Engineer,Remote,Other US,Senior,Remote,168000.0,195454.0,"Java, Python"
ML/AI Engineer,Remote,Other US,Senior,Remote,151000.0,195454.0,"SQL, Scala, Python"
ML/AI Engineer,Remote,Other US,Senior,Remote,148500.0,195454.0,"Python, SQL"
ML/AI Engineer,Remote,Other US,Senior,Remote,154000.0,195454.0,"Python, Java, Go"
Other Tech Role,Remote,Other US,Senior,Remote,217000.0,192808.0,"Go, R"
Other Tech Role,Remote,Other US,Senior,Remote,221000.0,192808.0,"C++, R, Go, Python"
Other Tech Role,Remote,Other US,Senior,Remote,220500.0,192808.0,"C++, Python"
Other Tech Role,Remote,Other US,Senior,Remote,237000.0,192808.0,"Python, Scala"
Data Scientist,Remote,Other US,Senior,Remote,237500.0,198944.0,"Python, Julia"
Other Tech Role,Remote,Other US,Senior,Remote,214500.0,192808.0,"Scala, R, Python"
Other Tech Role,Remote,Other US,Senior,Remote,219500.0,192808.0,"Go, Python"
Other Tech Role,Remote,Other US,Senior,Remote,256500.0,192808.0,"Python, C++, Scala"
Other Tech Role,Remote,Other US,Senior,Remote,155500.0,192808.0,"Python, SQL"
ML/AI Engineer,Remote,Other US,Senior,Remote,155000.0,195454.0,"Go, SQL, Python"
ML/AI Engineer,Remote,Other US,Senior,Remote,223500.0,195454.0,"R, Java, C++, Python"
ML/AI Engineer,Remote,Other US,Senior,Remote,157500.0,195454.0,"Julia, R, Python"
ML/AI Engineer,Remote,Other US,Senior,Remote,162000.0,195454.0,"R, Scala, Julia, Python"
ML/AI Engineer,Remote,Other US,Senior,Remote,249500.0,195454.0,"Julia, Go, SQL, Python"
Other Tech Role,Remote,Other US,Senior,Remote,224500.0,192808.0,"C++, Python, Go"
Other Tech Role,Remote,Other US,Senior,Remote,168000.0,192808.0,"Julia, Python"
Other Tech Role,Remote,Other US,Senior,Remote,212500.0,192808.0,"Bash, Java, R, Python"
Other Tech Role,Remote,Other US,Senior,Remote,160500.0,192808.0,"Java, Bash, Python"
Other Tech Role,Remote,Other US,Senior,Remote,153500.0,192808.0,"R, Python"
ML/AI Engineer,Remote,Other US,Senior,Remote,220500.0,195454.0,"Go, Python"
ML/AI Engineer,Remote,Other US,Senior,Remote,239000.0,195454.0,"Scala, Python"
ML/AI Engineer,Remote,Other US,Senior,Remote,239000.0,195454.0,"Bash, Scala, Python"
ML/AI Engineer,Remote,Other US,Senior,Remote,216500.0,195454.0,"Bash, C++, Go, Python"
ML/AI Engineer,Remote,Other US,Senior,Remote,231000.0,195454.0,"Java, Python"
Other Tech Role,Remote,Other US,Senior,Remote,224000.0,192808.0,"Go, Python"
Other Tech Role,Remote,Other US,Senior,Remote,151000.0,192808.0,"R, Python"
Other Tech Role,Remote,Other US,Senior,Remote,145500.0,192808.0,"Bash, Python"
Data Engineer,Remote,Other US,Senior,Remote,151500.0,193770.0,"Bash, Go"
Data Engineer,Remote,Other US,Senior,Remote,148500.0,193770.0,"Julia, SQL, Python"
Data Scientist,Remote,Other US,Senior,Remote,229500.0,198944.0,"Java, Python"
Data Scientist,Remote,Other US,Senior,Remote,150500.0,198944.0,"Python, Go"
Other Tech Role,Remote,Other US,Senior,Remote,256000.0,192808.0,"Scala, Julia, Python"
Other Tech Role,Remote,Other US,Senior,Remote,158500.0,192808.0,"R, Go, Python"
ML/AI Engineer,Remote,Other US,Senior,Remote,160000.0,195454.0,"SQL, C++, Python"
ML/AI Engineer,Remote,Other US,Senior,Remote,158000.0,195454.0,"R, Python"
ML/AI Engineer,Remote,Other US,Senior,Remote,168000.0,195454.0,"Go, SQL, Python"
ML/AI Engineer,Remote,Other US,Senior,Remote,173500.0,195454.0,"Python, Julia"
Other Tech Role,Remote,Other US,Senior,Remote,164000.0,192808.0,"C++, R, Scala, Python"
Other Tech Role,Remote,Other US,Senior,Remote,254500.0,192808.0,"C++, Python"
Other Tech Role,Remote,Other US,Senior,Remote,144500.0,192808.0,Python
Other Tech Role,Remote,Other US,Senior,Remote,244000.0,192808.0,R
ML/AI Engineer,Remote,Other US,Senior,Remote,162500.0,195454.0,"Julia, Python"
ML/AI Engineer,Remote,Other US,Senior,Remote,152500.0,195454.0,"C++, Go"
ML/AI Engineer,Remote,Other US,Senior,Remote,242500.0,195454.0,"Bash, Java, Python"
ML/AI Engineer,Remote,Other US,Senior,Remote,162500.0,195454.0,"SQL, R, Python"
ML/AI Engineer,Remote,Other US,Senior,Remote,157500.0,195454.0,"Go, R, Julia, Python"
ML/AI Engineer,Remote,Other US,Senior,Remote,212500.0,195454.0,"R, Python"
Other Tech Role,Remote,Other US,Senior,Remote,148500.0,192808.0,"Scala, Go, Python"
Other Tech Role,Remote,Other US,Senior,Remote,217500.0,192808.0,"C++, Python"
Other Tech Role,Remote,Other US,Senior,Remote,240500.0,192808.0,"Java, Go, R, Python"
Other Tech Role,Remote,Other US,Senior,Remote,167500.0,192808.0,"SQL, Bash, Go, Python"
ML/AI Engineer,Remote,Other US,Senior,Remote,223000.0,195454.0,"Scala, R, Python"
ML/AI Engineer,Remote,Other US,Senior,Remote,155000.0,195454.0,"C++, R, Go, Python"
ML/AI Engineer,Remote,Other US,Senior,Remote,142000.0,195454.0,"R, Julia, C++, Python"
ML/AI Engineer,Remote,Other US,Senior,Remote,150000.0,195454.0,"SQL, Python"
ML/AI Engineer,Remote,Other US,Senior,Remote,253500.0,195454.0,"Scala, Python"
ML/AI Engineer,Remote,Other US,Senior,Remote,149500.0,195454.0,"Go, Python"
ML/AI Engineer,Remote,Other US,Senior,Remote,167500.0,195454.0,"Go, Python"
ML/AI Engineer,Remote,Other US,Senior,Remote,165000.0,195454.0,"Bash, C++, Python"
ML/AI Engineer,Remote,Other US,Senior,Remote,148500.0,195454.0,"Python, R"
ML/AI Engineer,Remote,Other US,Senior,Remote,142000.0,195454.0,"Scala, C++, Python"
Other Tech Role,Remote,Other US,Senior,Remote,231000.0,192808.0,"Scala, Bash, Python"
Other Tech Role,Remote,Other US,Senior,Remote,158500.0,192808.0,"Python, R"
Other Tech Role,Remote,Other US,Senior,Remote,167000.0,192808.0,"SQL, Bash, Julia, Python"
Other Tech Role,Remote,Other US,Senior,Remote,221000.0,192808.0,"Python, Go"
Other Tech Role,Remote,Other US,Senior,Remote,155000.0,192808.0,"Go, Python"
Other Tech Role,Remote,Other US,Senior,Remote,155500.0,192808.0,"SQL, R, Go, Python"
Other Tech Role,Remote,Other US,Senior,Remote,161500.0,192808.0,"Julia, Python"
Other Tech Role,Remote,Other US,Senior,Remote,162000.0,192808.0,"Scala, Java, Python"
ML/AI Engineer,Remote,Other US,Senior,Remote,233000.0,195454.0,"Scala, Python"
ML/AI Engineer,Remote,Other US,Senior,Remote,161000.0,195454.0,"C++, Python"
ML/AI Engineer,Remote,Other US,Senior,Remote,160000.0,195454.0,"Bash, Julia, C++, Python"
ML/AI Engineer,Remote,Other US,Senior,Remote,174000.0,195454.0,"Bash, Python"
Other Tech Role,Remote,Other US,Senior,Remote,233000.0,192808.0,"Java, Scala, Python"
Other Tech Role,Remote,Other US,Senior,Remote,257000.0,192808.0,"R, C++, Java, Python"
Other Tech Role,Remote,Other US,Senior,Remote,154000.0,192808.0,"R, SQL, Scala, Python"
Other Tech Role,Remote,Other US,Senior,Remote,221500.0,192808.0,"C++, SQL, Julia, Python"
Other Tech Role,Remote,Other US,Senior,Remote,232000.0,192808.0,"Scala, Python"
Other Tech Role,Remote,Other US,Senior,Remote,240500.0,192808.0,"C++, Python"
Data Engineer,Remote,Other US,Senior,Remote,157000.0,193770.0,"Scala, Python"
Data Engineer,Remote,Other US,Senior,Remote,169000.0,193770.0,"C++, Python"
Data Scientist,Remote,Other US,Senior,Remote,209500.0,198944.0,"Scala, C++, Python"
Data Scientist,Remote,Other US,Senior,Remote,235000.0,198944.0,"Bash, Scala, Python"
Data Scientist,Remote,Other US,Senior,Remote,151500.0,198944.0,"SQL, C++, Python"
Other Tech Role,Remote,Other US,Senior,Remote,243500.0,192808.0,"Julia, Python, Java"
Other Tech Role,Remote,Other US,Senior,Remote,146500.0,192808.0,"Java, Julia, Python"
Other Tech Role,Remote,Other US,Senior,Remote,147500.0,192808.0,"SQL, Julia, Python"
Other Tech Role,Remote,Other US,Senior,Remote,169500.0,192808.0,"C++, Julia, Go, Python"
ML/AI Engineer,Remote,Other US,Senior,Remote,224000.0,195454.0,"C++, Go, Python"
ML/AI Engineer,Remote,Other US,Senior,Remote,231000.0,195454.0,"Python, C++, SQL"
ML/AI Engineer,Remote,Other US,Senior,Remote,248000.0,195454.0,"Scala, Python, SQL"
ML/AI Engineer,Remote,Other US,Senior,Remote,149000.0,195454.0,"C++, Python, R"
ML/AI Engineer,Remote,Other US,Senior,Remote,227000.0,195454.0,"SQL, Python"
ML/AI Engineer,Remote,Other US,Senior,Remote,157000.0,195454.0,"Go, SQL, Python"
Other Tech Role,Remote,Other US,Senior,Remote,231500.0,192808.0,"Bash, Java, C++, Python"
Other Tech Role,Remote,Other US,Senior,Remote,238000.0,192808.0,"Go, Python"
Other Tech Role,Remote,Other US,Senior,Remote,148500.0,192808.0,"C++, SQL, Python"
Other Tech Role,Remote,Other US,Senior,Remote,159000.0,192808.0,"Java, Julia, Python"
ML/AI Engineer,Remote,Other US,Senior,Remote,157500.0,195454.0,"SQL, Bash, Python"
ML/AI Engineer,Remote,Other US,Senior,Remote,250500.0,195454.0,Python
Data Scientist,Remote,Other US,Senior,Remote,214500.0,198944.0,"Python, Java, Julia"
Data Scientist,Remote,Other US,Senior,Remote,233000.0,198944.0,"Bash, Python"
Data Scientist,Remote,Other US,Senior,Remote,237500.0,198944.0,"C++, Julia, Go, Python"
Data Scientist,Remote,Other US,Senior,Remote,251000.0,198944.0,"Python, Go, C++"
Data Scientist,Remote,Other US,Senior,Remote,143500.0,198944.0,"Bash, Python"
ML/AI Engineer,Remote,Other US,Senior,Remote,160000.0,195454.0,"SQL, Bash, Python"
Other Tech Role,Remote,Other US,Senior,Remote,153000.0,192808.0,Python
Other Tech Role,Remote,Other US,Senior,Remote,155500.0,192808.0,"Julia, R, Java, Python"
ML/AI Engineer,Remote,Other US,Senior,Remote,215500.0,195454.0,"C++, SQL, Python"
ML/AI Engineer,Remote,Other US,Senior,Remote,242500.0,195454.0,"Java, Python"
ML/AI Engineer,Remote,Other US,Senior,Remote,258500.0,195454.0,"Bash, Python, Julia"
ML/AI Engineer,Remote,Other US,Senior,Remote,256500.0,195454.0,"Python, Java, C++"
Other Tech Role,Remote,Other US,Senior,Remote,160000.0,192808.0,"Scala, Go, Python"
Other Tech Role,Remote,Other US,Senior,Remote,162000.0,192808.0,"SQL, Python, Java"
Other Tech Role,Remote,Other US,Senior,Remote,164000.0,192808.0,"Scala, C++, Python"
Other Tech Role,Remote,Other US,Senior,Remote,261500.0,192808.0,"Julia, Java, Python"
ML/AI Engineer,Remote,Other US,Senior,Remote,144500.0,195454.0,"Go, Python"
ML/AI Engineer,Remote,Other US,Senior,Remote,220000.0,195454.0,"Julia, Java, Python"
ML/AI Engineer,Remote,Other US,Senior,Remote,149000.0,195454.0,"Scala, Python"
ML/AI Engineer,Remote,Other US,Senior,Remote,159500.0,195454.0,"Julia, Python"
Other Tech Role,Remote,Other US,Senior,Remote,213000.0,192808.0,"SQL, R, Go, Python"
Other Tech Role,Remote,Other US,Senior,Remote,142500.0,192808.0,"R, Python"
Data Scientist,Remote,Other US,Senior,Remote,151500.0,198944.0,"C++, Scala, Java"
Other Tech Role,Remote,Other US,Senior,Remote,160000.0,192808.0,"C++, Python"
ML/AI Engineer,Remote,Other US,Senior,Remote,254000.0,195454.0,"C++, Julia, R, Python"
Other Tech Role,Remote,Other US,Senior,Remote,233500.0,192808.0,"C++, Python"
Other Tech Role,Remote,Other US,Senior,Remote,225500.0,192808.0,"Java, Scala"
Other Tech Role,Remote,Other US,Senior,Remote,249000.0,192808.0,"SQL, Julia, Python"
Other Tech Role,Remote,Other US,Senior,Remote,254500.0,192808.0,"C++, Scala, Python"
Other Tech Role,Remote,Other US,Senior,Remote,153000.0,192808.0,"R, Python"
ML/AI Engineer,Remote,Other US,Senior,Remote,241000.0,195454.0,"Go, Python"
ML/AI Engineer,Remote,Other US,Senior,Remote,162500.0,195454.0,"Go, Bash, Java, Python"
ML/AI Engineer,Remote,Other US,Senior,Remote,157000.0,195454.0,"C++, Go, Python"
ML/AI Engineer,Remote,Other US,Senior,Remote,238500.0,195454.0,"Java, Python"
ML/AI Engineer,Remote,Other US,Senior,Remote,152000.0,195454.0,"Java, Julia, Python"
Other Tech Role,Remote,Other US,Senior,Remote,167000.0,192808.0,"R, Go, Java, Python"
Other Tech Role,Remote,Other US,Senior,Remote,150000.0,192808.0,"Java, Go, Python"
Other Tech Role,Remote,Other US,Senior,Remote,157500.0,192808.0,"Bash, Python"
Other Tech Role,Remote,Other US,Senior,Remote,163000.0,192808.0,"Julia, Python"
Other Tech Role,Remote,Other US,Senior,Remote,225500.0,192808.0,"R, Julia, Go, Python"
ML/AI Engineer,Remote,Other US,Senior,Remote,237500.0,195454.0,"Go, Scala, SQL, Python"
ML/AI Engineer,Remote,Other US,Senior,Remote,247000.0,195454.0,"Julia, Go, Python"
ML/AI Engineer,Remote,Other US,Senior,Remote,146000.0,195454.0,"Julia, Go, Python"
ML/AI Engineer,Remote,Other US,Senior,Remote,146500.0,195454.0,"Bash, Python"
ML/AI Engineer,Remote,Other US,Senior,Remote,235500.0,195454.0,"Bash, Python"
ML/AI Engineer,Remote,Other US,Senior,Remote,245000.0,195454.0,"Scala, Bash, Go, Python"
ML/AI Engineer,Remote,Other US,Senior,Remote,153000.0,195454.0,"Julia, Python"
ML/AI Engineer,Remote,Other US,Senior,Remote,222500.0,195454.0,"Bash, Python"
ML/AI Engineer,Remote,Other US,Senior,Remote,230000.0,195454.0,"C++, Bash, Go, Python"
ML/AI Engineer,Remote,Other US,Senior,Remote,165000.0,195454.0,"C++, Python"
Other Tech Role,Remote,Other US,Senior,Remote,256500.0,192808.0,"Java, Scala, Python"
Other Tech Role,Remote,Other US,Senior,Remote,175000.0,192808.0,"SQL, Java, Python"
Other Tech Role,Remote,Other US,Senior,Remote,166000.0,192808.0,"SQL, Python"
Other Tech Role,Remote,Other US,Senior,Remote,171500.0,192808.0,"R, Bash, C++, Python"
Data Engineer,Remote,Other US,Senior,Remote,211500.0,193770.0,"Java, Julia, Bash, Python"
Data Scientist,Remote,Other US,Senior,Remote,164000.0,198944.0,"R, Python"
Data Scientist,Remote,Other US,Senior,Remote,163500.0,198944.0,"R, Go, Python"
Other Tech Role,Remote,Other US,Senior,Remote,203000.0,192808.0,"Julia, R, C++, Python"
ML/AI Engineer,Remote,Other US,Senior,Remote,244000.0,195454.0,"SQL, Python"
ML/AI Engineer,Remote,Other US,Senior,Remote,145500.0,195454.0,Python
ML/AI Engineer,Remote,Other US,Senior,Remote,157500.0,195454.0,"Julia, Scala, Python"
ML/AI Engineer,Remote,Other US,Senior,Remote,240500.0,195454.0,"SQL, Python"
ML/AI Engineer,Remote,Other US,Senior,Remote,151500.0,195454.0,"R, Python, Scala"
ML/AI Engineer,Remote,Other US,Senior,Remote,156500.0,195454.0,"Scala, Python"
Other Tech Role,Remote,Other US,Senior,Remote,154000.0,192808.0,Python
Other Tech Role,Remote,Other US,Senior,Remote,162500.0,192808.0,"R, Scala, Python"
Other Tech Role,Remote,Other US,Senior,Remote,244500.0,192808.0,"Julia, R, Python"
Other Tech Role,Remote,Other US,Senior,Remote,225000.0,192808.0,"Bash, Julia, C++, Python"
ML/AI Engineer,Remote,Other US,Senior,Remote,160000.0,195454.0,"Go, SQL, Bash, Python"
ML/AI Engineer,Remote,Other US,Senior,Remote,217500.0,195454.0,"SQL, C++, Python"
ML/AI Engineer,Remote,Other US,Senior,Remote,147000.0,195454.0,"Bash, Python"
ML/AI Engineer,Remote,Other US,Senior,Remote,151000.0,195454.0,"Julia, Bash, Python"
Other Tech Role,Remote,Other US,Senior,Remote,160000.0,192808.0,"Bash, Julia, Python"
Data Engineer,Remote,Other US,Senior,Remote,228500.0,193770.0,"Bash, Julia, SQL, Python"
Data Scientist,Remote,Other US,Senior,Remote,258500.0,198944.0,"Julia, C++, Python"
Other Tech Role,Remote,Other US,Senior,Remote,219500.0,192808.0,"Go, SQL, R, Python"
Other Tech Role,Remote,Other US,Senior,Remote,156000.0,192808.0,"C++, Julia, Go, Python"
Other Tech Role,Remote,Other US,Senior,Remote,156500.0,192808.0,Python
ML/AI Engineer,Remote,Other US,Senior,Remote,242000.0,195454.0,"SQL, Scala, Python"
ML/AI Engineer,Remote,Other US,Senior,Remote,231500.0,195454.0,"SQL, C++, Scala, Python"
ML/AI Engineer,Remote,Other US,Senior,Remote,243000.0,195454.0,"Julia, Bash, Go, Python"
ML/AI Engineer,Remote,Other US,Senior,Remote,157500.0,195454.0,"Scala, C++, Bash, Python"
ML/AI Engineer,Remote,Other US,Senior,Remote,160000.0,195454.0,"Julia, Python"
ML/AI Engineer,Remote,Other US,Senior,Remote,228500.0,195454.0,"Scala, Bash, Python"
ML/AI Engineer,Remote,Other US,Senior,Remote,230000.0,195454.0,"C++, Go, R, Python"
ML/AI Engineer,Remote,Other US,Senior,Remote,165000.0,195454.0,"Julia, Go, Scala, Python"
ML/AI Engineer,Remote,Other US,Senior,Remote,248000.0,195454.0,"Java, Python, Julia"
Other Tech Role,Remote,Other US,Senior,Remote,158000.0,192808.0,"Java, Python, C++"
Other Tech Role,Remote,Other US,Senior,Remote,218500.0,192808.0,"Scala, Python"
Other Tech Role,Remote,Other US,Senior,Remote,166000.0,192808.0,"C++, Python"
Other Tech Role,Remote,Other US,Senior,Remote,243000.0,192808.0,"R, Python"
Other Tech Role,Remote,Other US,Senior,Remote,161500.0,192808.0,"Julia, Python"
ML/AI Engineer,Remote,Other US,Senior,Remote,213500.0,195454.0,"R, C++, Bash, Python"
ML/AI Engineer,Remote,Other US,Senior,Remote,151000.0,195454.0,"Python, R"
ML/AI Engineer,Remote,Other US,Senior,Remote,147500.0,195454.0,"SQL, Python"
ML/AI Engineer,Remote,Other US,Senior,Remote,153500.0,195454.0,"Scala, Java, Python"
ML/AI Engineer,Remote,Other US,Senior,Remote,155000.0,195454.0,"SQL, Python"
Other Tech Role,Remote,Other US,Senior,Remote,226000.0,192808.0,"R, Python"
Other Tech Role,Remote,Other US,Senior,Remote,153500.0,192808.0,"SQL, Python"
Data Engineer,Remote,Other US,Senior,Remote,215000.0,193770.0,"Java, Python"
Data Scientist,Remote,Other US,Senior,Remote,161500.0,198944.0,Go
Other Tech Role,Remote,Other US,Senior,Remote,237000.0,192808.0,"Scala, Bash, Python"
Other Tech Role,Remote,Other US,Senior,Remote,241500.0,192808.0,"C++, Bash, Python"
Other Tech Role,Remote,Other US,Senior,Remote,161000.0,192808.0,Scala
ML/AI Engineer,Remote,Other US,Senior,Remote,158500.0,195454.0,"Python, C++"
Other Tech Role,Remote,Other US,Senior,Remote,143000.0,192808.0,"SQL, Python"
Other Tech Role,Remote,Other US,Senior,Remote,172500.0,192808.0,"Java, Python"
ML/AI Engineer,Remote,Other US,Senior,Remote,220000.0,195454.0,"C++, Python"
ML/AI Engineer,Remote,Other US,Senior,Remote,218500.0,195454.0,"Bash, SQL, C++, Python"
ML/AI Engineer,Remote,Other US,Senior,Remote,160500.0,195454.0,"Julia, Python"
ML/AI Engineer,Remote,Other US,Senior,Remote,152000.0,195454.0,"C++, Python, SQL"
ML/AI Engineer,Remote,Other US,Senior,Remote,244000.0,195454.0,"R, C++, Python"
ML/AI Engineer,Remote,Other US,Senior,Remote,238000.0,195454.0,"Julia, R, Python"
ML/AI Engineer,Remote,Other US,Senior,Remote,165500.0,195454.0,"C++, R"
Other Tech Role,Remote,Other US,Senior,Remote,156000.0,192808.0,Julia
Other Tech Role,Remote,Other US,Senior,Remote,162000.0,192808.0,"Scala, Go, Julia, Python"
Other Tech Role,Remote,Other US,Senior,Remote,242000.0,192808.0,"SQL, Java, Python"
Other Tech Role,Remote,Other US,Senior,Remote,149500.0,192808.0,"Go, Python"
ML/AI Engineer,Remote,Other US,Senior,Remote,164500.0,195454.0,"Java, Python"
ML/AI Engineer,Remote,Other US,Senior,Remote,169000.0,195454.0,"Java, R, Python"
ML/AI Engineer,Remote,Other US,Senior,Remote,217500.0,195454.0,"Python, SQL"
ML/AI Engineer,Remote,Other US,Senior,Remote,245500.0,195454.0,"Go, Julia, Python"
ML/AI Engineer,Remote,Other US,Senior,Remote,148500.0,195454.0,"C++, Java, Bash, Python"
ML/AI Engineer,Remote,Other US,Senior,Remote,170500.0,195454.0,"Python, Julia, Bash"
Other Tech Role,Remote,Other US,Senior,Remote,250500.0,192808.0,"Go, Python"
Other Tech Role,Remote,Other US,Senior,Remote,243000.0,192808.0,Python
Other Tech Role,Remote,Other US,Senior,Remote,165500.0,192808.0,"Scala, Python"
Data Engineer,Remote,Other US,Senior,Remote,166000.0,193770.0,"Scala, Python"
Other Tech Role,Remote,Other US,Senior,Remote,218000.0,192808.0,"R, Python"
Other Tech Role,Remote,Other US,Senior,Remote,224000.0,192808.0,"Python, Scala, R"
Other Tech Role,Remote,Other US,Senior,Remote,221000.0,192808.0,"Go, C++, R, Python"
ML/AI Engineer,Remote,Other US,Senior,Remote,238500.0,195454.0,"R, Python"
ML/AI Engineer,Remote,Other US,Senior,Remote,154000.0,195454.0,"Scala, Go, Python"
ML/AI Engineer,Remote,Other US,Senior,Remote,151500.0,195454.0,"Julia, C++, Python"
ML/AI Engineer,Remote,Other US,Senior,Remote,166000.0,195454.0,"C++, Python"
ML/AI Engineer,Remote,Other US,Senior,Remote,152500.0,195454.0,"Scala, SQL, Python"
Other Tech Role,Remote,Other US,Senior,Remote,218000.0,192808.0,"Java, R, Julia, Python"
Other Tech Role,Remote,Other US,Senior,Remote,146500.0,192808.0,"Java, Bash, SQL, Python"
Other Tech Role,Remote,Other US,Senior,Remote,160000.0,192808.0,"Java, Go, Bash, Python"
Other Tech Role,Remote,Other US,Senior,Remote,204000.0,192808.0,"Java, Python"
Other Tech Role,Remote,Other US,Senior,Remote,214500.0,192808.0,"Java, R, Scala, Python"
Other Tech Role,Remote,Other US,Senior,Remote,148500.0,192808.0,"Java, Bash, Python"
Other Tech Role,Remote,Other US,Senior,Remote,157000.0,192808.0,"Go, Julia, Python"
Other Tech Role,Remote,Other US,Senior,Remote,155500.0,192808.0,"Go, Python"
Other Tech Role,Remote,Other US,Senior,Remote,215500.0,192808.0,"SQL, Python"
ML/AI Engineer,Remote,Other US,Senior,Remote,214500.0,195454.0,"Java, Python"
ML/AI Engineer,Remote,Other US,Senior,Remote,218000.0,195454.0,"Julia, C++, Go, Python"
ML/AI Engineer,Remote,Other US,Senior,Remote,245000.0,195454.0,"Julia, Python"
ML/AI Engineer,Remote,Other US,Senior,Remote,145000.0,195454.0,"C++, Python"
ML/AI Engineer,Remote,Other US,Senior,Remote,213500.0,195454.0,"R, Julia"
Other Tech Role,Remote,Other US,Senior,Remote,204000.0,192808.0,"Java, Python"
Other Tech Role,Remote,Other US,Senior,Remote,146000.0,192808.0,"Julia, Go, Python"
Other Tech Role,Remote,Other US,Senior,Remote,228500.0,192808.0,"Java, Python"
Data Engineer,Remote,Other US,Senior,Remote,244500.0,193770.0,"Julia, SQL, Python"
Other Tech Role,Remote,Other US,Senior,Remote,166000.0,192808.0,"SQL, Scala, Python"
ML/AI Engineer,Remote,Other US,Senior,Remote,153000.0,195454.0,"Java, Python"
ML/AI Engineer,Remote,Other US,Senior,Remote,217000.0,195454.0,"Go, Python"
ML/AI Engineer,Remote,Other US,Senior,Remote,233500.0,195454.0,"Julia, Python"
ML/AI Engineer,Remote,Other US,Senior,Remote,222500.0,195454.0,"Julia, Python"
ML/AI Engineer,Remote,Other US,Senior,Remote,199500.0,195454.0,"Java, SQL, Go, Python"
ML/AI Engineer,Remote,Other US,Senior,Remote,223500.0,195454.0,"Scala, Python"
ML/AI Engineer,Remote,Other US,Senior,Remote,164000.0,195454.0,"Python, C++, Go"
Other Tech Role,Remote,Other US,Senior,Remote,174000.0,192808.0,"SQL, Julia, Go, Python"
Other Tech Role,Remote,Other US,Senior,Remote,212000.0,192808.0,"Java, Python"
Other Tech Role,Remote,Other US,Senior,Remote,244500.0,192808.0,"Julia, C++, Python"
Other Tech Role,Remote,Other US,Senior,Remote,144000.0,192808.0,"Scala, Python"
Other Tech Role,Remote,Other US,Senior,Remote,160000.0,192808.0,"Java, Python"
Other Tech Role,Remote,Other US,Senior,Remote,164000.0,192808.0,"R, Python"
ML/AI Engineer,Remote,Other US,Senior,Remote,250000.0,195454.0,"SQL, Bash, C++, Python"
ML/AI Engineer,Remote,Other US,Senior,Remote,145000.0,195454.0,"Java, SQL, Julia, Python"
ML/AI Engineer,Remote,Other US,Senior,Remote,258000.0,195454.0,Python
Other Tech Role,Remote,Other US,Senior,Remote,242000.0,192808.0,"Scala, Python"
Data Scientist,Remote,Other US,Senior,Remote,219500.0,198944.0,"Julia, R, Go"
Data Scientist,Remote,Other US,Senior,Remote,225500.0,198944.0,"Julia, Java, SQL, Python"
Data Scientist,Remote,Other US,Senior,Remote,149500.0,198944.0,"R, SQL, Python"
Other Tech Role,Remote,Other US,Senior,Remote,160000.0,192808.0,"C++, Scala, Python"
ML/AI Engineer,Remote,Other US,Senior,Remote,162500.0,195454.0,"Go, Python"
ML/AI Engineer,Remote,Other US,Senior,Remote,151000.0,195454.0,Python
ML/AI Engineer,Remote,Other US,Senior,Remote,200500.0,195454.0,"R, Python, Bash"
ML/AI Engineer,Remote,Other US,Senior,Remote,155500.0,195454.0,"Scala, C++, Bash"
ML/AI Engineer,Remote,Other US,Senior,Remote,200500.0,195454.0,"Bash, SQL"
ML/AI Engineer,Remote,Other US,Senior,Remote,224000.0,195454.0,"Julia, Python"
ML/AI Engineer,Remote,Other US,Senior,Remote,151500.0,195454.0,Python
ML/AI Engineer,Remote,Other US,Senior,Remote,152500.0,195454.0,"SQL, Scala, R, Python"
Other Tech Role,Remote,Other US,Senior,Remote,163000.0,192808.0,"Julia, Python"
ML/AI Engineer,Remote,Other US,Senior,Remote,154500.0,195454.0,"R, Julia, C++, Python"
ML/AI Engineer,Remote,Other US,Senior,Remote,214000.0,195454.0,"SQL, Python"
ML/AI Engineer,Remote,Other US,Senior,Remote,219000.0,195454.0,"SQL, Python"
ML/AI Engineer,Remote,Other US,Senior,Remote,239000.0,195454.0,"Java, Bash, Python"
ML/AI Engineer,Remote,Other US,Senior,Remote,244500.0,195454.0,"R, Python"
ML/AI Engineer,Remote,Other US,Senior,Remote,169500.0,195454.0,"Python, R, Java"
Other Tech Role,Remote,Other US,Senior,Remote,217000.0,192808.0,"Julia, SQL, Python"
Data Engineer,Remote,Other US,Senior,Remote,230500.0,193770.0,"SQL, Python"
Data Engineer,Remote,Other US,Senior,Remote,149000.0,193770.0,"Java, Go, Python"
Data Scientist,Remote,Other US,Senior,Remote,154500.0,198944.0,"Julia, Python"
Other Tech Role,Remote,Other US,Senior,Remote,222500.0,192808.0,"C++, Python"
Other Tech Role,Remote,Other US,Senior,Remote,240500.0,192808.0,"Go, R, Python"
ML/AI Engineer,Remote,Other US,Senior,Remote,222000.0,195454.0,"R, Scala, Go"
ML/AI Engineer,Remote,Other US,Senior,Remote,160000.0,195454.0,"Scala, Python, Bash"
Other Tech Role,Remote,Other US,Senior,Remote,245500.0,192808.0,"C++, Julia, Python"
Other Tech Role,Remote,Other US,Senior,Remote,150000.0,192808.0,"Scala, Julia"
Other Tech Role,Remote,Other US,Senior,Remote,170500.0,192808.0,"Bash, Python"
ML/AI Engineer,Remote,Other US,Senior,Remote,222000.0,195454.0,"Scala, Python"
ML/AI Engineer,Remote,Other US,Senior,Remote,150000.0,195454.0,"SQL, Python"
ML/AI Engineer,Remote,Other US,Senior,Remote,206000.0,195454.0,"C++, SQL, Julia, Python"
ML/AI Engineer,Remote,Other US,Senior,Remote,240000.0,195454.0,"Julia, Python"
ML/AI Engineer,Remote,Other US,Senior,Remote,163000.0,195454.0,"Scala, Bash, Python"
Other Tech Role,Remote,Other US,Senior,Remote,158500.0,192808.0,"C++, Python"
ML/AI Engineer,Remote,Other US,Senior,Remote,153000.0,195454.0,"Julia, Java"
ML/AI Engineer,Remote,Other US,Senior,Remote,153500.0,195454.0,"SQL, C++, Python"
ML/AI Engineer,Remote,Other US,Senior,Remote,167000.0,195454.0,"Bash, Python"
ML/AI Engineer,Remote,Other US,Senior,Remote,212000.0,195454.0,"C++, Go, Python"
ML/AI Engineer,Remote,Other US,Senior,Remote,212500.0,195454.0,"SQL, Python"
ML/AI Engineer,Remote,Other US,Senior,Remote,233500.0,195454.0,"C++, SQL, Python"
Other Tech Role,Remote,Other US,Senior,Remote,236000.0,192808.0,Python
Other Tech Role,Remote,Other US,Senior,Remote,145000.0,192808.0,"Bash, Python"
Data Engineer,Remote,Other US,Senior,Remote,249000.0,193770.0,"Go, SQL, Python"
Data Scientist,Remote,Other US,Senior,Remote,156000.0,198944.0,"SQL, Scala, Python"
Other Tech Role,Remote,Other US,Senior,Remote,223000.0,192808.0,"Java, Python"
Other Tech Role,Remote,Other US,Senior,Remote,149000.0,192808.0,"Python, Bash, Java"
Other Tech Role,Remote,Other US,Senior,Remote,167500.0,192808.0,"Java, Python"
ML/AI Engineer,Remote,Other US,Senior,Remote,160000.0,195454.0,"Julia, C++, Python"
ML/AI Engineer,Remote,Other US,Senior,Remote,214000.0,195454.0,"Scala, Python"
ML/AI Engineer,Remote,Other US,Senior,Remote,264500.0,195454.0,"Go, Python"
ML/AI Engineer,Remote,Other US,Senior,Remote,148000.0,195454.0,"Scala, Bash, Java, Python"
ML/AI Engineer,Remote,Other US,Senior,Remote,252000.0,195454.0,"Bash, C++, Python"
ML/AI Engineer,Remote,Other US,Senior,Remote,146500.0,195454.0,"Go, Python"
Other Tech Role,Remote,Other US,Senior,Remote,252500.0,192808.0,"Bash, Python, Go"
Other Tech Role,Remote,Other US,Senior,Remote,157500.0,192808.0,"Go, Python"
Other Tech Role,Remote,Other US,Senior,Remote,241000.0,192808.0,"Bash, Python"
Other Tech Role,Remote,Other US,Senior,Remote,257500.0,192808.0,"C++, Python"
ML/AI Engineer,Remote,Other US,Senior,Remote,254500.0,195454.0,"C++, Java, Python"
ML/AI Engineer,Remote,Other US,Senior,Remote,200500.0,195454.0,"Julia, Python"
ML/AI Engineer,Remote,Other US,Senior,Remote,234500.0,195454.0,"Bash, Python"
ML/AI Engineer,Remote,Other US,Senior,Remote,261000.0,195454.0,Python
ML/AI Engineer,Remote,Other US,Senior,Remote,168000.0,195454.0,"Scala, R, Julia, Python"
Other Tech Role,Remote,Other US,Senior,Remote,162000.0,192808.0,"C++, Python"
Data Engineer,Remote,Other US,Senior,Remote,207000.0,193770.0,"Scala, Go, C++, Python"
Data Engineer,Remote,Other US,Senior,Remote,241000.0,193770.0,"Java, Python"
Data Scientist,Remote,Other US,Senior,Remote,214500.0,198944.0,"C++, Julia, Python"
Data Scientist,Remote,Other US,Senior,Remote,236500.0,198944.0,"Julia, Python"
Other Tech Role,Remote,Other US,Senior,Remote,205500.0,192808.0,"Bash, C++, SQL, Python"
ML/AI Engineer,Remote,Other US,Senior,Remote,254000.0,195454.0,"Python, C++"
Other Tech Role,Remote,Other US,Senior,Remote,240000.0,192808.0,"Julia, Java, R, Python"
ML/AI Engineer,Remote,Other US,Senior,Remote,234500.0,195454.0,"Scala, SQL, R"
ML/AI Engineer,Remote,Other US,Senior,Remote,163500.0,195454.0,"Go, Julia"
ML/AI Engineer,Remote,Other US,Senior,Remote,244000.0,195454.0,"C++, Python"
ML/AI Engineer,Remote,Other US,Senior,Remote,157500.0,195454.0,"SQL, Python"
ML/AI Engineer,Remote,Other US,Senior,Remote,166500.0,195454.0,"Julia, Bash, Java, Python"
Other Tech Role,Remote,Other US,Senior,Remote,147000.0,192808.0,"Python, SQL"
Other Tech Role,Remote,Other US,Senior,Remote,155500.0,192808.0,"R, Bash, Python"
Other Tech Role,Remote,Other US,Senior,Remote,233000.0,192808.0,"Java, Python"
ML/AI Engineer,Remote,Other US,Senior,Remote,224500.0,195454.0,"Go, Python"
ML/AI Engineer,Remote,Other US,Senior,Remote,233500.0,195454.0,"Java, Python"
ML/AI Engineer,Remote,Other US,Senior,Remote,174500.0,195454.0,"Java, Scala, Julia, Python"
ML/AI Engineer,Remote,Other US,Senior,Remote,204500.0,195454.0,"Bash, Python, C++"
ML/AI Engineer,Remote,Other US,Senior,Remote,220000.0,195454.0,"Java, C++, Scala, Python"
ML/AI Engineer,Remote,Other US,Senior,Remote,240000.0,195454.0,"C++, Python"
ML/AI Engineer,Remote,Other US,Senior,Remote,252500.0,195454.0,"Scala, R, Go, Python"
Data Scientist,Remote,Other US,Senior,Remote,261000.0,198944.0,"Bash, Java, Python"
Other Tech Role,Remote,Other US,Senior,Remote,211000.0,192808.0,"C++, Scala, Julia, Python"
ML/AI Engineer,Remote,Other US,Senior,Remote,156500.0,195454.0,"Julia, Python"
ML/AI Engineer,Remote,Other US,Senior,Remote,172000.0,195454.0,"Scala, C++, Python"
ML/AI Engineer,Remote,Other US,Senior,Remote,218500.0,195454.0,"Scala, Python"
ML/AI Engineer,Remote,Other US,Senior,Remote,207500.0,195454.0,"Bash, Python"
ML/AI Engineer,Remote,Other US,Senior,Remote,223000.0,195454.0,"C++, SQL, Python"
Other Tech Role,Remote,Other US,Senior,Remote,161500.0,192808.0,"R, SQL, C++, Python"
Other Tech Role,Remote,Other US,Senior,Remote,248500.0,192808.0,Python
Other Tech Role,Remote,Other US,Senior,Remote,143500.0,192808.0,"Scala, Julia, Python"
ML/AI Engineer,Remote,Other US,Senior,Remote,143500.0,195454.0,Python
ML/AI Engineer,Remote,Other US,Senior,Remote,234000.0,195454.0,"Python, R, Bash"
ML/AI Engineer,Remote,Other US,Senior,Remote,156500.0,195454.0,"Julia, Python"
ML/AI Engineer,Remote,Other US,Senior,Remote,158000.0,195454.0,"Scala, Julia, Python"
Data Engineer,Remote,Other US,Senior,Remote,156500.0,193770.0,"Python, SQL, Scala"
Data Engineer,Remote,Other US,Senior,Remote,157500.0,193770.0,"Java, Julia, Python"
Data Scientist,Remote,Other US,Senior,Remote,235500.0,198944.0,"Go, Python"
Data Scientist,Remote,Other US,Senior,Remote,164000.0,198944.0,"C++, Go, Java, Python"
Other Tech Role,Remote,Other US,Senior,Remote,225500.0,192808.0,"Julia, Python"
Other Tech Role,Remote,Other US,Senior,Remote,162000.0,192808.0,"R, C++, Python"
ML/AI Engineer,Remote,Other US,Senior,Remote,214500.0,195454.0,Python
ML/AI Engineer,Remote,Other US,Senior,Remote,154500.0,195454.0,"C++, Python"
Other Tech Role,Remote,Other US,Senior,Remote,158500.0,192808.0,"Bash, Python"
ML/AI Engineer,Remote,Other US,Senior,Remote,252000.0,195454.0,Python
ML/AI Engineer,Remote,Other US,Senior,Remote,167000.0,195454.0,"Bash, R, Julia, Python"
ML/AI Engineer,Remote,Other US,Senior,Remote,164000.0,195454.0,"Python, C++"
ML/AI Engineer,Remote,Other US,Senior,Remote,222000.0,195454.0,"C++, Scala, Python"
ML/AI Engineer,Remote,Other US,Senior,Remote,149500.0,195454.0,"Bash, Go, Python"
Other Tech Role,Remote,Other US,Senior,Remote,221000.0,192808.0,"SQL, Bash, Julia"
Other Tech Role,Remote,Other US,Senior,Remote,230000.0,192808.0,"Go, SQL, Python"
Other Tech Role,Remote,Other US,Senior,Remote,205500.0,192808.0,"Go, R, Python"
Other Tech Role,Remote,Other US,Senior,Remote,224500.0,192808.0,Python
Other Tech Role,Remote,Other US,Senior,Remote,147500.0,192808.0,"C++, Julia, Go, Python"
Other Tech Role,Remote,Other US,Senior,Remote,163500.0,192808.0,"Python, Julia"
Other Tech Role,Remote,Other US,Senior,Remote,164500.0,192808.0,"R, Bash, Julia, Python"
Other Tech Role,Remote,Other US,Senior,Remote,158500.0,192808.0,"R, Python"
Other Tech Role,Remote,Other US,Senior,Remote,166500.0,192808.0,"R, Go, Python"
Other Tech Role,Remote,Other US,Senior,Remote,161000.0,192808.0,"SQL, Python"
Other Tech Role,Remote,Other US,Senior,Remote,223000.0,192808.0,"Go, Bash, Python"
ML/AI Engineer,Remote,Other US,Senior,Remote,145500.0,195454.0,"Julia, Scala, Python"
ML/AI Engineer,Remote,Other US,Senior,Remote,169000.0,195454.0,"Go, SQL, R, Python"
ML/AI Engineer,Remote,Other US,Senior,Remote,215000.0,195454.0,"Julia, C++, Python"
ML/AI Engineer,Remote,Other US,Senior,Remote,227000.0,195454.0,"Scala, Python"
ML/AI Engineer,Remote,Other US,Senior,Remote,145000.0,195454.0,Python
Other Tech Role,Remote,Other US,Senior,Remote,261000.0,192808.0,"Python, Bash, Java"
Other Tech Role,Remote,Other US,Senior,Remote,218500.0,192808.0,"Julia, Python"
ML/AI Engineer,Remote,Other US,Senior,Remote,223500.0,195454.0,"Python, R"
ML/AI Engineer,Remote,Other US,Senior,Remote,140500.0,195454.0,"Go, SQL, Python"
ML/AI Engineer,Remote,Other US,Senior,Remote,150000.0,195454.0,"R, Python"
ML/AI Engineer,Remote,Other US,Senior,Remote,166500.0,195454.0,"Python, Bash"
Other Tech Role,Remote,Other US,Senior,Remote,212000.0,192808.0,"Go, C++, Python"
ML/AI Engineer,Remote,Other US,Senior,Remote,150000.0,195454.0,Python
ML/AI Engineer,Remote,Other US,Senior,Remote,221500.0,195454.0,"Scala, C++, Python"
ML/AI Engineer,Remote,Other US,Senior,Remote,160000.0,195454.0,"Go, Python"
ML/AI Engineer,Remote,Other US,Senior,Remote,245500.0,195454.0,"Bash, Python"
Other Tech Role,Remote,Other US,Senior,Remote,250000.0,192808.0,"Julia, SQL, Python"
Other Tech Role,Remote,Other US,Senior,Remote,167500.0,192808.0,"C++, Bash, Python"
ML/AI Engineer,Remote,Other US,Senior,Remote,162000.0,195454.0,"Go, Python"
ML/AI Engineer,Remote,Other US,Senior,Remote,225500.0,195454.0,"Go, Bash, Python"
ML/AI Engineer,Remote,Other US,Senior,Remote,247000.0,195454.0,"Scala, Julia, R, Python"
Other Tech Role,Remote,Other US,Senior,Remote,156000.0,192808.0,"R, Python, Java"
Other Tech Role,Remote,Other US,Senior,Remote,173500.0,192808.0,"Python, Julia, Java"
ML/AI Engineer,Remote,Other US,Senior,Remote,170000.0,195454.0,"Scala, C++, Python"
ML/AI Engineer,Remote,Other US,Senior,Remote,235000.0,195454.0,"SQL, Python"
ML/AI Engineer,Remote,Other US,Senior,Remote,227000.0,195454.0,"R, Python, Go"
ML/AI Engineer,Remote,Other US,Senior,Remote,234500.0,195454.0,"Julia, SQL, Go, Python"
ML/AI Engineer,Remote,Other US,Senior,Remote,223000.0,195454.0,"Bash, Go, Python"
ML/AI Engineer,Remote,Other US,Senior,Remote,150000.0,195454.0,"Go, Python"
Other Tech Role,Remote,Other US,Senior,Remote,223500.0,192808.0,"Julia, Python"
Other Tech Role,Remote,Other US,Senior,Remote,239500.0,192808.0,"Bash, Julia, Python"
Other Tech Role,Remote,Other US,Senior,Remote,157500.0,192808.0,"SQL, Scala, Python"
Other Tech Role,Remote,Other US,Senior,Remote,159500.0,192808.0,"Scala, Bash, Python"
ML/AI Engineer,Remote,Other US,Senior,Remote,213500.0,195454.0,"Julia, R, Python"
ML/AI Engineer,Remote,Other US,Senior,Remote,157500.0,195454.0,"Julia, Scala, Python"
Data Engineer,Remote,Other US,Senior,Remote,225000.0,193770.0,"Java, Scala, R, Python"
Data Scientist,Remote,Other US,Senior,Remote,248500.0,198944.0,"SQL, Bash, C++, Python"
Other Tech Role,Remote,Other US,Senior,Remote,234000.0,192808.0,"Python, Bash, Scala"
Other Tech Role,Remote,Other US,Senior,Remote,143500.0,192808.0,"Scala, C++, SQL, Python"
Other Tech Role,Remote,Other US,Senior,Remote,150000.0,192808.0,"C++, Bash, R, Python"
Other Tech Role,Remote,Other US,Senior,Remote,151000.0,192808.0,R
ML/AI Engineer,Remote,Other US,Senior,Remote,147500.0,195454.0,"Julia, Java, Python"
Other Tech Role,Remote,Other US,Senior,Remote,234000.0,192808.0,"Go, Julia, Python"
ML/AI Engineer,Remote,Other US,Senior,Remote,147500.0,195454.0,"C++, Scala, Go, Python"
ML/AI Engineer,Remote,Other US,Senior,Remote,151500.0,195454.0,"C++, Python"
ML/AI Engineer,Remote,Other US,Senior,Remote,153000.0,195454.0,"Go, Julia, Python"
Other Tech Role,Remote,Other US,Senior,Remote,170500.0,192808.0,"Scala, Bash, Python"
Other Tech Role,Remote,Other US,Senior,Remote,160000.0,192808.0,"SQL, Julia, Python"
Other Tech Role,Remote,Other US,Senior,Remote,169000.0,192808.0,"Go, Java, Julia, Python"
Other Tech Role,Remote,Other US,Senior,Remote,240500.0,192808.0,"Scala, Python, R"
ML/AI Engineer,Remote,Other US,Senior,Remote,146500.0,195454.0,"Bash, Python"
ML/AI Engineer,Remote,Other US,Senior,Remote,162500.0,195454.0,"SQL, Bash, C++, Python"
ML/AI Engineer,Remote,Other US,Senior,Remote,162000.0,195454.0,"Bash, Python"
Other Tech Role,Remote,Other US,Senior,Remote,157000.0,192808.0,"Go, R, Python"
Other Tech Role,Remote,Other US,Senior,Remote,146500.0,192808.0,Python
Data Scientist,Remote,Other US,Senior,Remote,145500.0,198944.0,"Java, Python"
Other Tech Role,Remote,Other US,Senior,Remote,198500.0,192808.0,"Java, Python"
Other Tech Role,Remote,Other US,Senior,Remote,211500.0,192808.0,"Julia, Bash, R, Python"
Other Tech Role,Remote,Other US,Senior,Remote,243500.0,192808.0,"R, Python"
Other Tech Role,Remote,Other US,Senior,Remote,150500.0,192808.0,"Bash, SQL"
ML/AI Engineer,Remote,Other US,Senior,Remote,205500.0,195454.0,"SQL, Python"
ML/AI Engineer,Remote,Other US,Senior,Remote,245000.0,195454.0,"SQL, R, Python"
ML/AI Engineer,Remote,Other US,Senior,Remote,206500.0,195454.0,"C++, SQL, Python"
ML/AI Engineer,Remote,Other US,Senior,Remote,252000.0,195454.0,"Bash, Go, Python"
ML/AI Engineer,Remote,Other US,Senior,Remote,148500.0,195454.0,"SQL, Python"
ML/AI Engineer,Remote,Other US,Senior,Remote,251500.0,195454.0,"Python, Bash, R"
ML/AI Engineer,Remote,Other US,Senior,Remote,164500.0,195454.0,"C++, Java, Python"
ML/AI Engineer,Remote,Other US,Senior,Remote,165000.0,195454.0,"Go, Python"
ML/AI Engineer,Remote,Other US,Senior,Remote,232000.0,195454.0,"Bash, Python"
ML/AI Engineer,Remote,Other US,Senior,Remote,165500.0,195454.0,"Scala, Python, Bash"
Other Tech Role,Remote,Other US,Senior,Remote,230500.0,192808.0,"Java, Go, Python"
ML/AI Engineer,Remote,Other US,Senior,Remote,243000.0,195454.0,"Go, C++, Python"
ML/AI Engineer,Remote,Other US,Senior,Remote,146500.0,195454.0,"Java, SQL, Scala, Python"
ML/AI Engineer,Remote,Other US,Senior,Remote,221500.0,195454.0,"Python, R, Go"
ML/AI Engineer,Remote,Other US,Senior,Remote,227000.0,195454.0,"R, SQL, Python"
ML/AI Engineer,Remote,Other US,Senior,Remote,152500.0,195454.0,"R, Python"
ML/AI Engineer,Remote,Other US,Senior,Remote,164500.0,195454.0,"Bash, Python, SQL"
ML/AI Engineer,Remote,Other US,Senior,Remote,232500.0,195454.0,"Go, Python"
ML/AI Engineer,Remote,Other US,Senior,Remote,257500.0,195454.0,"Bash, Scala, Python"
Other Tech Role,Remote,Other US,Senior,Remote,243000.0,192808.0,Python
Other Tech Role,Remote,Other US,Senior,Remote,198000.0,192808.0,"R, Java, SQL, Python"
Other Tech Role,Remote,Other US,Senior,Remote,162000.0,192808.0,"Julia, C++, Python"
Data Engineer,Remote,Other US,Senior,Remote,209500.0,193770.0,"Go, Python, Julia"
Data Engineer,Remote,Other US,Senior,Remote,143000.0,193770.0,"Python, Scala, Bash"
Data Scientist,Remote,Other US,Senior,Remote,213500.0,198944.0,"Go, Scala, Python"
Data Scientist,Remote,Other US,Senior,Remote,251000.0,198944.0,"Java, Julia, R"
Data Scientist,Remote,Other US,Senior,Remote,255500.0,198944.0,"Java, Python"
Data Scientist,Remote,Other US,Senior,Remote,253000.0,198944.0,"R, Python"
Other Tech Role,Remote,Other US,Senior,Remote,239000.0,192808.0,"Go, Python, Scala"
Other Tech Role,Remote,Other US,Senior,Remote,145500.0,192808.0,"SQL, Scala, Julia, Python"
ML/AI Engineer,Remote,Other US,Senior,Remote,226000.0,195454.0,Python
ML/AI Engineer,Remote,Other US,Senior,Remote,236500.0,195454.0,"C++, Python"
ML/AI Engineer,Remote,Other US,Senior,Remote,154500.0,195454.0,"SQL, C++, Java, Python"
ML/AI Engineer,Remote,Other US,Senior,Remote,143000.0,195454.0,"Go, Julia, Python"
ML/AI Engineer,Remote,Other US,Senior,Remote,171500.0,195454.0,"SQL, Python"
Other Tech Role,Remote,Other US,Senior,Remote,170000.0,192808.0,"Python, Go"
Other Tech Role,Remote,Other US,Senior,Remote,154000.0,192808.0,"Go, Python"
Other Tech Role,Remote,Other US,Senior,Remote,215000.0,192808.0,"Scala, Python, Go"
Other Tech Role,Remote,Other US,Senior,Remote,227500.0,192808.0,"C++, Julia, Bash, Python"
Other Tech Role,Remote,Other US,Senior,Remote,158500.0,192808.0,"Java, Julia, Python"
ML/AI Engineer,Remote,Other US,Senior,Remote,225000.0,195454.0,"Java, Scala, Python"
ML/AI Engineer,Remote,Other US,Senior,Remote,163500.0,195454.0,"SQL, Python"
ML/AI Engineer,Remote,Other US,Senior,Remote,233500.0,195454.0,"R, Scala, Python"
ML/AI Engineer,Remote,Other US,Senior,Remote,160500.0,195454.0,"Scala, Python"
ML/AI Engineer,Remote,Other US,Senior,Remote,159000.0,195454.0,"R, C++, Go, Python"
ML/AI Engineer,Remote,Other US,Senior,Remote,209500.0,195454.0,"Go, Python"
ML/AI Engineer,Remote,Other US,Senior,Remote,232500.0,195454.0,"Python, Bash"
Other Tech Role,Remote,Other US,Senior,Remote,220000.0,192808.0,"Scala, Julia, Python"
Other Tech Role,Remote,Other US,Senior,Remote,157500.0,192808.0,"Go, C++, Python"
Data Engineer,Remote,Other US,Senior,Remote,160500.0,193770.0,"SQL, Python, Java"
Data Scientist,Remote,Other US,Senior,Remote,149000.0,198944.0,"Bash, Go, C++, Python"
Data Scientist,Remote,Other US,Senior,Remote,155000.0,198944.0,"Go, Python"
ML/AI Engineer,Remote,Other US,Senior,Remote,149500.0,195454.0,"SQL, Bash, R, Python"
ML/AI Engineer,Remote,Other US,Senior,Remote,166500.0,195454.0,"Scala, C++, Python"
Other Tech Role,Remote,Other US,Senior,Remote,157500.0,192808.0,"Julia, C++, Go, Python"
Other Tech Role,Remote,Other US,Senior,Remote,170500.0,192808.0,"Scala, Python"
ML/AI Engineer,Remote,Other US,Senior,Remote,233000.0,195454.0,"R, Python"
ML/AI Engineer,Remote,Other US,Senior,Remote,239500.0,195454.0,"Python, Java, Julia"
ML/AI Engineer,Remote,Other US,Senior,Remote,156000.0,195454.0,"SQL, Julia, Python"
ML/AI Engineer,Remote,Other US,Senior,Remote,174500.0,195454.0,"Scala, Python"
ML/AI Engineer,Remote,Other US,Senior,Remote,239500.0,195454.0,"Julia, Scala, C++, Python"
Other Tech Role,Remote,Other US,Senior,Remote,208500.0,192808.0,"Bash, R, Python"
Other Tech Role,Remote,Other US,Senior,Remote,154500.0,192808.0,"Scala, Python, R"
ML/AI Engineer,Remote,Other US,Senior,Remote,218500.0,195454.0,"Scala, Python"
ML/AI Engineer,Remote,Other US,Senior,Remote,219500.0,195454.0,"Scala, SQL, Go, Python"
ML/AI Engineer,Remote,Other US,Senior,Remote,251500.0,195454.0,"R, C++, Python"
ML/AI Engineer,Remote,Other US,Senior,Remote,143000.0,195454.0,"SQL, Scala, Python"
ML/AI Engineer,Remote,Other US,Senior,Remote,152500.0,195454.0,"SQL, C++"
ML/AI Engineer,Remote,Other US,Senior,Remote,240000.0,195454.0,"Scala, Bash, Python"
Other Tech Role,Remote,Other US,Senior,Remote,242500.0,192808.0,"Scala, Bash, Python"
Other Tech Role,Remote,Other US,Senior,Remote,165500.0,192808.0,"R, SQL, Julia, Python"
Data Engineer,Remote,Other US,Senior,Remote,244000.0,193770.0,"R, Python"
Data Engineer,Remote,Other US,Senior,Remote,145000.0,193770.0,"Go, Julia, C++, Python"
Data Engineer,Remote,Other US,Senior,Remote,161500.0,193770.0,"SQL, Julia, Python"
Other Tech Role,Remote,Other US,Senior,Remote,262000.0,192808.0,"Scala, R, Python"
ML/AI Engineer,Remote,Other US,Senior,Remote,221500.0,195454.0,"Java, Python"
ML/AI Engineer,Remote,Other US,Senior,Remote,155500.0,195454.0,"Go, Java, Python"
Other Tech Role,Remote,Other US,Senior,Remote,165000.0,192808.0,"Scala, Java, Python"
ML/AI Engineer,Remote,Other US,Senior,Remote,156500.0,195454.0,"Go, Java, Python"
ML/AI Engineer,Remote,Other US,Senior,Remote,217500.0,195454.0,"Bash, C++, Python"
ML/AI Engineer,Remote,Other US,Senior,Remote,141500.0,195454.0,"C++, Scala, Python"
ML/AI Engineer,Remote,Other US,Senior,Remote,151500.0,195454.0,"C++, Scala, Julia, Python"
ML/AI Engineer,Remote,Other US,Senior,Remote,168500.0,195454.0,SQL
ML/AI Engineer,Remote,Other US,Senior,Remote,249000.0,195454.0,"Bash, Go, Python"
ML/AI Engineer,Remote,Other US,Senior,Remote,227000.0,195454.0,"C++, Java, Python"
ML/AI Engineer,Remote,Other US,Senior,Remote,248500.0,195454.0,"Bash, Python"
ML/AI Engineer,Remote,Other US,Senior,Remote,163000.0,195454.0,"C++, Python"
Other Tech Role,Remote,Other US,Senior,Remote,221000.0,192808.0,"Python, Julia, R"
Other Tech Role,Remote,Other US,Senior,Remote,215500.0,192808.0,"Bash, Python"
Other Tech Role,Remote,Other US,Senior,Remote,257000.0,192808.0,"Scala, Bash, Go, Python"
Other Tech Role,Remote,Other US,Senior,Remote,153000.0,192808.0,Python
ML/AI Engineer,Remote,Other US,Senior,Remote,238500.0,195454.0,"Go, Java, Python"
ML/AI Engineer,Remote,Other US,Senior,Remote,163500.0,195454.0,"R, Scala, C++, Python"
ML/AI Engineer,Remote,Other US,Senior,Remote,237500.0,195454.0,"SQL, Bash, Java, Python"
ML/AI Engineer,Remote,Other US,Senior,Remote,240000.0,195454.0,"C++, SQL, Python"
ML/AI Engineer,Remote,Other US,Senior,Remote,146000.0,195454.0,"Java, Scala"
ML/AI Engineer,Remote,Other US,Senior,Remote,217500.0,195454.0,"Bash, Scala, Python"
ML/AI Engineer,Remote,Other US,Senior,Remote,152500.0,195454.0,"Go, Bash, Python"
ML/AI Engineer,Remote,Other US,Senior,Remote,213500.0,195454.0,"Scala, SQL, Python"
Other Tech Role,Remote,Other US,Senior,Remote,211000.0,192808.0,"Go, Java, Python"
Other Tech Role,Remote,Other US,Senior,Remote,231000.0,192808.0,"Go, Python"
Other Tech Role,Remote,Other US,Senior,Remote,237500.0,192808.0,"C++, Scala, SQL, Python"
Other Tech Role,Remote,Other US,Senior,Remote,160500.0,192808.0,"C++, Python"
Data Engineer,Remote,Other US,Senior,Remote,151500.0,193770.0,"Julia, Python"
Data Scientist,Remote,Other US,Senior,Remote,152000.0,198944.0,"Java, Python"
Other Tech Role,Remote,Other US,Senior,Remote,212000.0,192808.0,"C++, R, Python"
Other Tech Role,Remote,Other US,Senior,Remote,235000.0,192808.0,"SQL, Python"
ML/AI Engineer,Remote,Other US,Senior,Remote,166500.0,195454.0,"Go, C++, Python"
Other Tech Role,Remote,Other US,Senior,Remote,225500.0,192808.0,"Go, Python"
Other Tech Role,Remote,Other US,Senior,Remote,166000.0,192808.0,"Go, Python"
ML/AI Engineer,Remote,Other US,Senior,Remote,143000.0,195454.0,"Java, R, Scala, Python"
ML/AI Engineer,Remote,Other US,Senior,Remote,150000.0,195454.0,"Python, Java"
ML/AI Engineer,Remote,Other US,Senior,Remote,164000.0,195454.0,"Bash, R, Python"
ML/AI Engineer,Remote,Other US,Senior,Remote,257500.0,195454.0,Java
ML/AI Engineer,Remote,Other US,Senior,Remote,158000.0,195454.0,"Go, Scala, Python"
Other Tech Role,Remote,Other US,Senior,Remote,218500.0,192808.0,"Go, Python"
Other Tech Role,Remote,Other US,Senior,Remote,143500.0,192808.0,"Scala, Java, Python"
Other Tech Role,Remote,Other US,Senior,Remote,152500.0,192808.0,"Julia, Scala, Python"
ML/AI Engineer,Remote,Other US,Senior,Remote,167000.0,195454.0,"Scala, Python"
ML/AI Engineer,Remote,Other US,Senior,Remote,218500.0,195454.0,"Go, SQL, Python"
ML/AI Engineer,Remote,Other US,Senior,Remote,219000.0,195454.0,"C++, Bash, Julia, Python"
ML/AI Engineer,Remote,Other US,Senior,Remote,159000.0,195454.0,"C++, Python"
Other Tech Role,Remote,Other US,Senior,Remote,153500.0,192808.0,"R, Python"
Other Tech Role,Remote,Other US,Senior,Remote,216500.0,192808.0,"SQL, Python"
Other Tech Role,Remote,Other US,Senior,Remote,167000.0,192808.0,"Bash, Go, Python"
Data Engineer,Remote,Other US,Senior,Remote,169500.0,193770.0,"C++, Python"
Data Scientist,Remote,Other US,Senior,Remote,200500.0,198944.0,"R, Go, Java, Python"
Data Scientist,Remote,Other US,Senior,Remote,162000.0,198944.0,"Go, Java, Bash, Python"
ML/AI Engineer,Remote,Other US,Senior,Remote,169000.0,195454.0,Python
Other Tech Role,Remote,Other US,Senior,Remote,253000.0,192808.0,"Go, SQL, Julia, Python"
ML/AI Engineer,Remote,Other US,Senior,Remote,146500.0,195454.0,"Java, C++, Julia, Python"
ML/AI Engineer,Remote,Other US,Senior,Remote,222500.0,195454.0,"Go, Python"
ML/AI Engineer,Remote,Other US,Senior,Remote,159000.0,195454.0,"R, SQL, Python"
Other Tech Role,Remote,Other US,Senior,Remote,148500.0,192808.0,"Java, SQL, R, Python"
Other Tech Role,Remote,Other US,Senior,Remote,213500.0,192808.0,"SQL, Java, Bash, Python"
Other Tech Role,Remote,Other US,Senior,Remote,231500.0,192808.0,"Scala, Go, C++, Python"
Other Tech Role,Remote,Other US,Senior,Remote,158500.0,192808.0,"Scala, Java, Python"
Other Tech Role,Remote,Other US,Senior,Remote,173500.0,192808.0,"Go, Julia, SQL, Python"
ML/AI Engineer,Remote,Other US,Senior,Remote,149000.0,195454.0,"R, Python"
ML/AI Engineer,Remote,Other US,Senior,Remote,160000.0,195454.0,"Go, Scala, Python"
ML/AI Engineer,Remote,Other US,Senior,Remote,156000.0,195454.0,"Go, R, Python"
ML/AI Engineer,Remote,Other US,Senior,Remote,160000.0,195454.0,"Scala, Python"
ML/AI Engineer,Remote,Other US,Senior,Remote,168000.0,195454.0,"SQL, Python"
Other Tech Role,Remote,Other US,Senior,Remote,225000.0,192808.0,"Bash, SQL, Python"
Other Tech Role,Remote,Other US,Senior,Remote,221000.0,192808.0,"Bash, Scala, Python"
Data Scientist,Remote,Other US,Senior,Remote,218000.0,198944.0,"Julia, SQL, Python"
Other Tech Role,Remote,Other US,Senior,Remote,245000.0,192808.0,"Bash, Java, Python"
Other Tech Role,Remote,Other US,Senior,Remote,246500.0,192808.0,"Julia, Python"
Other Tech Role,Remote,Other US,Senior,Remote,151500.0,192808.0,"Java, Bash, Python"
ML/AI Engineer,Remote,Other US,Senior,Remote,243500.0,195454.0,"Python, SQL, C++"
Other Tech Role,Remote,Other US,Senior,Remote,154000.0,192808.0,"Bash, Scala, SQL, Python"
Other Tech Role,Remote,Other US,Senior,Remote,169500.0,192808.0,"Go, Python"
ML/AI Engineer,Remote,Other US,Senior,Remote,254500.0,195454.0,"SQL, Bash, Python"
ML/AI Engineer,Remote,Other US,Senior,Remote,218500.0,195454.0,"C++, Bash, R, Python"
ML/AI Engineer,Remote,Other US,Senior,Remote,239500.0,195454.0,"Java, R, Bash, Python"
ML/AI Engineer,Remote,Other US,Senior,Remote,231000.0,195454.0,"Go, Julia, Bash, Python"
ML/AI Engineer,Remote,Other US,Senior,Remote,237000.0,195454.0,"Scala, Julia, C++, Python"
ML/AI Engineer,Remote,Other US,Senior,Remote,152000.0,195454.0,"C++, Java, Python"
ML/AI Engineer,Remote,Other US,Senior,Remote,226000.0,195454.0,"Python, C++"
Other Tech Role,Remote,Other US,Senior,Remote,213500.0,192808.0,"R, Bash, Java, Python"
Other Tech Role,Remote,Other US,Senior,Remote,244500.0,192808.0,"Julia, SQL, Python"
Other Tech Role,Remote,Other US,Senior,Remote,233500.0,192808.0,"Julia, Python"
Other Tech Role,Remote,Other US,Senior,Remote,157500.0,192808.0,"Python, SQL"
ML/AI Engineer,Remote,Other US,Senior,Remote,152000.0,195454.0,"SQL, Python"
ML/AI Engineer,Remote,Other US,Senior,Remote,241000.0,195454.0,"SQL, Python, Scala"
ML/AI Engineer,Remote,Other US,Senior,Remote,163000.0,195454.0,"Scala, C++, Python"
ML/AI Engineer,Remote,Other US,Senior,Remote,166500.0,195454.0,Bash
ML/AI Engineer,Remote,Other US,Senior,Remote,236000.0,195454.0,"C++, Go, Julia, Python"
ML/AI Engineer,Remote,Other US,Senior,Remote,260000.0,195454.0,"Julia, C++, Python"
Other Tech Role,Remote,Other US,Senior,Remote,166500.0,192808.0,"Python, Scala, Julia"
Other Tech Role,Remote,Other US,Senior,Remote,226500.0,192808.0,"Go, Python"
Other Tech Role,Remote,Other US,Senior,Remote,209000.0,192808.0,"C++, SQL, Go, Python"
Data Engineer,Remote,Other US,Senior,Remote,233000.0,193770.0,"Python, Go, SQL"
Data Engineer,Remote,Other US,Senior,Remote,144500.0,193770.0,"Julia, R, C++, Python"
Data Engineer,Remote,Other US,Senior,Remote,155500.0,193770.0,"Python, Scala, Java"
Data Scientist,Remote,Other US,Senior,Remote,145500.0,198944.0,"R, Julia, Python"
ML/AI Engineer,Remote,Other US,Senior,Remote,239500.0,195454.0,"Java, Python"
ML/AI Engineer,Remote,Other US,Senior,Remote,145500.0,195454.0,SQL
Other Tech Role,Remote,Other US,Senior,Remote,262500.0,192808.0,"Bash, SQL, Python"
Other Tech Role,Remote,Other US,Senior,Remote,142500.0,192808.0,"Julia, C++, Java, Python"
Other Tech Role,Remote,Other US,Senior,Remote,150500.0,192808.0,Python
ML/AI Engineer,Remote,Other US,Senior,Remote,212000.0,195454.0,"Bash, Go, Python"
ML/AI Engineer,Remote,Other US,Senior,Remote,164000.0,195454.0,Julia
ML/AI Engineer,Remote,Other US,Senior,Remote,171500.0,195454.0,"Go, Bash, Python"
Other Tech Role,Remote,Other US,Senior,Remote,153000.0,192808.0,"Scala, Go, Bash, Python"
Other Tech Role,Remote,Other US,Senior,Remote,161500.0,192808.0,"Python, SQL, Bash"
Other Tech Role,Remote,Other US,Senior,Remote,262000.0,192808.0,"C++, Java, Python"
Other Tech Role,Remote,Other US,Senior,Remote,250500.0,192808.0,"Scala, R, Julia, Python"
Other Tech Role,Remote,Other US,Senior,Remote,149000.0,192808.0,"Java, Julia, Python"
ML/AI Engineer,Remote,Other US,Senior,Remote,146000.0,195454.0,"R, Bash, Python"
ML/AI Engineer,Remote,Other US,Senior,Remote,169000.0,195454.0,"C++, Bash, Python"
ML/AI Engineer,Remote,Other US,Senior,Remote,224000.0,195454.0,"C++, Julia, Python"
ML/AI Engineer,Remote,Other US,Senior,Remote,219000.0,195454.0,"SQL, Bash, Java, Python"
ML/AI Engineer,Remote,Other US,Senior,Remote,230500.0,195454.0,"SQL, R, Python"
ML/AI Engineer,Remote,Other US,Senior,Remote,156500.0,195454.0,"Bash, R, Python"
Other Tech Role,Remote,Other US,Senior,Remote,239000.0,192808.0,"Bash, SQL, Python"
Data Engineer,Remote,Other US,Senior,Remote,160500.0,193770.0,"Python, Scala"
Data Scientist,Remote,Other US,Senior,Remote,255500.0,198944.0,"C++, Bash, Java, Python"
Data Scientist,Remote,Other US,Senior,Remote,164500.0,198944.0,"R, Python"
Data Scientist,Remote,Other US,Senior,Remote,164500.0,198944.0,"Go, SQL, Python"
Other Tech Role,Remote,Other US,Senior,Remote,160000.0,192808.0,"C++, Bash, Python"
ML/AI Engineer,Remote,Other US,Senior,Remote,262000.0,195454.0,"Go, SQL, Java"
Other Tech Role,Remote,Other US,Senior,Remote,156000.0,192808.0,"Scala, C++, Python"
ML/AI Engineer,Remote,Other US,Senior,Remote,164500.0,195454.0,"SQL, Python"
ML/AI Engineer,Remote,Other US,Senior,Remote,223500.0,195454.0,"Julia, Scala, Java, Python"
ML/AI Engineer,Remote,Other US,Senior,Remote,235000.0,195454.0,"Bash, Python"
ML/AI Engineer,Remote,Other US,Senior,Remote,223500.0,195454.0,"Julia, Python, Java"
ML/AI Engineer,Remote,Other US,Senior,Remote,218500.0,195454.0,"Julia, Python"
ML/AI Engineer,Remote,Other US,Senior,Remote,154500.0,195454.0,"Julia, C++, Scala, Python"
Other Tech Role,Remote,Other US,Senior,Remote,163000.0,192808.0,"C++, Python"
Other Tech Role,Remote,Other US,Senior,Remote,153500.0,192808.0,"C++, Python"
Other Tech Role,Remote,Other US,Senior,Remote,209500.0,192808.0,"Go, Python"
Other Tech Role,Remote,Other US,Senior,Remote,145000.0,192808.0,"C++, Java, Python"
Other Tech Role,Remote,Other US,Senior,Remote,142500.0,192808.0,"R, Java, Python"
ML/AI Engineer,Remote,Other US,Senior,Remote,149000.0,195454.0,"SQL, Bash, Scala, Python"
ML/AI Engineer,Remote,Other US,Senior,Remote,159500.0,195454.0,"Java, Scala"
ML/AI Engineer,Remote,Other US,Senior,Remote,216500.0,195454.0,"Python, R, Julia"
Other Tech Role,Remote,Other US,Senior,Remote,164500.0,192808.0,"Java, Bash, R, Python"
Data Engineer,Remote,Other US,Senior,Remote,221000.0,193770.0,Python
Data Scientist,Remote,Other US,Senior,Remote,238500.0,198944.0,"Java, SQL, Bash, Python"
Other Tech Role,Remote,Other US,Senior,Remote,218500.0,192808.0,"C++, SQL, Go, Python"
Other Tech Role,Remote,Other US,Senior,Remote,163500.0,192808.0,"C++, R, Python"
ML/AI Engineer,Remote,Other US,Senior,Remote,147000.0,195454.0,"Java, Python"
ML/AI Engineer,Remote,Other US,Senior,Remote,155500.0,195454.0,"Java, Python"
ML/AI Engineer,Remote,Other US,Senior,Remote,158500.0,195454.0,"R, Julia, Bash, Python"
ML/AI Engineer,Remote,Other US,Senior,Remote,160500.0,195454.0,"Julia, Scala, Python"
ML/AI Engineer,Remote,Other US,Senior,Remote,245000.0,195454.0,"Java, Go, Scala, Python"
Other Tech Role,Remote,Other US,Senior,Remote,227000.0,192808.0,"Go, C++, Bash, Python"
Other Tech Role,Remote,Other US,Senior,Remote,251000.0,192808.0,"Python, C++, SQL"
Other Tech Role,Remote,Other US,Senior,Remote,238000.0,192808.0,"Julia, R, Python"
Other Tech Role,Remote,Other US,Senior,Remote,161000.0,192808.0,"SQL, Python"
ML/AI Engineer,Remote,Other US,Senior,Remote,203500.0,195454.0,"C++, Python"
ML/AI Engineer,Remote,Other US,Senior,Remote,230500.0,195454.0,"Julia, Go"
ML/AI Engineer,Remote,Other US,Senior,Remote,239500.0,195454.0,"Bash, Python"
ML/AI Engineer,Remote,Other US,Senior,Remote,226500.0,195454.0,"C++, Python"
ML/AI Engineer,Remote,Other US,Senior,Remote,155500.0,195454.0,"Python, Java"
ML/AI Engineer,Remote,Other US,Senior,Remote,154500.0,195454.0,"Go, Julia, Python"
ML/AI Engineer,Remote,Other US,Senior,Remote,165500.0,195454.0,"R, Scala, Bash, Python"
Other Tech Role,Remote,Other US,Senior,Remote,207000.0,192808.0,"Java, Bash, Go, Python"
Other Tech Role,Remote,Other US,Senior,Remote,209500.0,192808.0,"Julia, Python"
Data Engineer,Remote,Other US,Senior,Remote,162500.0,193770.0,"Java, SQL, Python"
Data Scientist,Remote,Other US,Senior,Remote,160000.0,198944.0,"Python, R"
Other Tech Role,Remote,Other US,Senior,Remote,159500.0,192808.0,Python
Other Tech Role,Remote,Other US,Senior,Remote,168000.0,192808.0,"Bash, SQL, Julia, Python"
ML/AI Engineer,Remote,Other US,Senior,Remote,221500.0,195454.0,"Go, Julia"
ML/AI Engineer,Remote,Other US,Senior,Remote,244000.0,195454.0,"SQL, Scala, Python"
Other Tech Role,Remote,Other US,Senior,Remote,224500.0,192808.0,"Julia, Bash, C++, Python"
Other Tech Role,Remote,Other US,Senior,Remote,242500.0,192808.0,"R, Python"
ML/AI Engineer,Remote,Other US,Senior,Remote,164000.0,195454.0,"Java, Bash, SQL, Python"
ML/AI Engineer,Remote,Other US,Senior,Remote,166500.0,195454.0,"Julia, Python"
ML/AI Engineer,Remote,Other US,Senior,Remote,224000.0,195454.0,"Python, SQL, Julia"
ML/AI Engineer,Remote,Other US,Senior,Remote,231500.0,195454.0,"Java, Bash, Python"
ML/AI Engineer,Remote,Other US,Senior,Remote,231500.0,195454.0,"Go, R, C++, Python"
ML/AI Engineer,Remote,Other US,Senior,Remote,210500.0,195454.0,"SQL, Bash, Python"
ML/AI Engineer,Remote,Other US,Senior,Remote,227000.0,195454.0,"C++, Java, Python"
Other Tech Role,Remote,Other US,Senior,Remote,223000.0,192808.0,"Go, Scala, Python"
Other Tech Role,Remote,Other US,Senior,Remote,144500.0,192808.0,"Bash, Python"
Other Tech Role,Remote,Other US,Senior,Remote,160500.0,192808.0,"Python, R, Go"
Other Tech Role,Remote,Other US,Senior,Remote,214500.0,192808.0,"Bash, Java, Python"
Other Tech Role,Remote,Other US,Senior,Remote,152000.0,192808.0,"Bash, SQL, Python"
ML/AI Engineer,Remote,Other US,Senior,Remote,215000.0,195454.0,"Go, Scala, Julia, Python"
ML/AI Engineer,Remote,Other US,Senior,Remote,158000.0,195454.0,"R, Java, Python"
ML/AI Engineer,Remote,Other US,Senior,Remote,140500.0,195454.0,"Go, Python"
ML/AI Engineer,Remote,Other US,Senior,Remote,148500.0,195454.0,"C++, Python"
ML/AI Engineer,Remote,Other US,Senior,Remote,148500.0,195454.0,"Julia, Python"
ML/AI Engineer,Remote,Other US,Senior,Remote,163500.0,195454.0,"C++, SQL, Python"
Other Tech Role,Remote,Other US,Senior,Remote,149000.0,192808.0,"SQL, Go, Scala, Python"
Other Tech Role,Remote,Other US,Senior,Remote,174000.0,192808.0,"R, Python"
Other Tech Role,Remote,Other US,Senior,Remote,229500.0,192808.0,"C++, Python"
Other Tech Role,Remote,Other US,Senior,Remote,146500.0,192808.0,"Go, Python"
Data Engineer,Remote,Other US,Senior,Remote,253000.0,193770.0,"Java, Scala, Bash, Python"
Data Engineer,Remote,Other US,Senior,Remote,159500.0,193770.0,"Java, Python"
ML/AI Engineer,Remote,Other US,Senior,Remote,215000.0,195454.0,"Julia, Go, Python"
ML/AI Engineer,Remote,Other US,Senior,Remote,153500.0,195454.0,"Python, C++, Julia"
Other Tech Role,Remote,Other US,Senior,Remote,226000.0,192808.0,"Java, Bash, Scala, Python"
ML/AI Engineer,Remote,Other US,Senior,Remote,235500.0,195454.0,"Go, Python"
ML/AI Engineer,Remote,Other US,Senior,Remote,213500.0,195454.0,"Julia, Bash, Scala, Python"
ML/AI Engineer,Remote,Other US,Senior,Remote,241000.0,195454.0,"C++, Python"
ML/AI Engineer,Remote,Other US,Senior,Remote,239500.0,195454.0,"Julia, Python"
ML/AI Engineer,Remote,Other US,Senior,Remote,162500.0,195454.0,Python
ML/AI Engineer,Remote,Other US,Senior,Remote,160500.0,195454.0,"Go, C++, Python"
ML/AI Engineer,Remote,Other US,Senior,Remote,225000.0,195454.0,"Go, Bash, Julia, Python"
ML/AI Engineer,Remote,Other US,Senior,Remote,152000.0,195454.0,"Bash, Scala, R, Python"
Other Tech Role,Remote,Other US,Senior,Remote,240000.0,192808.0,"Go, Python"
Other Tech Role,Remote,Other US,Senior,Remote,232000.0,192808.0,"C++, Scala, SQL, Python"
Other Tech Role,Remote,Other US,Senior,Remote,163500.0,192808.0,"Scala, C++, Python"
ML/AI Engineer,Remote,Other US,Senior,Remote,248500.0,195454.0,"R, Go, Python"
ML/AI Engineer,Remote,Other US,Senior,Remote,151500.0,195454.0,"Julia, Python"
ML/AI Engineer,Remote,Other US,Senior,Remote,234000.0,195454.0,"C++, Java, Python"
ML/AI Engineer,Remote,Other US,Senior,Remote,158500.0,195454.0,"Scala, Python"
ML/AI Engineer,Remote,Other US,Senior,Remote,219000.0,195454.0,"Scala, Python"
ML/AI Engineer,Remote,Other US,Senior,Remote,237000.0,195454.0,R
Data Engineer,Remote,Other US,Senior,Remote,160500.0,193770.0,"Bash, Python"
Data Scientist,Remote,Other US,Senior,Remote,166500.0,198944.0,"R, SQL, Julia, Python"
Other Tech Role,Remote,Other US,Senior,Remote,222000.0,192808.0,"R, Python"
Other Tech Role,Remote,Other US,Senior,Remote,232000.0,192808.0,"C++, Scala, Go, Python"
ML/AI Engineer,Remote,Other US,Senior,Remote,168500.0,195454.0,"Scala, SQL, Python"
Other Tech Role,Remote,Other US,Senior,Remote,206000.0,192808.0,"Julia, Go, Python"
Other Tech Role,Remote,Other US,Senior,Remote,168000.0,192808.0,"Bash, Python"
ML/AI Engineer,Remote,Other US,Senior,Remote,171000.0,195454.0,"Julia, SQL, R, Python"
ML/AI Engineer,Remote,Other US,Senior,Remote,252500.0,195454.0,"R, Go, Python"
Other Tech Role,Remote,Other US,Senior,Remote,152500.0,192808.0,"Go, Java, Python"
Other Tech Role,Remote,Other US,Senior,Remote,240000.0,192808.0,"Bash, Python"
Other Tech Role,Remote,Other US,Senior,Remote,248500.0,192808.0,"Scala, R, Python"
Other Tech Role,Remote,Other US,Senior,Remote,147500.0,192808.0,Go
Other Tech Role,Remote,Other US,Senior,Remote,162500.0,192808.0,"SQL, Python"
Other Tech Role,Remote,Other US,Senior,Remote,151000.0,192808.0,"Julia, Bash, Scala, Python"
Other Tech Role,Remote,Other US,Senior,Remote,172500.0,192808.0,"Julia, Python"
ML/AI Engineer,Remote,Other US,Senior,Remote,252000.0,195454.0,"Bash, Go, Python"
ML/AI Engineer,Remote,Other US,Senior,Remote,162000.0,195454.0,"Scala, Python"
ML/AI Engineer,Remote,Other US,Senior,Remote,232000.0,195454.0,"Bash, Scala, SQL, Python"
ML/AI Engineer,Remote,Other US,Senior,Remote,144000.0,195454.0,"Julia, Python, Go"
ML/AI Engineer,Remote,Other US,Senior,Remote,163500.0,195454.0,"Python, Scala"
Other Tech Role,Remote,Other US,Senior,Remote,258000.0,192808.0,"Python, Bash"
Other Tech Role,Remote,Other US,Senior,Remote,241000.0,192808.0,"R, Python"
Data Scientist,Remote,Other US,Senior,Remote,222000.0,198944.0,Python
Data Scientist,Remote,Other US,Senior,Remote,225000.0,198944.0,"Julia, C++, Python"
Other Tech Role,Remote,Other US,Senior,Remote,230500.0,192808.0,"Julia, SQL, Python"
ML/AI Engineer,Remote,Other US,Senior,Remote,141500.0,195454.0,"R, Java, Python"
Other Tech Role,Remote,Other US,Senior,Remote,157000.0,192808.0,"Scala, Java, Go, Python"
Other Tech Role,Remote,Other US,Senior,Remote,159500.0,192808.0,"Python, C++, Bash"
ML/AI Engineer,Remote,Other US,Senior,Remote,150000.0,195454.0,"Bash, Python"
ML/AI Engineer,Remote,Other US,Senior,Remote,205000.0,195454.0,"SQL, Python"
ML/AI Engineer,Remote,Other US,Senior,Remote,162500.0,195454.0,Python
ML/AI Engineer,Remote,Other US,Senior,Remote,248000.0,195454.0,"C++, Java, Python"
ML/AI Engineer,Remote,Other US,Senior,Remote,153500.0,195454.0,"Python, Julia, Scala"
ML/AI Engineer,Remote,Other US,Senior,Remote,233000.0,195454.0,"C++, Python"
ML/AI Engineer,Remote,Other US,Senior,Remote,151500.0,195454.0,"Bash, Python"
Other Tech Role,Remote,Other US,Senior,Remote,222000.0,192808.0,"Python, SQL, Bash"
Other Tech Role,Remote,Other US,Senior,Remote,164500.0,192808.0,"SQL, Java, Python"
Other Tech Role,Remote,Other US,Senior,Remote,248000.0,192808.0,"Go, C++, Scala, Python"
Other Tech Role,Remote,Other US,Senior,Remote,151000.0,192808.0,"Julia, Scala, Python"
Other Tech Role,Remote,Other US,Senior,Remote,156000.0,192808.0,"Julia, Scala, Python"
Other Tech Role,"San Francisco, CA",California,Senior,Hybrid,222000.0,179989.0,"Bash, Julia, Scala, Python"
Data Scientist,"San Francisco, CA",California,Senior,Hybrid,231000.0,178502.0,"C++, Java, Go, Python"
ML/AI Engineer,"San Francisco, CA",California,Senior,On-site,222500.0,329435.0,"Bash, Go, Python"
ML/AI Engineer,"San Francisco, CA",California,Senior,Hybrid,238000.0,184746.0,"Java, SQL, Python"
ML/AI Engineer,"San Francisco, CA",California,Senior,On-site,248500.0,329435.0,"Scala, Java, SQL, Python"
Data Scientist,"San Francisco, CA",California,Senior,Hybrid,218500.0,178502.0,"R, Python"
ML/AI Engineer,"San Francisco, CA",California,Senior,On-site,224500.0,329435.0,"Go, Bash, Python"
ML/AI Engineer,"San Francisco, CA",California,Senior,Hybrid,227500.0,184746.0,"Python, Julia, C++"
Other Tech Role,"San Francisco, CA",California,Senior,Hybrid,239500.0,179989.0,"Go, Python"
ML/AI Engineer,"San Francisco, CA",California,Senior,Hybrid,214500.0,184746.0,"Go, Python, R"
ML/AI Engineer,"San Francisco, CA",California,Senior,Hybrid,240000.0,184746.0,"Scala, C++, SQL, Python"
ML/AI Engineer,"San Francisco, CA",California,Senior,On-site,217500.0,329435.0,"Scala, SQL, Java, Python"
ML/AI Engineer,"San Francisco, CA",California,Senior,Hybrid,212000.0,184746.0,"Python, R"
ML/AI Engineer,"San Francisco, CA",California,Senior,Hybrid,248000.0,184746.0,"SQL, C++, Python"
ML/AI Engineer,"San Francisco, CA",California,Senior,On-site,10075005.0,329435.0,"Python, Go, Bash"
ML/AI Engineer,"San Francisco, CA",California,Senior,On-site,223500.0,329435.0,"C++, Python"
ML/AI Engineer,"San Francisco, CA",California,Senior,Hybrid,254000.0,184746.0,"Java, Bash, Python"
ML/AI Engineer,"San Francisco, CA",California,Senior,On-site,243500.0,329435.0,"Bash, Python"
Other Tech Role,"San Francisco, CA",California,Senior,Hybrid,218500.0,179989.0,"Python, C++, Java"
Other Tech Role,"San Francisco, CA",California,Senior,Hybrid,204000.0,179989.0,"Java, SQL, Python"
ML/AI Engineer,"San Francisco, CA",California,Senior,Hybrid,238500.0,184746.0,"Scala, Python"
Other Tech Role,"San Francisco, CA",California,Senior,Hybrid,225000.0,179989.0,"Julia, Go, R, Python"
Other Tech Role,"San Francisco, CA",California,Senior,Hybrid,242500.0,179989.0,"Java, Go, Python"
Data Scientist,"San Francisco, CA",California,Senior,Hybrid,211500.0,178502.0,"Java, Python"
Other Tech Role,"San Francisco, CA",California,Senior,Hybrid,219000.0,179989.0,"Scala, Python"
ML/AI Engineer,"San Francisco, CA",California,Senior,On-site,211000.0,329435.0,"Bash, Java, C++, Python"
Other Tech Role,"San Francisco, CA",California,Senior,Hybrid,203500.0,179989.0,"R, Bash, C++, Python"
ML/AI Engineer,"San Francisco, CA",California,Senior,Hybrid,239000.0,184746.0,"Python, Java"
ML/AI Engineer,"San Francisco, CA",California,Senior,Hybrid,224500.0,184746.0,"Go, Python"
Data Engineer,"San Francisco, CA",California,Senior,On-site,236500.0,186908.0,"Java, Python"
ML/AI Engineer,"San Francisco, CA",California,Senior,On-site,264000.0,329435.0,"Scala, Python"
Other Tech Role,"San Francisco, CA",California,Senior,Hybrid,227000.0,179989.0,"C++, Python"
ML/AI Engineer,"San Francisco, CA",California,Senior,On-site,214000.0,329435.0,"Bash, Scala, Java, Python"
Other Tech Role,"San Francisco, CA",California,Senior,On-site,203500.0,199445.0,"Python, Bash, Go"
ML/AI Engineer,"San Francisco, CA",California,Senior,On-site,214000.0,329435.0,"Bash, Python"
ML/AI Engineer,"San Francisco, CA",California,Senior,On-site,236500.0,329435.0,"Bash, Julia, Java, Python"
Other Tech Role,"San Francisco, CA",California,Senior,Hybrid,257500.0,179989.0,Python
Data Scientist,"San Francisco, CA",California,Senior,Hybrid,248500.0,178502.0,"Python, Java, Julia"
Other Tech Role,"San Francisco, CA",California,Senior,Hybrid,219000.0,179989.0,"C++, Bash, Python"
Other Tech Role,"San Francisco, CA",California,Senior,Hybrid,210000.0,179989.0,"SQL, Python"
Other Tech Role,"San Francisco, CA",California,Senior,Hybrid,212500.0,179989.0,"Java, Python"
Other Tech Role,"San Francisco, CA",California,Senior,Hybrid,246500.0,179989.0,"Bash, Julia, Python"
Other Tech Role,"San Francisco, CA",California,Senior,On-site,235500.0,199445.0,"Scala, SQL, C++, Python"
Other Tech Role,"San Francisco, CA",California,Senior,Hybrid,218500.0,179989.0,"Python, Julia"
Other Tech Role,"San Francisco, CA",California,Senior,Hybrid,247500.0,179989.0,"Scala, R, Python"
Other Tech Role,"San Francisco, CA",California,Senior,On-site,208000.0,199445.0,"SQL, Julia, R, Python"
ML/AI Engineer,"San Francisco, CA",California,Senior,Hybrid,208000.0,184746.0,"Java, Go, Python"
ML/AI Engineer,"San Francisco, CA",California,Senior,Hybrid,239000.0,184746.0,"Java, Go, Bash, Python"
Other Tech Role,"San Francisco, CA",California,Senior,Hybrid,239500.0,179989.0,"SQL, Go, Bash, Python"
Other Tech Role,"San Francisco, CA",California,Senior,Hybrid,228500.0,179989.0,"Java, Python, Julia"
ML/AI Engineer,"San Francisco, CA",California,Senior,Hybrid,220000.0,184746.0,"Python, Julia"
Data Scientist,"San Francisco, CA",California,Senior,On-site,221500.0,174335.0,"Julia, Python"
Other Tech Role,"San Francisco, CA",California,Senior,Hybrid,245500.0,179989.0,"Bash, Python, Go"
Other Tech Role,"San Francisco, CA",California,Senior,On-site,234500.0,199445.0,"Julia, C++, Scala, Python"
Other Tech Role,"San Francisco, CA",California,Senior,Hybrid,220000.0,179989.0,"R, Python"
ML/AI Engineer,"San Francisco, CA",California,Senior,On-site,224500.0,329435.0,"Scala, C++, Python"
Other Tech Role,"San Francisco, CA",California,Senior,Hybrid,218500.0,179989.0,"SQL, Python"
Other Tech Role,"San Francisco, CA",California,Senior,On-site,238000.0,199445.0,"Julia, Go, Scala, Python"
ML/AI Engineer,"San Francisco, CA",California,Senior,Hybrid,244500.0,184746.0,"SQL, Java, R, Python"
ML/AI Engineer,"San Francisco, CA",California,Senior,On-site,228000.0,329435.0,"C++, Python"
Other Tech Role,"San Francisco, CA",California,Senior,On-site,223500.0,199445.0,"Scala, Python"
Other Tech Role,"San Francisco, CA",California,Senior,Hybrid,220000.0,179989.0,"Bash, R, Python"
Other Tech Role,"San Francisco, CA",California,Senior,On-site,248000.0,199445.0,"Python, Scala"
ML/AI Engineer,"San Francisco, CA",California,Senior,Hybrid,233500.0,184746.0,"Go, Java, Python"
Other Tech Role,"San Francisco, CA",California,Senior,Hybrid,218000.0,179989.0,Python
ML/AI Engineer,"San Francisco, CA",California,Senior,On-site,213000.0,329435.0,"Java, SQL, Python"
ML/AI Engineer,"San Francisco, CA",California,Senior,On-site,235500.0,329435.0,"R, Go, Python"
Other Tech Role,"San Francisco, CA",California,Senior,On-site,240000.0,199445.0,"Scala, Julia, Python"
Other Tech Role,"San Francisco, CA",California,Senior,Hybrid,258000.0,179989.0,Python
Data Engineer,"San Francisco, CA",California,Senior,Hybrid,243000.0,215674.0,"R, Go, Python"
Data Scientist,"San Francisco, CA",California,Senior,Hybrid,258500.0,178502.0,"Bash, Python"
ML/AI Engineer,"San Francisco, CA",California,Senior,Hybrid,248000.0,184746.0,"Scala, SQL, Python"
ML/AI Engineer,"San Francisco, CA",California,Senior,Hybrid,223500.0,184746.0,"Go, SQL, C++, Python"
ML/AI Engineer,"San Francisco, CA",California,Senior,Hybrid,210000.0,184746.0,"Java, SQL, Python"
ML/AI Engineer,"San Francisco, CA",California,Senior,Hybrid,231500.0,184746.0,"R, Python"
Other Tech Role,"San Francisco, CA",California,Senior,On-site,258000.0,199445.0,"Julia, Python"
Other Tech Role,"San Francisco, CA",California,Senior,Hybrid,229500.0,179989.0,"C++, Python"
Other Tech Role,"San Francisco, CA",California,Senior,Hybrid,225500.0,179989.0,"Java, Bash, C++, Python"
Other Tech Role,"San Francisco, CA",California,Senior,Hybrid,238500.0,179989.0,"Bash, Python"
ML/AI Engineer,"San Francisco, CA",California,Senior,Hybrid,217000.0,184746.0,"SQL, Python"
ML/AI Engineer,"San Francisco, CA",California,Senior,On-site,225000.0,329435.0,"C++, R, SQL, Python"
Other Tech Role,"San Francisco, CA",California,Senior,On-site,248000.0,199445.0,"Bash, Go, Python"
ML/AI Engineer,"San Francisco, CA",California,Senior,On-site,228000.0,329435.0,"C++, Python"
Other Tech Role,"San Francisco, CA",California,Senior,Hybrid,223500.0,179989.0,"Julia, Python"
Other Tech Role,"San Francisco, CA",California,Senior,Hybrid,232000.0,179989.0,"Scala, Python"
ML/AI Engineer,"San Francisco, CA",California,Senior,On-site,218500.0,329435.0,"R, Python"
Other Tech Role,"San Francisco, CA",California,Senior,Hybrid,228000.0,179989.0,"Go, Python"
ML/AI Engineer,"San Francisco, CA",California,Senior,Hybrid,219000.0,184746.0,"SQL, Python"
ML/AI Engineer,"San Francisco, CA",California,Senior,On-site,214000.0,329435.0,"Scala, Julia, Go, Python"
Other Tech Role,"San Francisco, CA",California,Senior,Hybrid,231000.0,179989.0,"Java, Python"
Other Tech Role,"San Francisco, CA",California,Senior,On-site,242000.0,199445.0,Python
Other Tech Role,"San Francisco, CA",California,Senior,On-site,222000.0,199445.0,"Java, Python, Go"
ML/AI Engineer,"San Francisco, CA",California,Senior,Hybrid,248500.0,184746.0,"Bash, Go, Java, Python"
Data Scientist,"San Francisco, CA",California,Senior,On-site,228000.0,174335.0,"R, Python"
Data Engineer,"San Francisco, CA",California,Senior,Hybrid,244500.0,215674.0,Python
ML/AI Engineer,"San Francisco, CA",California,Senior,Hybrid,239000.0,184746.0,"Scala, Julia, C++, Python"
ML/AI Engineer,"San Francisco, CA",California,Senior,On-site,246000.0,329435.0,"Julia, SQL, Python"
Other Tech Role,"San Francisco, CA",California,Senior,On-site,220500.0,199445.0,"Go, Java, Python"
ML/AI Engineer,"San Francisco, CA",California,Senior,Hybrid,217500.0,184746.0,"SQL, Python"
Other Tech Role,"San Francisco, CA",California,Senior,On-site,247000.0,199445.0,"Bash, SQL, Python"
Other Tech Role,"San Francisco, CA",California,Senior,On-site,256000.0,199445.0,Python
Other Tech Role,"San Francisco, CA",California,Senior,On-site,238000.0,199445.0,"Scala, Go, Python"
Other Tech Role,"San Francisco, CA",California,Senior,On-site,260000.0,199445.0,Python
ML/AI Engineer,"San Francisco, CA",California,Senior,Hybrid,234000.0,184746.0,"Bash, Python"
Other Tech Role,"San Francisco, CA",California,Senior,On-site,224000.0,199445.0,"SQL, Julia, R, Python"
ML/AI Engineer,"San Francisco, CA",California,Senior,Hybrid,231500.0,184746.0,"Go, Python"
ML/AI Engineer,"Seattle, WA",Other US,Senior,On-site,260500.0,184620.0,"Go, C++, Python"
Other Tech Role,"Seattle, WA",Other US,Senior,On-site,225000.0,187394.0,"Julia, Python"
Other Tech Role,"Seattle, WA",Other US,Senior,On-site,248500.0,187394.0,"Python, Julia"
Other Tech Role,"Seattle, WA",Other US,Senior,Hybrid,201500.0,180380.0,"Scala, C++, Python"
ML/AI Engineer,"Seattle, WA",Other US,Senior,On-site,228500.0,184620.0,"Scala, Python"
Other Tech Role,"Seattle, WA",Other US,Senior,On-site,239500.0,187394.0,"Java, SQL, Scala, Python"
Data Engineer,"Seattle, WA",Other US,Senior,Hybrid,245500.0,174421.0,Python
ML/AI Engineer,"Seattle, WA",Other US,Senior,Hybrid,202500.0,178877.0,"R, Python, Julia"
Other Tech Role,"Seattle, WA",Other US,Senior,Hybrid,228500.0,180380.0,"Java, Julia, Scala, Python"
Other Tech Role,"Seattle, WA",Other US,Senior,Hybrid,242500.0,180380.0,"Java, Python, Go"
Other Tech Role,"Seattle, WA",Other US,Senior,On-site,202500.0,187394.0,"Go, Python"
ML/AI Engineer,"Seattle, WA",Other US,Senior,Hybrid,238500.0,178877.0,"Bash, Go, Python"
Other Tech Role,"Seattle, WA",Other US,Senior,On-site,249500.0,187394.0,"Go, SQL, Python"
ML/AI Engineer,"Seattle, WA",Other US,Senior,On-site,229500.0,184620.0,"Go, R, Scala, Python"
Other Tech Role,"Seattle, WA",Other US,Senior,Hybrid,221500.0,180380.0,"R, C++, Julia, Python"
ML/AI Engineer,"Seattle, WA",Other US,Senior,Hybrid,255000.0,178877.0,Python
Other Tech Role,"Seattle, WA",Other US,Senior,Hybrid,250000.0,180380.0,"Python, C++, R"
ML/AI Engineer,"Seattle, WA",Other US,Senior,On-site,207500.0,184620.0,"C++, Python"
ML/AI Engineer,"Seattle, WA",Other US,Senior,Hybrid,214500.0,178877.0,Bash
Other Tech Role,"Seattle, WA",Other US,Senior,Hybrid,217500.0,180380.0,"Go, Java, Python"
ML/AI Engineer,"Seattle, WA",Other US,Senior,Hybrid,258000.0,178877.0,"Go, Python"
Other Tech Role,"Seattle, WA",Other US,Senior,Hybrid,226000.0,180380.0,"Java, Python"
Other Tech Role,"Seattle, WA",Other US,Senior,On-site,216500.0,187394.0,"SQL, Python, Go"
Other Tech Role,"Seattle, WA",Other US,Senior,Hybrid,225000.0,180380.0,"R, Scala, Python"
ML/AI Engineer,"Seattle, WA",Other US,Senior,On-site,241000.0,184620.0,"Java, Scala, Python"
Other Tech Role,"Seattle, WA",Other US,Senior,Hybrid,247500.0,180380.0,"Bash, Julia, SQL, Python"
Other Tech Role,"Seattle, WA",Other US,Senior,Hybrid,248500.0,180380.0,"Bash, Python, C++"
Other Tech Role,"Seattle, WA",Other US,Senior,On-site,250500.0,187394.0,"R, Python"
ML/AI Engineer,"Seattle, WA",Other US,Senior,On-site,209000.0,184620.0,Go
ML/AI Engineer,"Seattle, WA",Other US,Senior,On-site,220500.0,184620.0,"C++, Julia, Python"
Other Tech Role,"Seattle, WA",Other US,Senior,Hybrid,242000.0,180380.0,"Java, Python"
Other Tech Role,"Seattle, WA",Other US,Senior,On-site,227000.0,187394.0,"SQL, Python"
ML/AI Engineer,"Seattle, WA",Other US,Senior,Hybrid,221500.0,178877.0,"Go, Java, Julia"
ML/AI Engineer,"Seattle, WA",Other US,Senior,Hybrid,241000.0,178877.0,"Bash, SQL, R, Python"
ML/AI Engineer,"Seattle, WA",Other US,Senior,Hybrid,232500.0,178877.0,"C++, SQL"
Other Tech Role,"Seattle, WA",Other US,Senior,On-site,223000.0,187394.0,"Java, Python"
ML/AI Engineer,"Seattle, WA",Other US,Senior,Hybrid,228000.0,178877.0,"Bash, Python"
Other Tech Role,"Seattle, WA",Other US,Senior,Hybrid,225000.0,180380.0,"Scala, Python"
Other Tech Role,"Seattle, WA",Other US,Senior,Hybrid,226500.0,180380.0,"C++, Go, Java, Python"
ML/AI Engineer,"Seattle, WA",Other US,Senior,Hybrid,252500.0,178877.0,"SQL, R, Java, Python"
ML/AI Engineer,"Seattle, WA",Other US,Senior,Hybrid,212000.0,178877.0,"Julia, Go, Scala, Python"
ML/AI Engineer,"Seattle, WA",Other US,Senior,Hybrid,241500.0,178877.0,"SQL, Go, R, Python"
ML/AI Engineer,"Seattle, WA",Other US,Senior,Hybrid,221000.0,178877.0,"C++, Bash"
ML/AI Engineer,"Seattle, WA",Other US,Senior,On-site,229500.0,184620.0,"R, Go, Python"
Data Engineer,"Seattle, WA",Other US,Senior,Hybrid,220000.0,174421.0,"Julia, Scala, Python"
ML/AI Engineer,"Seattle, WA",Other US,Senior,Hybrid,217500.0,178877.0,"Julia, Python"
Other Tech Role,"Seattle, WA",Other US,Senior,On-site,213500.0,187394.0,"Julia, Python"
ML/AI Engineer,"Seattle, WA",Other US,Senior,Hybrid,226000.0,178877.0,"Java, Go, Python"
ML/AI Engineer,"Seattle, WA",Other US,Senior,Hybrid,207000.0,178877.0,"Scala, Bash, Python"
ML/AI Engineer,"Seattle, WA",Other US,Senior,Hybrid,218000.0,178877.0,"Go, R, C++, Python"
Other Tech Role,"Seattle, WA",Other US,Senior,On-site,248500.0,187394.0,"Bash, Python"
Other Tech Role,"Seattle, WA",Other US,Senior,On-site,256500.0,187394.0,"R, Python"
ML/AI Engineer,"Seattle, WA",Other US,Senior,On-site,221000.0,184620.0,"Bash, Python"
ML/AI Engineer,"Seattle, WA",Other US,Senior,Hybrid,245000.0,178877.0,"Julia, Go, Java, Python"
ML/AI Engineer,"Seattle, WA",Other US,Senior,On-site,232500.0,184620.0,"Bash, Python"
ML/AI Engineer,"Seattle, WA",Other US,Senior,Hybrid,217000.0,178877.0,"C++, Python"
Other Tech Role,"Seattle, WA",Other US,Senior,Hybrid,241000.0,180380.0,"Java, Python"
ML/AI Engineer,"Seattle, WA",Other US,Senior,On-site,212000.0,184620.0,"Go, Java, Julia, Python"
ML/AI Engineer,"Seattle, WA",Other US,Senior,Hybrid,208000.0,178877.0,"R, C++, Python"
Other Tech Role,"Seattle, WA",Other US,Senior,On-site,222000.0,187394.0,"Python, C++"
Other Tech Role,"Seattle, WA",Other US,Senior,Hybrid,244500.0,180380.0,SQL
Other Tech Role,"Seattle, WA",Other US,Senior,On-site,216000.0,187394.0,"Scala, Python"
Other Tech Role,"Seattle, WA",Other US,Senior,Hybrid,239500.0,180380.0,"Julia, Java, Python"
Other Tech Role,"Seattle, WA",Other US,Senior,On-site,215000.0,187394.0,"Scala, Julia, Bash, Python"
Other Tech Role,"Seattle, WA",Other US,Senior,Hybrid,212000.0,180380.0,"Julia, Bash, Python"
ML/AI Engineer,"Seattle, WA",Other US,Senior,Hybrid,211500.0,178877.0,Python
ML/AI Engineer,"Seattle, WA",Other US,Senior,On-site,262000.0,184620.0,"Scala, Bash, SQL, Python"
ML/AI Engineer,"Seattle, WA",Other US,Senior,On-site,244500.0,184620.0,"Scala, Python, C++"
ML/AI Engineer,"Seattle, WA",Other US,Senior,Hybrid,215500.0,178877.0,Python
ML/AI Engineer,"Seattle, WA",Other US,Senior,On-site,230000.0,184620.0,"Scala, Bash, Python"
Other Tech Role,"Seattle, WA",Other US,Senior,Hybrid,230000.0,180380.0,"Go, Scala, Python"
Other Tech Role,"Seattle, WA",Other US,Senior,On-site,244000.0,187394.0,"Bash, Python, Julia"
ML/AI Engineer,"Seattle, WA",Other US,Senior,Hybrid,216000.0,178877.0,"Go, Java, Julia, Python"
Other Tech Role,"Seattle, WA",Other US,Senior,On-site,213000.0,187394.0,"Go, Python"
ML/AI Engineer,Sydney,Other US,Senior,Hybrid,150500.0,178877.0,"Scala, Go, Python"
ML/AI Engineer,Sydney,Other US,Senior,Hybrid,154000.0,178877.0,"Java, Go, R, Python"
ML/AI Engineer,Sydney,Other US,Senior,On-site,162500.0,184620.0,"R, Python"
ML/AI Engineer,Sydney,Other US,Senior,On-site,141000.0,184620.0,Python
ML/AI Engineer,Sydney,Other US,Senior,Hybrid,156000.0,178877.0,"SQL, R, Scala"
Other Tech Role,Sydney,Other US,Senior,Hybrid,155500.0,180380.0,"Scala, SQL, Python"
Data Scientist,Sydney,Other US,Senior,Hybrid,157500.0,180558.0,"Python, Go"
ML/AI Engineer,Sydney,Other US,Senior,Hybrid,147500.0,178877.0,"C++, Go, Python"
ML/AI Engineer,Sydney,Other US,Senior,Hybrid,162000.0,178877.0,"C++, Python"
ML/AI Engineer,Sydney,Other US,Senior,Hybrid,164500.0,178877.0,"Bash, R, Python"
Other Tech Role,Sydney,Other US,Senior,Hybrid,155000.0,180380.0,"Bash, Go, Python"
Other Tech Role,Sydney,Other US,Senior,Hybrid,143500.0,180380.0,"Go, Python"
Other Tech Role,Sydney,Other US,Senior,On-site,166000.0,187394.0,"Java, Go, Python"
ML/AI Engineer,Sydney,Other US,Senior,Hybrid,168000.0,178877.0,"Julia, Python"
ML/AI Engineer,Sydney,Other US,Senior,On-site,147500.0,184620.0,"Julia, Java, Python"
Other Tech Role,Sydney,Other US,Senior,Hybrid,164000.0,180380.0,"Julia, Scala, Python"
ML/AI Engineer,Sydney,Other US,Senior,Hybrid,158000.0,178877.0,"Java, Python"
ML/AI Engineer,Sydney,Other US,Senior,On-site,145000.0,184620.0,"C++, Scala, Bash, Python"
Other Tech Role,Sydney,Other US,Senior,Hybrid,154000.0,180380.0,"Scala, Python"
Other Tech Role,Sydney,Other US,Senior,Hybrid,165000.0,180380.0,"Python, C++, SQL"
Data Engineer,Sydney,Other US,Senior,On-site,153500.0,191216.0,"Bash, Python, SQL"
ML/AI Engineer,Sydney,Other US,Senior,On-site,148000.0,184620.0,"Julia, Python"
ML/AI Engineer,Sydney,Other US,Senior,On-site,171500.0,184620.0,Python
ML/AI Engineer,Sydney,Other US,Senior,Hybrid,169500.0,178877.0,"Scala, Bash, Python"
Other Tech Role,Sydney,Other US,Senior,On-site,148500.0,187394.0,"Bash, Python"
ML/AI Engineer,Sydney,Other US,Senior,Hybrid,157000.0,178877.0,"R, C++, Scala, Python"
Other Tech Role,Sydney,Other US,Senior,Hybrid,143000.0,180380.0,"Bash, Julia, C++, Python"
Other Tech Role,Sydney,Other US,Senior,On-site,160000.0,187394.0,"Scala, SQL, Python"
ML/AI Engineer,Sydney,Other US,Senior,Hybrid,162500.0,178877.0,"Python, Bash"
ML/AI Engineer,Sydney,Other US,Senior,Hybrid,161500.0,178877.0,"Julia, Python"
Other Tech Role,Sydney,Other US,Senior,On-site,152500.0,187394.0,"Go, Julia, Python"
ML/AI Engineer,Sydney,Other US,Senior,Hybrid,167000.0,178877.0,"Go, SQL, Bash, Python"
Data Engineer,Sydney,Other US,Senior,Hybrid,152000.0,174421.0,"Java, Python"
ML/AI Engineer,Sydney,Other US,Senior,Hybrid,155500.0,178877.0,"SQL, Scala, Python"
ML/AI Engineer,Sydney,Other US,Senior,On-site,169000.0,184620.0,"R, Python"
Other Tech Role,Sydney,Other US,Senior,Hybrid,152500.0,180380.0,"Java, Python"
Other Tech Role,Sydney,Other US,Senior,Hybrid,158500.0,180380.0,"Bash, Scala, Python"
ML/AI Engineer,Sydney,Other US,Senior,Hybrid,154500.0,178877.0,"Go, Python"
ML/AI Engineer,Sydney,Other US,Senior,On-site,152500.0,184620.0,"Go, R, Python"
ML/AI Engineer,Sydney,Other US,Senior,Hybrid,144000.0,178877.0,"Julia, R, Scala, Python"
ML/AI Engineer,Sydney,Other US,Senior,Hybrid,169500.0,178877.0,"Bash, Python"
ML/AI Engineer,Sydney,Other US,Senior,Hybrid,158500.0,178877.0,"SQL, Python"
ML/AI Engineer,Sydney,Other US,Senior,Hybrid,156500.0,178877.0,"Bash, Scala, Python"
ML/AI Engineer,Sydney,Other US,Senior,Hybrid,157500.0,178877.0,"Julia, Python"
Other Tech Role,Sydney,Other US,Senior,On-site,145500.0,187394.0,"Julia, Python"
Other Tech Role,Sydney,Other US,Senior,On-site,147000.0,187394.0,"R, Go, Python"
Data Scientist,Sydney,Other US,Senior,On-site,163500.0,178493.0,"Julia, Python"
ML/AI Engineer,Sydney,Other US,Senior,Hybrid,156500.0,178877.0,"SQL, Python"
Other Tech Role,Sydney,Other US,Senior,On-site,157500.0,187394.0,"Scala, R, Python"
Other Tech Role,Sydney,Other US,Senior,On-site,154500.0,187394.0,"Go, Python"
ML/AI Engineer,Sydney,Other US,Senior,Hybrid,145500.0,178877.0,"Go, Scala, SQL, Python"
Data Engineer,Sydney,Other US,Senior,Hybrid,152500.0,174421.0,"Scala, Java, Python"
Other Tech Role,Sydney,Other US,Senior,On-site,164500.0,187394.0,"Go, Scala, Python"
Other Tech Role,Sydney,Other US,Senior,Hybrid,166000.0,180380.0,"Bash, Python, Go"
Other Tech Role,Sydney,Other US,Senior,On-site,166500.0,187394.0,"Julia, Python"
Other Tech Role,Sydney,Other US,Senior,Hybrid,148500.0,180380.0,Python
Other Tech Role,Sydney,Other US,Senior,Hybrid,160000.0,180380.0,"C++, Python"
Other Tech Role,Sydney,Other US,Senior,Hybrid,163000.0,180380.0,"Bash, Python"
Other Tech Role,Sydney,Other US,Senior,Hybrid,151500.0,180380.0,"SQL, Java, Python"
Other Tech Role,Sydney,Other US,Senior,Hybrid,153000.0,180380.0,"SQL, Python"
Other Tech Role,Sydney,Other US,Senior,On-site,166000.0,187394.0,"Go, Python"
Other Tech Role,Sydney,Other US,Senior,Hybrid,144500.0,180380.0,"Julia, Java, Python"
ML/AI Engineer,Sydney,Other US,Senior,On-site,166000.0,184620.0,"R, SQL, Scala, Python"
Other Tech Role,Sydney,Other US,Senior,On-site,161500.0,187394.0,"Scala, Python"
Other Tech Role,Sydney,Other US,Senior,Hybrid,156000.0,180380.0,"SQL, Julia, Python"
Other Tech Role,Sydney,Other US,Senior,Hybrid,147000.0,180380.0,"Python, C++, Java"
ML/AI Engineer,Sydney,Other US,Senior,Hybrid,161500.0,178877.0,"R, SQL, Go, Python"
ML/AI Engineer,Sydney,Other US,Senior,Hybrid,163000.0,178877.0,"Java, Python"
Other Tech Role,Sydney,Other US,Senior,On-site,167000.0,187394.0,"C++, Bash, SQL, Python"
ML/AI Engineer,Sydney,Other US,Senior,Hybrid,155500.0,178877.0,"C++, Bash, Python"
Other Tech Role,Sydney,Other US,Senior,On-site,149500.0,187394.0,"R, Python"
ML/AI Engineer,Sydney,Other US,Senior,Hybrid,160500.0,178877.0,"R, C++, Python"
ML/AI Engineer,Sydney,Other US,Senior,Hybrid,162500.0,178877.0,"Julia, Java, Python"
ML/AI Engineer,Sydney,Other US,Senior,Hybrid,162000.0,178877.0,"Scala, SQL, Python"
ML/AI Engineer,Sydney,Other US,Senior,Hybrid,163000.0,178877.0,"Python, Go, Bash"
Other Tech Role,Sydney,Other US,Senior,Hybrid,151000.0,180380.0,"SQL, R, Java, Python"
Other Tech Role,Sydney,Other US,Senior,Hybrid,154500.0,180380.0,"Python, Scala, Julia"
Data Scientist,Sydney,Other US,Senior,Hybrid,159500.0,180558.0,"C++, R, Java, Python"
Other Tech Role,Sydney,Other US,Senior,Hybrid,159000.0,180380.0,"Bash, Python"
ML/AI Engineer,Sydney,Other US,Senior,Hybrid,144000.0,178877.0,"Python, C++, Julia"
Other Tech Role,Sydney,Other US,Senior,Hybrid,145000.0,180380.0,"Python, R, C++"
Other Tech Role,Sydney,Other US,Senior,Hybrid,153000.0,180380.0,"C++, Python"
Data Engineer,Sydney,Other US,Senior,Hybrid,151500.0,174421.0,"Bash, Go, Java, Python"
Other Tech Role,Sydney,Other US,Senior,Hybrid,156500.0,180380.0,"Scala, SQL, Python"
ML/AI Engineer,Sydney,Other US,Senior,On-site,163000.0,184620.0,"Scala, Python"
ML/AI Engineer,Sydney,Other US,Senior,On-site,165500.0,184620.0,"R, Bash, Scala, Python"
Other Tech Role,Sydney,Other US,Senior,Hybrid,141500.0,180380.0,"Java, Scala, Python"
ML/AI Engineer,Sydney,Other US,Senior,Hybrid,150500.0,178877.0,Python
Other Tech Role,Sydney,Other US,Senior,Hybrid,157000.0,180380.0,"Bash, R, Python"
ML/AI Engineer,Sydney,Other US,Senior,Hybrid,162000.0,178877.0,"C++, Julia, Bash, Python"
Other Tech Role,Sydney,Other US,Senior,On-site,173500.0,187394.0,"Bash, Python"
ML/AI Engineer,Sydney,Other US,Senior,Hybrid,165000.0,178877.0,"SQL, Go, Python"
Other Tech Role,Sydney,Other US,Senior,Hybrid,147000.0,180380.0,"Bash, Python"
Other Tech Role,Sydney,Other US,Senior,On-site,145500.0,187394.0,"Java, Bash, Python"
ML/AI Engineer,Sydney,Other US,Senior,On-site,141500.0,184620.0,Python
Other Tech Role,Sydney,Other US,Senior,On-site,168500.0,187394.0,C++
Other Tech Role,Sydney,Other US,Senior,Hybrid,162000.0,180380.0,"R, Python"
Other Tech Role,Sydney,Other US,Senior,Hybrid,156500.0,180380.0,"Java, Scala, Go, Python"
Data Scientist,Sydney,Other US,Senior,On-site,147000.0,178493.0,"Go, Python"
Data Scientist,Sydney,Other US,Senior,Hybrid,158500.0,180558.0,"Bash, Python"
Data Scientist,Sydney,Other US,Senior,Hybrid,167500.0,180558.0,"R, SQL, C++, Python"
ML/AI Engineer,Sydney,Other US,Senior,Hybrid,141500.0,178877.0,"C++, Go, Python"
ML/AI Engineer,Sydney,Other US,Senior,On-site,148000.0,184620.0,"Bash, Python, R"
ML/AI Engineer,Sydney,Other US,Senior,On-site,155500.0,184620.0,"SQL, Julia, Python"
ML/AI Engineer,Sydney,Other US,Senior,On-site,153000.0,184620.0,"Julia, Java, Scala, Python"
Other Tech Role,Sydney,Other US,Senior,Hybrid,160500.0,180380.0,"Julia, Python"
ML/AI Engineer,Sydney,Other US,Senior,Hybrid,164000.0,178877.0,"Bash, Go, Julia, Python"
ML/AI Engineer,Sydney,Other US,Senior,Hybrid,156000.0,178877.0,"R, Python"
Other Tech Role,Sydney,Other US,Senior,On-site,173000.0,187394.0,Python
Data Engineer,Sydney,Other US,Senior,On-site,146000.0,191216.0,"Julia, C++, Python"
ML/AI Engineer,Sydney,Other US,Senior,On-site,143500.0,184620.0,"Scala, C++, Python"
Other Tech Role,Sydney,Other US,Senior,On-site,146000.0,187394.0,"Go, SQL, Python"
ML/AI Engineer,Sydney,Other US,Senior,On-site,165000.0,184620.0,"SQL, Python"
ML/AI Engineer,Sydney,Other US,Senior,Hybrid,150500.0,178877.0,"Java, C++, R, Python"
ML/AI Engineer,Sydney,Other US,Senior,On-site,173500.0,184620.0,"Julia, Python"
ML/AI Engineer,Sydney,Other US,Senior,On-site,150500.0,184620.0,"R, C++, Python"
ML/AI Engineer,Sydney,Other US,Senior,Hybrid,146000.0,178877.0,"SQL, Julia, C++, Python"
ML/AI Engineer,Sydney,Other US,Senior,On-site,160000.0,184620.0,"Bash, Python"
ML/AI Engineer,Sydney,Other US,Senior,Hybrid,154000.0,178877.0,"Bash, R, C++, Python"
Other Tech Role,Sydney,Other US,Senior,On-site,162000.0,187394.0,"Scala, Python"
ML/AI Engineer,Sydney,Other US,Senior,On-site,152000.0,184620.0,"Scala, Python"
ML/AI Engineer,Sydney,Other US,Senior,Hybrid,147000.0,178877.0,"R, Python"
ML/AI Engineer,Sydney,Other US,Senior,On-site,161500.0,184620.0,"Julia, Bash, Java, Python"
ML/AI Engineer,Sydney,Other US,Senior,On-site,163000.0,184620.0,"Go, R, Python"
Other Tech Role,Sydney,Other US,Senior,Hybrid,165500.0,180380.0,"Java, Python"
ML/AI Engineer,Sydney,Other US,Senior,Hybrid,153000.0,178877.0,"Python, Scala"
ML/AI Engineer,Sydney,Other US,Senior,Hybrid,153500.0,178877.0,"Go, Python"
ML/AI Engineer,Sydney,Other US,Senior,On-site,157000.0,184620.0,"C++, Python"
ML/AI Engineer,Sydney,Other US,Senior,Hybrid,157000.0,178877.0,"Julia, Python"
ML/AI Engineer,Sydney,Other US,Senior,On-site,148000.0,184620.0,"C++, Julia, Python"
ML/AI Engineer,Sydney,Other US,Senior,On-site,159500.0,184620.0,"Java, R, Go, Python"
Data Engineer,Sydney,Other US,Senior,Hybrid,150000.0,174421.0,"Bash, Scala, Python"
Other Tech Role,Sydney,Other US,Senior,Hybrid,146000.0,180380.0,"Bash, Java, Python"
ML/AI Engineer,Sydney,Other US,Senior,Hybrid,168000.0,178877.0,"Python, R, C++"
ML/AI Engineer,Sydney,Other US,Senior,Hybrid,145500.0,178877.0,"Java, Python"
ML/AI Engineer,Sydney,Other US,Senior,On-site,144500.0,184620.0,"SQL, Julia, Python"
Other Tech Role,Sydney,Other US,Senior,Hybrid,155500.0,180380.0,"Python, C++, Go"
Other Tech Role,Sydney,Other US,Senior,Hybrid,152500.0,180380.0,"C++, Go, Python"
Other Tech Role,Sydney,Other US,Senior,On-site,165000.0,187394.0,"Go, Java, R, Python"
Other Tech Role,Sydney,Other US,Senior,Hybrid,148500.0,180380.0,"Python, Scala"
ML/AI Engineer,Sydney,Other US,Senior,Hybrid,152500.0,178877.0,"SQL, Go, Julia, Python"
ML/AI Engineer,Sydney,Other US,Senior,Hybrid,143000.0,178877.0,"SQL, Python"
Other Tech Role,Sydney,Other US,Senior,Hybrid,170500.0,180380.0,"Bash, Python"
ML/AI Engineer,Sydney,Other US,Senior,Hybrid,155000.0,178877.0,"R, Python"
Data Engineer,Sydney,Other US,Senior,On-site,154500.0,191216.0,"C++, R, Java, Python"
Data Engineer,Sydney,Other US,Senior,Hybrid,146500.0,174421.0,"R, Python"
ML/AI Engineer,Sydney,Other US,Senior,Hybrid,157000.0,178877.0,"C++, Python"
ML/AI Engineer,Sydney,Other US,Senior,Hybrid,142000.0,178877.0,"SQL, R, Go, Python"
ML/AI Engineer,Sydney,Other US,Senior,On-site,148500.0,184620.0,"Julia, Python, C++"
Other Tech Role,Sydney,Other US,Senior,Hybrid,157000.0,180380.0,"Go, C++, Scala, Python"
ML/AI Engineer,Sydney,Other US,Senior,Hybrid,145500.0,178877.0,"Scala, R, Bash, Python"
ML/AI Engineer,Sydney,Other US,Senior,Hybrid,167000.0,178877.0,"R, Python"
ML/AI Engineer,Sydney,Other US,Senior,Hybrid,169000.0,178877.0,"Java, C++, Python"
Data Scientist,Sydney,Other US,Senior,Hybrid,159000.0,180558.0,Python
Other Tech Role,Sydney,Other US,Senior,Hybrid,151000.0,180380.0,"R, Julia, C++, Python"
ML/AI Engineer,Sydney,Other US,Senior,Hybrid,148500.0,178877.0,"Scala, Python"
Other Tech Role,Sydney,Other US,Senior,Hybrid,147000.0,180380.0,"C++, Go, Python"
Other Tech Role,Sydney,Other US,Senior,On-site,142500.0,187394.0,"Java, Julia, Python"
ML/AI Engineer,Sydney,Other US,Senior,On-site,169500.0,184620.0,"Julia, Java, Python"
ML/AI Engineer,Sydney,Other US,Senior,On-site,160500.0,184620.0,"R, Python"
Other Tech Role,Sydney,Other US,Senior,On-site,159000.0,187394.0,"SQL, Bash, Python"
Other Tech Role,Sydney,Other US,Senior,Hybrid,159500.0,180380.0,"Julia, Python"
ML/AI Engineer,Sydney,Other US,Senior,On-site,163500.0,184620.0,"Java, Python, Scala"
Other Tech Role,Sydney,Other US,Senior,On-site,156000.0,187394.0,"C++, Julia, Bash"
Other Tech Role,Sydney,Other US,Senior,Hybrid,145000.0,180380.0,"C++, Go, Python"
ML/AI Engineer,Sydney,Other US,Senior,Hybrid,152000.0,178877.0,"C++, SQL, Go, Python"
ML/AI Engineer,Sydney,Other US,Senior,On-site,157500.0,184620.0,"C++, Scala, Python"
Other Tech Role,Sydney,Other US,Senior,On-site,164500.0,187394.0,"R, Python"
Other Tech Role,Sydney,Other US,Senior,On-site,148500.0,187394.0,"Go, Python, Scala"
Other Tech Role,Sydney,Other US,Senior,On-site,173000.0,187394.0,"C++, Julia, Go, Python"
ML/AI Engineer,Sydney,Other US,Senior,Hybrid,143500.0,178877.0,"Scala, Bash"
Data Scientist,Sydney,Other US,Senior,On-site,149500.0,178493.0,"Java, Python"
Other Tech Role,Sydney,Other US,Senior,On-site,160000.0,187394.0,"SQL, Julia, Bash, Python"
Other Tech Role,Sydney,Other US,Senior,Hybrid,164500.0,180380.0,"Bash, Python"
Other Tech Role,Sydney,Other US,Senior,On-site,169000.0,187394.0,"R, Python"
ML/AI Engineer,Sydney,Other US,Senior,Hybrid,167000.0,178877.0,Python
Other Tech Role,Sydney,Other US,Senior,Hybrid,149500.0,180380.0,"Go, Python"
Other Tech Role,Sydney,Other US,Senior,On-site,165000.0,187394.0,"SQL, Python, Go"
ML/AI Engineer,Sydney,Other US,Senior,Hybrid,163500.0,178877.0,"Scala, Bash, Python"
Other Tech Role,Sydney,Other US,Senior,On-site,151000.0,187394.0,"Bash, Python"
Other Tech Role,Sydney,Other US,Senior,Hybrid,156000.0,180380.0,"R, Python"
ML/AI Engineer,Sydney,Other US,Senior,On-site,158500.0,184620.0,"R, Scala, Julia, Python"
ML/AI Engineer,Sydney,Other US,Senior,Hybrid,145000.0,178877.0,"R, Python"
Other Tech Role,Sydney,Other US,Senior,On-site,161500.0,187394.0,"Python, Scala"
ML/AI Engineer,Sydney,Other US,Senior,On-site,141500.0,184620.0,"Go, SQL, Python"
Other Tech Role,Sydney,Other US,Senior,On-site,149500.0,187394.0,"Julia, Python, C++"
Other Tech Role,Sydney,Other US,Senior,Hybrid,164000.0,180380.0,"C++, Python"
Data Scientist,Sydney,Other US,Senior,Hybrid,167000.0,180558.0,"Julia, SQL"
Other Tech Role,Sydney,Other US,Senior,Hybrid,147500.0,180380.0,"Python, Bash"
ML/AI Engineer,Sydney,Other US,Senior,Hybrid,150500.0,178877.0,"Julia, Python"
Other Tech Role,Sydney,Other US,Senior,Hybrid,166500.0,180380.0,"Java, Python, SQL"
Other Tech Role,Sydney,Other US,Senior,On-site,150000.0,187394.0,"Bash, C++, SQL, Python"
ML/AI Engineer,Sydney,Other US,Senior,Hybrid,166000.0,178877.0,"C++, Bash, Python"
Other Tech Role,Sydney,Other US,Senior,Hybrid,153500.0,180380.0,"SQL, Java, Python"
Other Tech Role,Sydney,Other US,Senior,Hybrid,161000.0,180380.0,"R, Scala, Go, Python"
Other Tech Role,Sydney,Other US,Senior,Hybrid,158500.0,180380.0,"Java, Bash, SQL, Python"
ML/AI Engineer,Sydney,Other US,Senior,Hybrid,166000.0,178877.0,"SQL, Python"
ML/AI Engineer,Sydney,Other US,Senior,Hybrid,154500.0,178877.0,"Bash, Java, Python"
Other Tech Role,Sydney,Other US,Senior,Hybrid,163500.0,180380.0,"Bash, Python"
Other Tech Role,Sydney,Other US,Senior,Hybrid,152500.0,180380.0,"Scala, Python"
Other Tech Role,Sydney,Other US,Senior,Hybrid,147000.0,180380.0,"Scala, C++, Python"
Other Tech Role,Sydney,Other US,Senior,Hybrid,168000.0,180380.0,"R, Python"
ML/AI Engineer,Sydney,Other US,Senior,Hybrid,151500.0,178877.0,"Go, Bash, Python"
Other Tech Role,Sydney,Other US,Senior,On-site,163500.0,187394.0,"R, Bash, Go, Python"
Other Tech Role,Sydney,Other US,Senior,Hybrid,142500.0,180380.0,"SQL, Go"
Other Tech Role,Sydney,Other US,Senior,On-site,150500.0,187394.0,"R, Python"
Other Tech Role,Sydney,Other US,Senior,On-site,158000.0,187394.0,"Python, Bash, SQL"
ML/AI Engineer,Sydney,Other US,Senior,On-site,165500.0,184620.0,"SQL, Python, Java"
ML/AI Engineer,Sydney,Other US,Senior,Hybrid,164000.0,178877.0,"Java, Python"
ML/AI Engineer,Sydney,Other US,Senior,On-site,158500.0,184620.0,"C++, Python"
Data Scientist,Sydney,Other US,Senior,On-site,166000.0,178493.0,"Java, Python"
Other Tech Role,Sydney,Other US,Senior,Hybrid,148000.0,180380.0,"Java, R"
Other Tech Role,Sydney,Other US,Senior,On-site,157000.0,187394.0,"Scala, Java, Python"
Other Tech Role,Sydney,Other US,Senior,Hybrid,162500.0,180380.0,"R, Python"
Other Tech Role,Sydney,Other US,Senior,Hybrid,146500.0,180380.0,"Java, Go, Python"
ML/AI Engineer,Sydney,Other US,Senior,Hybrid,166000.0,178877.0,"SQL, Python"
Other Tech Role,Sydney,Other US,Senior,Hybrid,153000.0,180380.0,Python
Data Engineer,Sydney,Other US,Senior,Hybrid,151500.0,174421.0,"Go, Bash, C++, Python"
ML/AI Engineer,Sydney,Other US,Senior,Hybrid,156000.0,178877.0,Python
Other Tech Role,Sydney,Other US,Senior,On-site,155500.0,187394.0,"Go, Python"
ML/AI Engineer,Sydney,Other US,Senior,Hybrid,170000.0,178877.0,"R, Bash, Python"
Other Tech Role,Sydney,Other US,Senior,Hybrid,154000.0,180380.0,"Java, Julia, Python"
Other Tech Role,Sydney,Other US,Senior,Hybrid,164000.0,180380.0,"Go, Java, Python"
Other Tech Role,Sydney,Other US,Senior,Hybrid,152500.0,180380.0,"SQL, Python"
ML/AI Engineer,Sydney,Other US,Senior,Hybrid,161000.0,178877.0,"R, Python"
ML/AI Engineer,Sydney,Other US,Senior,Hybrid,149000.0,178877.0,"Scala, Java, Go, Python"
Data Scientist,Sydney,Other US,Senior,On-site,144500.0,178493.0,"R, Java, Julia, Python"
Other Tech Role,Sydney,Other US,Senior,Hybrid,170000.0,180380.0,"Java, R, Python"
ML/AI Engineer,Sydney,Other US,Senior,Hybrid,153500.0,178877.0,"Java, SQL, Scala, Python"
ML/AI Engineer,Sydney,Other US,Senior,Hybrid,167000.0,178877.0,"Python, Julia"
Other Tech Role,Sydney,Other US,Senior,Hybrid,146500.0,180380.0,"C++, Bash, Julia, Python"
Other Tech Role,Sydney,Other US,Senior,On-site,143000.0,187394.0,"SQL, Go, Python"
Other Tech Role,Sydney,Other US,Senior,Hybrid,160500.0,180380.0,"Bash, Python"
ML/AI Engineer,Sydney,Other US,Senior,Hybrid,161500.0,178877.0,"Julia, Python"
Other Tech Role,Sydney,Other US,Senior,Hybrid,140000.0,180380.0,"Julia, C++, Python"
Other Tech Role,Sydney,Other US,Senior,Hybrid,144000.0,180380.0,"C++, SQL, R, Python"
Other Tech Role,Sydney,Other US,Senior,Hybrid,154500.0,180380.0,"Scala, C++, Python"
Other Tech Role,Sydney,Other US,Senior,Hybrid,163500.0,180380.0,"Python, Java, R"
Data Engineer,Sydney,Other US,Senior,Hybrid,160500.0,174421.0,"Go, C++, Python"
ML/AI Engineer,Sydney,Other US,Senior,On-site,155500.0,184620.0,"Bash, Python"
ML/AI Engineer,Sydney,Other US,Senior,Hybrid,159500.0,178877.0,"R, Python"
ML/AI Engineer,Sydney,Other US,Senior,Hybrid,143000.0,178877.0,"Go, Python"
Other Tech Role,Sydney,Other US,Senior,On-site,165500.0,187394.0,Python
ML/AI Engineer,Sydney,Other US,Senior,Hybrid,160500.0,178877.0,"Python, C++"
ML/AI Engineer,Sydney,Other US,Senior,Hybrid,168000.0,178877.0,"Python, SQL, Scala"
Other Tech Role,Sydney,Other US,Senior,Hybrid,158000.0,180380.0,"Python, Bash"
Other Tech Role,Sydney,Other US,Senior,On-site,162500.0,187394.0,"C++, Python"
ML/AI Engineer,Sydney,Other US,Senior,On-site,158500.0,184620.0,"Java, Go, Julia, Python"
Other Tech Role,Sydney,Other US,Senior,On-site,159000.0,187394.0,"Java, Python"
Other Tech Role,Sydney,Other US,Senior,On-site,161000.0,187394.0,"R, Python"
Other Tech Role,Sydney,Other US,Senior,On-site,156500.0,187394.0,"Python, R"
Other Tech Role,Sydney,Other US,Senior,Hybrid,155500.0,180380.0,"C++, Bash"
